[debug] [2026-06-23T03:52:11.175Z] ----------------------------------------------------------------------
[debug] [2026-06-23T03:52:11.177Z] Command:       C:\Program Files\nodejs\node.exe C:\Users\OSA\AppData\Roaming\npm\node_modules\firebase-tools\lib\bin\firebase.js deploy --only hosting --debug
[debug] [2026-06-23T03:52:11.178Z] CLI Version:   15.22.1
[debug] [2026-06-23T03:52:11.178Z] Platform:      win32
[debug] [2026-06-23T03:52:11.178Z] Node Version:  v24.14.0
[debug] [2026-06-23T03:52:11.178Z] Detected Agent: unknown
[debug] [2026-06-23T03:52:11.178Z] Time:          Tue Jun 23 2026 10:52:11 GMT+0700 (Western Indonesia Time)
[debug] [2026-06-23T03:52:11.178Z] ----------------------------------------------------------------------
[debug] 
[debug] [2026-06-23T03:52:14.013Z] > command requires scopes: ["email","openid","https://www.googleapis.com/auth/cloudplatformprojects.readonly","https://www.googleapis.com/auth/firebase","https://www.googleapis.com/auth/cloud-platform"]
[debug] [2026-06-23T03:52:14.015Z] > authorizing via signed-in user (birgitacleosa2410@gmail.com)
[debug] [2026-06-23T03:52:14.015Z] [iam] checking project abdominalgym-ec32f for permissions ["firebase.projects.get","firebasehosting.sites.update"]
[debug] [2026-06-23T03:52:14.018Z] Checked if tokens are valid: true, expires at: 1782188904082
[debug] [2026-06-23T03:52:14.018Z] Checked if tokens are valid: true, expires at: 1782188904082
[debug] [2026-06-23T03:52:14.019Z] >>> [apiv2][query] POST https://cloudresourcemanager.googleapis.com/v1/projects/abdominalgym-ec32f:testIamPermissions [none]
[debug] [2026-06-23T03:52:14.020Z] >>> [apiv2][(partial)header] POST https://cloudresourcemanager.googleapis.com/v1/projects/abdominalgym-ec32f:testIamPermissions  x-goog-user-project=abdominalgym-ec32f
[debug] [2026-06-23T03:52:14.020Z] >>> [apiv2][body] POST https://cloudresourcemanager.googleapis.com/v1/projects/abdominalgym-ec32f:testIamPermissions {"permissions":["firebase.projects.get","firebasehosting.sites.update"]}
[debug] [2026-06-23T03:52:14.428Z] <<< [apiv2][status] POST https://cloudresourcemanager.googleapis.com/v1/projects/abdominalgym-ec32f:testIamPermissions 200
[debug] [2026-06-23T03:52:14.428Z] <<< [apiv2][body] POST https://cloudresourcemanager.googleapis.com/v1/projects/abdominalgym-ec32f:testIamPermissions {"permissions":["firebase.projects.get","firebasehosting.sites.update"]}
[debug] [2026-06-23T03:52:14.428Z] Checked if tokens are valid: true, expires at: 1782188904082
[debug] [2026-06-23T03:52:14.429Z] Checked if tokens are valid: true, expires at: 1782188904082
[debug] [2026-06-23T03:52:14.429Z] >>> [apiv2][query] GET https://firebase.googleapis.com/v1beta1/projects/abdominalgym-ec32f [none]
[debug] [2026-06-23T03:52:14.867Z] <<< [apiv2][status] GET https://firebase.googleapis.com/v1beta1/projects/abdominalgym-ec32f 200
[debug] [2026-06-23T03:52:14.868Z] <<< [apiv2][body] GET https://firebase.googleapis.com/v1beta1/projects/abdominalgym-ec32f {"projectId":"abdominalgym-ec32f","projectNumber":"776059583001","displayName":"abdominalgym","name":"projects/abdominalgym-ec32f","resources":{"hostingSite":"abdominalgym-ec32f"},"state":"ACTIVE","etag":"1_d6734deb-f7fc-488c-bba3-0671f06e31e3"}
[info] 
[info] === Deploying to 'abdominalgym-ec32f'...
[info] 
[info] i  deploying hosting 
[debug] [2026-06-23T03:52:14.872Z] Checked if tokens are valid: true, expires at: 1782188904082
[debug] [2026-06-23T03:52:14.872Z] Checked if tokens are valid: true, expires at: 1782188904082
[debug] [2026-06-23T03:52:14.872Z] >>> [apiv2][query] GET https://firebasehosting.googleapis.com/v1beta1/projects/abdominalgym-ec32f/sites/abdominalgym-kudus-gym [none]
[debug] [2026-06-23T03:52:15.884Z] <<< [apiv2][status] GET https://firebasehosting.googleapis.com/v1beta1/projects/abdominalgym-ec32f/sites/abdominalgym-kudus-gym 200
[debug] [2026-06-23T03:52:15.884Z] <<< [apiv2][body] GET https://firebasehosting.googleapis.com/v1beta1/projects/abdominalgym-ec32f/sites/abdominalgym-kudus-gym {"name":"projects/abdominalgym-ec32f/sites/abdominalgym-kudus-gym","defaultUrl":"https://abdominalgym-kudus-gym.web.app","type":"USER_SITE"}
[debug] [2026-06-23T03:52:15.886Z] Checked if tokens are valid: true, expires at: 1782188904082
[debug] [2026-06-23T03:52:15.887Z] Checked if tokens are valid: true, expires at: 1782188904082
[debug] [2026-06-23T03:52:15.887Z] >>> [apiv2][query] POST https://firebasehosting.googleapis.com/v1beta1/projects/-/sites/abdominalgym-kudus-gym/versions [none]
[debug] [2026-06-23T03:52:15.888Z] >>> [apiv2][body] POST https://firebasehosting.googleapis.com/v1beta1/projects/-/sites/abdominalgym-kudus-gym/versions {"status":"CREATED","labels":{"deployment-tool":"cli-firebase"}}
[debug] [2026-06-23T03:52:17.043Z] <<< [apiv2][status] POST https://firebasehosting.googleapis.com/v1beta1/projects/-/sites/abdominalgym-kudus-gym/versions 200
[debug] [2026-06-23T03:52:17.043Z] <<< [apiv2][body] POST https://firebasehosting.googleapis.com/v1beta1/projects/-/sites/abdominalgym-kudus-gym/versions {"name":"projects/776059583001/sites/abdominalgym-kudus-gym/versions/76351787d5059d4e","status":"CREATED","config":{},"labels":{"deployment-tool":"cli-firebase"}}
[info] i  hosting[abdominalgym-kudus-gym]: beginning deploy... 
[info] i  hosting[abdominalgym-kudus-gym]: found 32 files in dist 
[debug] [2026-06-23T03:52:17.056Z] [hosting] uploading with 200 concurrency
[debug] [2026-06-23T03:52:17.063Z] Checked if tokens are valid: true, expires at: 1782188904082
[debug] [2026-06-23T03:52:17.063Z] Checked if tokens are valid: true, expires at: 1782188904082
[debug] [2026-06-23T03:52:17.065Z] [hosting] hash cache [ZGlzdA] stored for 32 files
[debug] [2026-06-23T03:52:17.065Z] [hosting][hash queue][FINAL] {"max":3,"min":0,"avg":0,"active":0,"complete":32,"success":32,"errored":0,"retried":0,"total":32,"elapsed":5}
[debug] [2026-06-23T03:52:17.066Z] >>> [apiv2][query] POST https://firebasehosting.googleapis.com/v1beta1/projects/776059583001/sites/abdominalgym-kudus-gym/versions/76351787d5059d4e:populateFiles [none]
[debug] [2026-06-23T03:52:17.067Z] >>> [apiv2][body] POST https://firebasehosting.googleapis.com/v1beta1/projects/776059583001/sites/abdominalgym-kudus-gym/versions/76351787d5059d4e:populateFiles {"files":{"/qris.jpg":"631ea99257965aed43bd85914e120f9c5555d10abdfc6737df92882af809f42c","/logogym.png":"c85c19c20d90280b4475e44bd02e10280c1de4bc1c07c0867921d7a60569d397","/index.html":"0d99180d0b4d38e15b7ffe555bd55c1cf468a9053bfbf37954270fe35c4a6497","/gym7.jpg":"42276209c0b88b4ae552be93d2a697fa81928d35d062ce26b33130209c1e1ff3","/gym6.jpg":"fcb810e97de55afb76eefa4cde7b03d09ac68a688c78f7f84dd49da977609e48","/gym5.jpg":"7067416c934cc31e25a462a6e57e34672bc93ca3f99b52ab116b6af738ae0b37","/gym4.jpg":"a30210f988be80c1ce0d06b77cc5876681b55504140e8264b71ff8ba23650ca6","/gym3.jpg":"cd823841744c5237a745c9ef4bb848f33b5acfe4538e8b586f75bd3303c87378","/gym2.jpg":"341c109aa895156b791bb8201cce1459ec7af82a87a8827104c5471846b98b07","/gym1.jpg":"6576d8e3165cb75b7e188dcab075e61c32016ab24c437d91b161a76b47cb0885","/gym.png":"5700d88a1fce790fe5fcbb5c390a23d7d03161ce8117e507472d4caf773ba14c","/gallery/lt3-5.jpg":"9475af5e39a5f5310b7c27336f849dd0a29802c52e7d1fa4ca467e3dc04a1769","/gallery/lt3-4.jpg":"5eaad130f6219787be437a0443caa1a69d0873455741f08608950f4b580b389d","/gallery/lt3-3.jpg":"ecc3c87513dcea536cdfc96a69710e25e0554f435d90da4d92ed842e93702a40","/gallery/lt3-2.jpg":"3411da01c4b5dcd8d9de3b4847a8f7c1faff3fac7226bd57ca64fd92f7226390","/gallery/lt3-1.jpg":"8851292990bca1067429631a38294fa4f77cba19b1b620811a90d7d8d69020eb","/gallery/lt2-9.jpg":"6affdc28c9ad14f56505c34b9e1d52481fd30a9062674b162ba748e1bfa6cbac","/gallery/lt2-8.jpg":"a05e499a6e05f130ec3a57578dcadb99afdb5cd827eb71a701539e553d0591eb","/gallery/lt2-7.jpg":"284a56e45c38a4b5a993231a454082668783703d121128d1e7dc44314f04f818","/gallery/lt2-6.jpg":"3995d0884196221bd0378ca3e230c1047b7ea1fe101b20af8e310ab5a1635db6","/gallery/lt2-5.jpg":"9d9f5273d5be74ecbf10dd7baacf972b3e7979bb55626b00552d141bec1dfb49","/gallery/lt2-4.jpg":"06781417b22f9c1a46be600625c39d5192f67709c479929f013338dcc42bc32c","/gallery/lt2-3.jpg":"98f96eca8a691ebb1da749e9ad88dcae4b387737b8520a3e2f733443ab962109","/gallery/lt2-2.jpg":"79d793e4d22a374810db05418b5135b1e4047959add669a7e2ef05bbd483c810","/gallery/lt2-1.jpg":"ec5f6992264357f3f447072228c0a1e8e93eae7701e7c80a2e2f80fd4e9308b9","/gallery/lt1-5.jpg":"d38a16bc5580d7df7887db6845a0c90aa78c60305977c3df93b3101601421bad","/gallery/lt1-4.jpg":"bac394ab350b24de85590acd9cf1fbac4faf771357b011905e11efdad0bd12df","/gallery/lt1-3.jpg":"4e0760e627ea2688ba45eef7069d55118092d553d1dff2e241b8d1f98d3286d7","/gallery/lt1-2.jpg":"b612ab29deea1a7a2209921a8f5188a77f996aa2088cdf89bfd0cd4b26d1f916","/gallery/lt1-1.jpg":"d5a5098a897f5e5ee6a3d98b20c4d2e82f762a3d8cca902ba5a52bc912ed611c","/assets/index-DkJof3id.js":"14886564b7ee46cb5c916855f5e37177c346f06d62fe925d61e25593e4df2d83","/assets/index-BaIFvRX-.css":"f614af7fc281e46f695299dfcae6aa5fe58fedbd9635288b39c7b0679321009e"}}
[debug] [2026-06-23T03:52:18.038Z] <<< [apiv2][status] POST https://firebasehosting.googleapis.com/v1beta1/projects/776059583001/sites/abdominalgym-kudus-gym/versions/76351787d5059d4e:populateFiles 200
[debug] [2026-06-23T03:52:18.039Z] <<< [apiv2][body] POST https://firebasehosting.googleapis.com/v1beta1/projects/776059583001/sites/abdominalgym-kudus-gym/versions/76351787d5059d4e:populateFiles {"uploadRequiredHashes":["a05e499a6e05f130ec3a57578dcadb99afdb5cd827eb71a701539e553d0591eb","284a56e45c38a4b5a993231a454082668783703d121128d1e7dc44314f04f818","6affdc28c9ad14f56505c34b9e1d52481fd30a9062674b162ba748e1bfa6cbac","42276209c0b88b4ae552be93d2a697fa81928d35d062ce26b33130209c1e1ff3","7067416c934cc31e25a462a6e57e34672bc93ca3f99b52ab116b6af738ae0b37","3411da01c4b5dcd8d9de3b4847a8f7c1faff3fac7226bd57ca64fd92f7226390","4e0760e627ea2688ba45eef7069d55118092d553d1dff2e241b8d1f98d3286d7","ecc3c87513dcea536cdfc96a69710e25e0554f435d90da4d92ed842e93702a40","79d793e4d22a374810db05418b5135b1e4047959add669a7e2ef05bbd483c810","d38a16bc5580d7df7887db6845a0c90aa78c60305977c3df93b3101601421bad","fcb810e97de55afb76eefa4cde7b03d09ac68a688c78f7f84dd49da977609e48","8851292990bca1067429631a38294fa4f77cba19b1b620811a90d7d8d69020eb","bac394ab350b24de85590acd9cf1fbac4faf771357b011905e11efdad0bd12df","b612ab29deea1a7a2209921a8f5188a77f996aa2088cdf89bfd0cd4b26d1f916","06781417b22f9c1a46be600625c39d5192f67709c479929f013338dcc42bc32c","5eaad130f6219787be437a0443caa1a69d0873455741f08608950f4b580b389d","98f96eca8a691ebb1da749e9ad88dcae4b387737b8520a3e2f733443ab962109","cd823841744c5237a745c9ef4bb848f33b5acfe4538e8b586f75bd3303c87378","9d9f5273d5be74ecbf10dd7baacf972b3e7979bb55626b00552d141bec1dfb49","9475af5e39a5f5310b7c27336f849dd0a29802c52e7d1fa4ca467e3dc04a1769","6576d8e3165cb75b7e188dcab075e61c32016ab24c437d91b161a76b47cb0885","ec5f6992264357f3f447072228c0a1e8e93eae7701e7c80a2e2f80fd4e9308b9","a30210f988be80c1ce0d06b77cc5876681b55504140e8264b71ff8ba23650ca6","5700d88a1fce790fe5fcbb5c390a23d7d03161ce8117e507472d4caf773ba14c"],"uploadUrl":"https://upload-firebasehosting.googleapis.com/upload/sites/abdominalgym-kudus-gym/versions/76351787d5059d4e/files"}
[debug] [2026-06-23T03:52:18.039Z] Checked if tokens are valid: true, expires at: 1782188904082
[debug] [2026-06-23T03:52:18.040Z] Checked if tokens are valid: true, expires at: 1782188904082
[debug] [2026-06-23T03:52:18.040Z] Checked if tokens are valid: true, expires at: 1782188904082
[debug] [2026-06-23T03:52:18.040Z] Checked if tokens are valid: true, expires at: 1782188904082
[debug] [2026-06-23T03:52:18.041Z] Checked if tokens are valid: true, expires at: 1782188904082
[debug] [2026-06-23T03:52:18.041Z] Checked if tokens are valid: true, expires at: 1782188904082
[debug] [2026-06-23T03:52:18.041Z] Checked if tokens are valid: true, expires at: 1782188904082
[debug] [2026-06-23T03:52:18.041Z] Checked if tokens are valid: true, expires at: 1782188904082
[debug] [2026-06-23T03:52:18.042Z] Checked if tokens are valid: true, expires at: 1782188904082
[debug] [2026-06-23T03:52:18.042Z] Checked if tokens are valid: true, expires at: 1782188904082
[debug] [2026-06-23T03:52:18.042Z] Checked if tokens are valid: true, expires at: 1782188904082
[debug] [2026-06-23T03:52:18.042Z] Checked if tokens are valid: true, expires at: 1782188904082
[debug] [2026-06-23T03:52:18.042Z] Checked if tokens are valid: true, expires at: 1782188904082
[debug] [2026-06-23T03:52:18.042Z] Checked if tokens are valid: true, expires at: 1782188904082
[debug] [2026-06-23T03:52:18.043Z] Checked if tokens are valid: true, expires at: 1782188904082
[debug] [2026-06-23T03:52:18.043Z] Checked if tokens are valid: true, expires at: 1782188904082
[debug] [2026-06-23T03:52:18.043Z] Checked if tokens are valid: true, expires at: 1782188904082
[debug] [2026-06-23T03:52:18.043Z] Checked if tokens are valid: true, expires at: 1782188904082
[debug] [2026-06-23T03:52:18.044Z] Checked if tokens are valid: true, expires at: 1782188904082
[debug] [2026-06-23T03:52:18.044Z] Checked if tokens are valid: true, expires at: 1782188904082
[debug] [2026-06-23T03:52:18.044Z] Checked if tokens are valid: true, expires at: 1782188904082
[debug] [2026-06-23T03:52:18.045Z] Checked if tokens are valid: true, expires at: 1782188904082
[debug] [2026-06-23T03:52:18.045Z] Checked if tokens are valid: true, expires at: 1782188904082
[debug] [2026-06-23T03:52:18.045Z] Checked if tokens are valid: true, expires at: 1782188904082
[debug] [2026-06-23T03:52:18.046Z] Checked if tokens are valid: true, expires at: 1782188904082
[debug] [2026-06-23T03:52:18.046Z] Checked if tokens are valid: true, expires at: 1782188904082
[debug] [2026-06-23T03:52:18.046Z] Checked if tokens are valid: true, expires at: 1782188904082
[debug] [2026-06-23T03:52:18.046Z] Checked if tokens are valid: true, expires at: 1782188904082
[debug] [2026-06-23T03:52:18.046Z] Checked if tokens are valid: true, expires at: 1782188904082
[debug] [2026-06-23T03:52:18.046Z] Checked if tokens are valid: true, expires at: 1782188904082
[debug] [2026-06-23T03:52:18.047Z] Checked if tokens are valid: true, expires at: 1782188904082
[debug] [2026-06-23T03:52:18.047Z] Checked if tokens are valid: true, expires at: 1782188904082
[debug] [2026-06-23T03:52:18.048Z] Checked if tokens are valid: true, expires at: 1782188904082
[debug] [2026-06-23T03:52:18.048Z] Checked if tokens are valid: true, expires at: 1782188904082
[debug] [2026-06-23T03:52:18.049Z] Checked if tokens are valid: true, expires at: 1782188904082
[debug] [2026-06-23T03:52:18.049Z] Checked if tokens are valid: true, expires at: 1782188904082
[debug] [2026-06-23T03:52:18.050Z] Checked if tokens are valid: true, expires at: 1782188904082
[debug] [2026-06-23T03:52:18.050Z] Checked if tokens are valid: true, expires at: 1782188904082
[debug] [2026-06-23T03:52:18.051Z] Checked if tokens are valid: true, expires at: 1782188904082
[debug] [2026-06-23T03:52:18.051Z] Checked if tokens are valid: true, expires at: 1782188904082
[debug] [2026-06-23T03:52:18.052Z] Checked if tokens are valid: true, expires at: 1782188904082
[debug] [2026-06-23T03:52:18.052Z] Checked if tokens are valid: true, expires at: 1782188904082
[debug] [2026-06-23T03:52:18.052Z] Checked if tokens are valid: true, expires at: 1782188904082
[debug] [2026-06-23T03:52:18.052Z] Checked if tokens are valid: true, expires at: 1782188904082
[debug] [2026-06-23T03:52:18.053Z] Checked if tokens are valid: true, expires at: 1782188904082
[debug] [2026-06-23T03:52:18.053Z] Checked if tokens are valid: true, expires at: 1782188904082
[debug] [2026-06-23T03:52:18.053Z] Checked if tokens are valid: true, expires at: 1782188904082
[debug] [2026-06-23T03:52:18.053Z] Checked if tokens are valid: true, expires at: 1782188904082
[debug] [2026-06-23T03:52:18.054Z] >>> [apiv2][query] POST https://upload-firebasehosting.googleapis.com/upload/sites/abdominalgym-kudus-gym/versions/76351787d5059d4e/files/a05e499a6e05f130ec3a57578dcadb99afdb5cd827eb71a701539e553d0591eb [none]
[debug] [2026-06-23T03:52:18.054Z] >>> [apiv2][body] POST https://upload-firebasehosting.googleapis.com/upload/sites/abdominalgym-kudus-gym/versions/76351787d5059d4e/files/a05e499a6e05f130ec3a57578dcadb99afdb5cd827eb71a701539e553d0591eb [stream]
[debug] [2026-06-23T03:52:18.057Z] >>> [apiv2][query] POST https://upload-firebasehosting.googleapis.com/upload/sites/abdominalgym-kudus-gym/versions/76351787d5059d4e/files/284a56e45c38a4b5a993231a454082668783703d121128d1e7dc44314f04f818 [none]
[debug] [2026-06-23T03:52:18.058Z] >>> [apiv2][body] POST https://upload-firebasehosting.googleapis.com/upload/sites/abdominalgym-kudus-gym/versions/76351787d5059d4e/files/284a56e45c38a4b5a993231a454082668783703d121128d1e7dc44314f04f818 [stream]
[debug] [2026-06-23T03:52:18.060Z] >>> [apiv2][query] POST https://upload-firebasehosting.googleapis.com/upload/sites/abdominalgym-kudus-gym/versions/76351787d5059d4e/files/6affdc28c9ad14f56505c34b9e1d52481fd30a9062674b162ba748e1bfa6cbac [none]
[debug] [2026-06-23T03:52:18.060Z] >>> [apiv2][body] POST https://upload-firebasehosting.googleapis.com/upload/sites/abdominalgym-kudus-gym/versions/76351787d5059d4e/files/6affdc28c9ad14f56505c34b9e1d52481fd30a9062674b162ba748e1bfa6cbac [stream]
[debug] [2026-06-23T03:52:18.062Z] >>> [apiv2][query] POST https://upload-firebasehosting.googleapis.com/upload/sites/abdominalgym-kudus-gym/versions/76351787d5059d4e/files/42276209c0b88b4ae552be93d2a697fa81928d35d062ce26b33130209c1e1ff3 [none]
[debug] [2026-06-23T03:52:18.062Z] >>> [apiv2][body] POST https://upload-firebasehosting.googleapis.com/upload/sites/abdominalgym-kudus-gym/versions/76351787d5059d4e/files/42276209c0b88b4ae552be93d2a697fa81928d35d062ce26b33130209c1e1ff3 [stream]
[debug] [2026-06-23T03:52:18.065Z] >>> [apiv2][query] POST https://upload-firebasehosting.googleapis.com/upload/sites/abdominalgym-kudus-gym/versions/76351787d5059d4e/files/7067416c934cc31e25a462a6e57e34672bc93ca3f99b52ab116b6af738ae0b37 [none]
[debug] [2026-06-23T03:52:18.065Z] >>> [apiv2][body] POST https://upload-firebasehosting.googleapis.com/upload/sites/abdominalgym-kudus-gym/versions/76351787d5059d4e/files/7067416c934cc31e25a462a6e57e34672bc93ca3f99b52ab116b6af738ae0b37 [stream]
[debug] [2026-06-23T03:52:18.067Z] >>> [apiv2][query] POST https://upload-firebasehosting.googleapis.com/upload/sites/abdominalgym-kudus-gym/versions/76351787d5059d4e/files/3411da01c4b5dcd8d9de3b4847a8f7c1faff3fac7226bd57ca64fd92f7226390 [none]
[debug] [2026-06-23T03:52:18.068Z] >>> [apiv2][body] POST https://upload-firebasehosting.googleapis.com/upload/sites/abdominalgym-kudus-gym/versions/76351787d5059d4e/files/3411da01c4b5dcd8d9de3b4847a8f7c1faff3fac7226bd57ca64fd92f7226390 [stream]
[debug] [2026-06-23T03:52:18.071Z] >>> [apiv2][query] POST https://upload-firebasehosting.googleapis.com/upload/sites/abdominalgym-kudus-gym/versions/76351787d5059d4e/files/4e0760e627ea2688ba45eef7069d55118092d553d1dff2e241b8d1f98d3286d7 [none]
[debug] [2026-06-23T03:52:18.072Z] >>> [apiv2][body] POST https://upload-firebasehosting.googleapis.com/upload/sites/abdominalgym-kudus-gym/versions/76351787d5059d4e/files/4e0760e627ea2688ba45eef7069d55118092d553d1dff2e241b8d1f98d3286d7 [stream]
[debug] [2026-06-23T03:52:18.074Z] >>> [apiv2][query] POST https://upload-firebasehosting.googleapis.com/upload/sites/abdominalgym-kudus-gym/versions/76351787d5059d4e/files/ecc3c87513dcea536cdfc96a69710e25e0554f435d90da4d92ed842e93702a40 [none]
[debug] [2026-06-23T03:52:18.075Z] >>> [apiv2][body] POST https://upload-firebasehosting.googleapis.com/upload/sites/abdominalgym-kudus-gym/versions/76351787d5059d4e/files/ecc3c87513dcea536cdfc96a69710e25e0554f435d90da4d92ed842e93702a40 [stream]
[debug] [2026-06-23T03:52:18.077Z] >>> [apiv2][query] POST https://upload-firebasehosting.googleapis.com/upload/sites/abdominalgym-kudus-gym/versions/76351787d5059d4e/files/79d793e4d22a374810db05418b5135b1e4047959add669a7e2ef05bbd483c810 [none]
[debug] [2026-06-23T03:52:18.078Z] >>> [apiv2][body] POST https://upload-firebasehosting.googleapis.com/upload/sites/abdominalgym-kudus-gym/versions/76351787d5059d4e/files/79d793e4d22a374810db05418b5135b1e4047959add669a7e2ef05bbd483c810 [stream]
[debug] [2026-06-23T03:52:18.080Z] >>> [apiv2][query] POST https://upload-firebasehosting.googleapis.com/upload/sites/abdominalgym-kudus-gym/versions/76351787d5059d4e/files/d38a16bc5580d7df7887db6845a0c90aa78c60305977c3df93b3101601421bad [none]
[debug] [2026-06-23T03:52:18.081Z] >>> [apiv2][body] POST https://upload-firebasehosting.googleapis.com/upload/sites/abdominalgym-kudus-gym/versions/76351787d5059d4e/files/d38a16bc5580d7df7887db6845a0c90aa78c60305977c3df93b3101601421bad [stream]
[debug] [2026-06-23T03:52:18.083Z] >>> [apiv2][query] POST https://upload-firebasehosting.googleapis.com/upload/sites/abdominalgym-kudus-gym/versions/76351787d5059d4e/files/fcb810e97de55afb76eefa4cde7b03d09ac68a688c78f7f84dd49da977609e48 [none]
[debug] [2026-06-23T03:52:18.083Z] >>> [apiv2][body] POST https://upload-firebasehosting.googleapis.com/upload/sites/abdominalgym-kudus-gym/versions/76351787d5059d4e/files/fcb810e97de55afb76eefa4cde7b03d09ac68a688c78f7f84dd49da977609e48 [stream]
[debug] [2026-06-23T03:52:18.086Z] >>> [apiv2][query] POST https://upload-firebasehosting.googleapis.com/upload/sites/abdominalgym-kudus-gym/versions/76351787d5059d4e/files/8851292990bca1067429631a38294fa4f77cba19b1b620811a90d7d8d69020eb [none]
[debug] [2026-06-23T03:52:18.087Z] >>> [apiv2][body] POST https://upload-firebasehosting.googleapis.com/upload/sites/abdominalgym-kudus-gym/versions/76351787d5059d4e/files/8851292990bca1067429631a38294fa4f77cba19b1b620811a90d7d8d69020eb [stream]
[debug] [2026-06-23T03:52:18.088Z] >>> [apiv2][query] POST https://upload-firebasehosting.googleapis.com/upload/sites/abdominalgym-kudus-gym/versions/76351787d5059d4e/files/bac394ab350b24de85590acd9cf1fbac4faf771357b011905e11efdad0bd12df [none]
[debug] [2026-06-23T03:52:18.089Z] >>> [apiv2][body] POST https://upload-firebasehosting.googleapis.com/upload/sites/abdominalgym-kudus-gym/versions/76351787d5059d4e/files/bac394ab350b24de85590acd9cf1fbac4faf771357b011905e11efdad0bd12df [stream]
[debug] [2026-06-23T03:52:18.091Z] >>> [apiv2][query] POST https://upload-firebasehosting.googleapis.com/upload/sites/abdominalgym-kudus-gym/versions/76351787d5059d4e/files/b612ab29deea1a7a2209921a8f5188a77f996aa2088cdf89bfd0cd4b26d1f916 [none]
[debug] [2026-06-23T03:52:18.091Z] >>> [apiv2][body] POST https://upload-firebasehosting.googleapis.com/upload/sites/abdominalgym-kudus-gym/versions/76351787d5059d4e/files/b612ab29deea1a7a2209921a8f5188a77f996aa2088cdf89bfd0cd4b26d1f916 [stream]
[debug] [2026-06-23T03:52:18.094Z] >>> [apiv2][query] POST https://upload-firebasehosting.googleapis.com/upload/sites/abdominalgym-kudus-gym/versions/76351787d5059d4e/files/06781417b22f9c1a46be600625c39d5192f67709c479929f013338dcc42bc32c [none]
[debug] [2026-06-23T03:52:18.094Z] >>> [apiv2][body] POST https://upload-firebasehosting.googleapis.com/upload/sites/abdominalgym-kudus-gym/versions/76351787d5059d4e/files/06781417b22f9c1a46be600625c39d5192f67709c479929f013338dcc42bc32c [stream]
[debug] [2026-06-23T03:52:18.096Z] >>> [apiv2][query] POST https://upload-firebasehosting.googleapis.com/upload/sites/abdominalgym-kudus-gym/versions/76351787d5059d4e/files/5eaad130f6219787be437a0443caa1a69d0873455741f08608950f4b580b389d [none]
[debug] [2026-06-23T03:52:18.097Z] >>> [apiv2][body] POST https://upload-firebasehosting.googleapis.com/upload/sites/abdominalgym-kudus-gym/versions/76351787d5059d4e/files/5eaad130f6219787be437a0443caa1a69d0873455741f08608950f4b580b389d [stream]
[debug] [2026-06-23T03:52:18.100Z] >>> [apiv2][query] POST https://upload-firebasehosting.googleapis.com/upload/sites/abdominalgym-kudus-gym/versions/76351787d5059d4e/files/98f96eca8a691ebb1da749e9ad88dcae4b387737b8520a3e2f733443ab962109 [none]
[debug] [2026-06-23T03:52:18.100Z] >>> [apiv2][body] POST https://upload-firebasehosting.googleapis.com/upload/sites/abdominalgym-kudus-gym/versions/76351787d5059d4e/files/98f96eca8a691ebb1da749e9ad88dcae4b387737b8520a3e2f733443ab962109 [stream]
[debug] [2026-06-23T03:52:18.102Z] >>> [apiv2][query] POST https://upload-firebasehosting.googleapis.com/upload/sites/abdominalgym-kudus-gym/versions/76351787d5059d4e/files/cd823841744c5237a745c9ef4bb848f33b5acfe4538e8b586f75bd3303c87378 [none]
[debug] [2026-06-23T03:52:18.102Z] >>> [apiv2][body] POST https://upload-firebasehosting.googleapis.com/upload/sites/abdominalgym-kudus-gym/versions/76351787d5059d4e/files/cd823841744c5237a745c9ef4bb848f33b5acfe4538e8b586f75bd3303c87378 [stream]
[debug] [2026-06-23T03:52:18.104Z] >>> [apiv2][query] POST https://upload-firebasehosting.googleapis.com/upload/sites/abdominalgym-kudus-gym/versions/76351787d5059d4e/files/9d9f5273d5be74ecbf10dd7baacf972b3e7979bb55626b00552d141bec1dfb49 [none]
[debug] [2026-06-23T03:52:18.105Z] >>> [apiv2][body] POST https://upload-firebasehosting.googleapis.com/upload/sites/abdominalgym-kudus-gym/versions/76351787d5059d4e/files/9d9f5273d5be74ecbf10dd7baacf972b3e7979bb55626b00552d141bec1dfb49 [stream]
[debug] [2026-06-23T03:52:18.108Z] >>> [apiv2][query] POST https://upload-firebasehosting.googleapis.com/upload/sites/abdominalgym-kudus-gym/versions/76351787d5059d4e/files/9475af5e39a5f5310b7c27336f849dd0a29802c52e7d1fa4ca467e3dc04a1769 [none]
[debug] [2026-06-23T03:52:18.108Z] >>> [apiv2][body] POST https://upload-firebasehosting.googleapis.com/upload/sites/abdominalgym-kudus-gym/versions/76351787d5059d4e/files/9475af5e39a5f5310b7c27336f849dd0a29802c52e7d1fa4ca467e3dc04a1769 [stream]
[debug] [2026-06-23T03:52:18.110Z] >>> [apiv2][query] POST https://upload-firebasehosting.googleapis.com/upload/sites/abdominalgym-kudus-gym/versions/76351787d5059d4e/files/6576d8e3165cb75b7e188dcab075e61c32016ab24c437d91b161a76b47cb0885 [none]
[debug] [2026-06-23T03:52:18.111Z] >>> [apiv2][body] POST https://upload-firebasehosting.googleapis.com/upload/sites/abdominalgym-kudus-gym/versions/76351787d5059d4e/files/6576d8e3165cb75b7e188dcab075e61c32016ab24c437d91b161a76b47cb0885 [stream]
[debug] [2026-06-23T03:52:18.112Z] >>> [apiv2][query] POST https://upload-firebasehosting.googleapis.com/upload/sites/abdominalgym-kudus-gym/versions/76351787d5059d4e/files/ec5f6992264357f3f447072228c0a1e8e93eae7701e7c80a2e2f80fd4e9308b9 [none]
[debug] [2026-06-23T03:52:18.113Z] >>> [apiv2][body] POST https://upload-firebasehosting.googleapis.com/upload/sites/abdominalgym-kudus-gym/versions/76351787d5059d4e/files/ec5f6992264357f3f447072228c0a1e8e93eae7701e7c80a2e2f80fd4e9308b9 [stream]
[debug] [2026-06-23T03:52:18.116Z] >>> [apiv2][query] POST https://upload-firebasehosting.googleapis.com/upload/sites/abdominalgym-kudus-gym/versions/76351787d5059d4e/files/a30210f988be80c1ce0d06b77cc5876681b55504140e8264b71ff8ba23650ca6 [none]
[debug] [2026-06-23T03:52:18.116Z] >>> [apiv2][body] POST https://upload-firebasehosting.googleapis.com/upload/sites/abdominalgym-kudus-gym/versions/76351787d5059d4e/files/a30210f988be80c1ce0d06b77cc5876681b55504140e8264b71ff8ba23650ca6 [stream]
[debug] [2026-06-23T03:52:18.118Z] >>> [apiv2][query] POST https://upload-firebasehosting.googleapis.com/upload/sites/abdominalgym-kudus-gym/versions/76351787d5059d4e/files/5700d88a1fce790fe5fcbb5c390a23d7d03161ce8117e507472d4caf773ba14c [none]
[debug] [2026-06-23T03:52:18.118Z] >>> [apiv2][body] POST https://upload-firebasehosting.googleapis.com/upload/sites/abdominalgym-kudus-gym/versions/76351787d5059d4e/files/5700d88a1fce790fe5fcbb5c390a23d7d03161ce8117e507472d4caf773ba14c [stream]
[debug] [2026-06-23T03:52:18.122Z] [hosting][populate queue][FINAL] {"max":990,"min":990,"avg":990,"active":0,"complete":1,"success":1,"errored":0,"retried":0,"total":1,"elapsed":1059}
[debug] [2026-06-23T03:52:18.122Z] [hosting] uploads queued: 24
[info] i  hosting: uploading new files [0/24] (0%) 
[info] i  hosting: uploading new files [0/24] (0%) 
[info] i  hosting: uploading new files [0/24] (0%) 
[info] i  hosting: uploading new files [0/24] (0%) 
[info] i  hosting: uploading new files [0/24] (0%) 
[info] i  hosting: uploading new files [0/24] (0%) 
[info] i  hosting: uploading new files [0/24] (0%) 
[info] i  hosting: uploading new files [0/24] (0%) 
[info] i  hosting: uploading new files [0/24] (0%) 
[info] i  hosting: uploading new files [0/24] (0%) 
[info] i  hosting: uploading new files [0/24] (0%) 
[info] i  hosting: uploading new files [0/24] (0%) 
[info] i  hosting: uploading new files [0/24] (0%) 
[info] i  hosting: uploading new files [0/24] (0%) 
[info] i  hosting: uploading new files [0/24] (0%) 
[info] i  hosting: uploading new files [0/24] (0%) 
[info] i  hosting: uploading new files [0/24] (0%) 
[info] i  hosting: uploading new files [0/24] (0%) 
[info] i  hosting: uploading new files [0/24] (0%) 
[info] i  hosting: uploading new files [0/24] (0%) 
[debug] [2026-06-23T03:52:58.128Z] [uploadQueue] Retrying task 6576d8e3165cb75b7e188dcab075e61c32016ab24c437d91b161a76b47cb0885
[debug] [2026-06-23T03:52:58.130Z] Checked if tokens are valid: true, expires at: 1782188904082
[debug] [2026-06-23T03:52:58.131Z] Checked if tokens are valid: true, expires at: 1782188904082
[debug] [2026-06-23T03:52:58.131Z] >>> [apiv2][query] POST https://upload-firebasehosting.googleapis.com/upload/sites/abdominalgym-kudus-gym/versions/76351787d5059d4e/files/6576d8e3165cb75b7e188dcab075e61c32016ab24c437d91b161a76b47cb0885 [none]
[debug] [2026-06-23T03:52:58.131Z] >>> [apiv2][body] POST https://upload-firebasehosting.googleapis.com/upload/sites/abdominalgym-kudus-gym/versions/76351787d5059d4e/files/6576d8e3165cb75b7e188dcab075e61c32016ab24c437d91b161a76b47cb0885 [stream]
[info] i  hosting: uploading new files [0/24] (0%) 
[info] i  hosting: uploading new files [0/24] (0%) 
[info] i  hosting: uploading new files [0/24] (0%) 
[info] i  hosting: uploading new files [0/24] (0%) 
[debug] [2026-06-23T03:53:06.611Z] [uploadQueue] Retrying task 5700d88a1fce790fe5fcbb5c390a23d7d03161ce8117e507472d4caf773ba14c
[debug] [2026-06-23T03:53:06.612Z] Checked if tokens are valid: true, expires at: 1782188904082
[debug] [2026-06-23T03:53:06.612Z] Checked if tokens are valid: true, expires at: 1782188904082
[debug] [2026-06-23T03:53:06.613Z] >>> [apiv2][query] POST https://upload-firebasehosting.googleapis.com/upload/sites/abdominalgym-kudus-gym/versions/76351787d5059d4e/files/5700d88a1fce790fe5fcbb5c390a23d7d03161ce8117e507472d4caf773ba14c [none]
[debug] [2026-06-23T03:53:06.613Z] >>> [apiv2][body] POST https://upload-firebasehosting.googleapis.com/upload/sites/abdominalgym-kudus-gym/versions/76351787d5059d4e/files/5700d88a1fce790fe5fcbb5c390a23d7d03161ce8117e507472d4caf773ba14c [stream]
[info] i  hosting: uploading new files [0/24] (0%) 
[debug] [2026-06-23T03:53:07.679Z] [uploadQueue] Retrying task cd823841744c5237a745c9ef4bb848f33b5acfe4538e8b586f75bd3303c87378
[debug] [2026-06-23T03:53:07.680Z] Checked if tokens are valid: true, expires at: 1782188904082
[debug] [2026-06-23T03:53:07.681Z] Checked if tokens are valid: true, expires at: 1782188904082
[debug] [2026-06-23T03:53:07.681Z] >>> [apiv2][query] POST https://upload-firebasehosting.googleapis.com/upload/sites/abdominalgym-kudus-gym/versions/76351787d5059d4e/files/cd823841744c5237a745c9ef4bb848f33b5acfe4538e8b586f75bd3303c87378 [none]
[debug] [2026-06-23T03:53:07.681Z] >>> [apiv2][body] POST https://upload-firebasehosting.googleapis.com/upload/sites/abdominalgym-kudus-gym/versions/76351787d5059d4e/files/cd823841744c5237a745c9ef4bb848f33b5acfe4538e8b586f75bd3303c87378 [stream]
[debug] [2026-06-23T03:53:07.770Z] [uploadQueue] Retrying task a30210f988be80c1ce0d06b77cc5876681b55504140e8264b71ff8ba23650ca6
[debug] [2026-06-23T03:53:07.771Z] Checked if tokens are valid: true, expires at: 1782188904082
[debug] [2026-06-23T03:53:07.771Z] Checked if tokens are valid: true, expires at: 1782188904082
[debug] [2026-06-23T03:53:07.771Z] >>> [apiv2][query] POST https://upload-firebasehosting.googleapis.com/upload/sites/abdominalgym-kudus-gym/versions/76351787d5059d4e/files/a30210f988be80c1ce0d06b77cc5876681b55504140e8264b71ff8ba23650ca6 [none]
[debug] [2026-06-23T03:53:07.771Z] >>> [apiv2][body] POST https://upload-firebasehosting.googleapis.com/upload/sites/abdominalgym-kudus-gym/versions/76351787d5059d4e/files/a30210f988be80c1ce0d06b77cc5876681b55504140e8264b71ff8ba23650ca6 [stream]
[info] i  hosting: uploading new files [0/24] (0%) 
[info] i  hosting: uploading new files [0/24] (0%) 
[info] i  hosting: uploading new files [0/24] (0%) 
[info] i  hosting: uploading new files [0/24] (0%) 
[info] i  hosting: uploading new files [0/24] (0%) 
[debug] [2026-06-23T03:53:17.800Z] [uploadQueue] Retrying task 9d9f5273d5be74ecbf10dd7baacf972b3e7979bb55626b00552d141bec1dfb49
[debug] [2026-06-23T03:53:17.801Z] Checked if tokens are valid: true, expires at: 1782188904082
[debug] [2026-06-23T03:53:17.802Z] Checked if tokens are valid: true, expires at: 1782188904082
[debug] [2026-06-23T03:53:17.802Z] >>> [apiv2][query] POST https://upload-firebasehosting.googleapis.com/upload/sites/abdominalgym-kudus-gym/versions/76351787d5059d4e/files/9d9f5273d5be74ecbf10dd7baacf972b3e7979bb55626b00552d141bec1dfb49 [none]
[debug] [2026-06-23T03:53:17.802Z] >>> [apiv2][body] POST https://upload-firebasehosting.googleapis.com/upload/sites/abdominalgym-kudus-gym/versions/76351787d5059d4e/files/9d9f5273d5be74ecbf10dd7baacf972b3e7979bb55626b00552d141bec1dfb49 [stream]
[debug] [2026-06-23T03:53:18.954Z] [uploadQueue] Retrying task 7067416c934cc31e25a462a6e57e34672bc93ca3f99b52ab116b6af738ae0b37
[debug] [2026-06-23T03:53:18.955Z] Checked if tokens are valid: true, expires at: 1782188904082
[debug] [2026-06-23T03:53:18.955Z] Checked if tokens are valid: true, expires at: 1782188904082
[debug] [2026-06-23T03:53:18.956Z] >>> [apiv2][query] POST https://upload-firebasehosting.googleapis.com/upload/sites/abdominalgym-kudus-gym/versions/76351787d5059d4e/files/7067416c934cc31e25a462a6e57e34672bc93ca3f99b52ab116b6af738ae0b37 [none]
[debug] [2026-06-23T03:53:18.956Z] >>> [apiv2][body] POST https://upload-firebasehosting.googleapis.com/upload/sites/abdominalgym-kudus-gym/versions/76351787d5059d4e/files/7067416c934cc31e25a462a6e57e34672bc93ca3f99b52ab116b6af738ae0b37 [stream]
[debug] [2026-06-23T03:53:18.961Z] [uploadQueue] Retrying task 5eaad130f6219787be437a0443caa1a69d0873455741f08608950f4b580b389d
[debug] [2026-06-23T03:53:18.962Z] Checked if tokens are valid: true, expires at: 1782188904082
[debug] [2026-06-23T03:53:18.963Z] Checked if tokens are valid: true, expires at: 1782188904082
[debug] [2026-06-23T03:53:18.963Z] >>> [apiv2][query] POST https://upload-firebasehosting.googleapis.com/upload/sites/abdominalgym-kudus-gym/versions/76351787d5059d4e/files/5eaad130f6219787be437a0443caa1a69d0873455741f08608950f4b580b389d [none]
[debug] [2026-06-23T03:53:18.964Z] >>> [apiv2][body] POST https://upload-firebasehosting.googleapis.com/upload/sites/abdominalgym-kudus-gym/versions/76351787d5059d4e/files/5eaad130f6219787be437a0443caa1a69d0873455741f08608950f4b580b389d [stream]
[debug] [2026-06-23T03:53:19.233Z] [uploadQueue] Retrying task fcb810e97de55afb76eefa4cde7b03d09ac68a688c78f7f84dd49da977609e48
[debug] [2026-06-23T03:53:19.234Z] Checked if tokens are valid: true, expires at: 1782188904082
[debug] [2026-06-23T03:53:19.234Z] Checked if tokens are valid: true, expires at: 1782188904082
[debug] [2026-06-23T03:53:19.234Z] >>> [apiv2][query] POST https://upload-firebasehosting.googleapis.com/upload/sites/abdominalgym-kudus-gym/versions/76351787d5059d4e/files/fcb810e97de55afb76eefa4cde7b03d09ac68a688c78f7f84dd49da977609e48 [none]
[debug] [2026-06-23T03:53:19.234Z] >>> [apiv2][body] POST https://upload-firebasehosting.googleapis.com/upload/sites/abdominalgym-kudus-gym/versions/76351787d5059d4e/files/fcb810e97de55afb76eefa4cde7b03d09ac68a688c78f7f84dd49da977609e48 [stream]
[info] i  hosting: uploading new files [0/24] (0%) 
[debug] [2026-06-23T03:53:20.688Z] [uploadQueue] Retrying task d38a16bc5580d7df7887db6845a0c90aa78c60305977c3df93b3101601421bad
[debug] [2026-06-23T03:53:20.688Z] Checked if tokens are valid: true, expires at: 1782188904082
[debug] [2026-06-23T03:53:20.689Z] Checked if tokens are valid: true, expires at: 1782188904082
[debug] [2026-06-23T03:53:20.689Z] >>> [apiv2][query] POST https://upload-firebasehosting.googleapis.com/upload/sites/abdominalgym-kudus-gym/versions/76351787d5059d4e/files/d38a16bc5580d7df7887db6845a0c90aa78c60305977c3df93b3101601421bad [none]
[debug] [2026-06-23T03:53:20.689Z] >>> [apiv2][body] POST https://upload-firebasehosting.googleapis.com/upload/sites/abdominalgym-kudus-gym/versions/76351787d5059d4e/files/d38a16bc5580d7df7887db6845a0c90aa78c60305977c3df93b3101601421bad [stream]
[info] i  hosting: uploading new files [0/24] (0%) 
[debug] [2026-06-23T03:53:22.684Z] [uploadQueue] Retrying task b612ab29deea1a7a2209921a8f5188a77f996aa2088cdf89bfd0cd4b26d1f916
[debug] [2026-06-23T03:53:22.685Z] Checked if tokens are valid: true, expires at: 1782188904082
[debug] [2026-06-23T03:53:22.685Z] Checked if tokens are valid: true, expires at: 1782188904082
[debug] [2026-06-23T03:53:22.685Z] >>> [apiv2][query] POST https://upload-firebasehosting.googleapis.com/upload/sites/abdominalgym-kudus-gym/versions/76351787d5059d4e/files/b612ab29deea1a7a2209921a8f5188a77f996aa2088cdf89bfd0cd4b26d1f916 [none]
[debug] [2026-06-23T03:53:22.685Z] >>> [apiv2][body] POST https://upload-firebasehosting.googleapis.com/upload/sites/abdominalgym-kudus-gym/versions/76351787d5059d4e/files/b612ab29deea1a7a2209921a8f5188a77f996aa2088cdf89bfd0cd4b26d1f916 [stream]
[debug] [2026-06-23T03:53:22.992Z] [uploadQueue] Retrying task 9475af5e39a5f5310b7c27336f849dd0a29802c52e7d1fa4ca467e3dc04a1769
[debug] [2026-06-23T03:53:22.992Z] Checked if tokens are valid: true, expires at: 1782188904082
[debug] [2026-06-23T03:53:22.993Z] Checked if tokens are valid: true, expires at: 1782188904082
[debug] [2026-06-23T03:53:22.993Z] >>> [apiv2][query] POST https://upload-firebasehosting.googleapis.com/upload/sites/abdominalgym-kudus-gym/versions/76351787d5059d4e/files/9475af5e39a5f5310b7c27336f849dd0a29802c52e7d1fa4ca467e3dc04a1769 [none]
[debug] [2026-06-23T03:53:22.993Z] >>> [apiv2][body] POST https://upload-firebasehosting.googleapis.com/upload/sites/abdominalgym-kudus-gym/versions/76351787d5059d4e/files/9475af5e39a5f5310b7c27336f849dd0a29802c52e7d1fa4ca467e3dc04a1769 [stream]
[info] i  hosting: uploading new files [0/24] (0%) 
[debug] [2026-06-23T03:53:24.290Z] *** [apiv2] error from fetch(https://upload-firebasehosting.googleapis.com/upload/sites/abdominalgym-kudus-gym/versions/76351787d5059d4e/files/bac394ab350b24de85590acd9cf1fbac4faf771357b011905e11efdad0bd12df, {"headers":{},"method":"POST","signal":{"reason":""},"body":{"_writeState":{"0":14299,"1":0},"_events":{},"_readableState":{"highWaterMark":16384,"buffer":[],"bufferIndex":0,"length":0,"pipes":[],"awaitDrainWriters":null},"_writableState":{"highWaterMark":16384,"length":0,"corked":0,"writelen":0,"bufferedIndex":0,"pendingcb":0},"allowHalfOpen":true,"_eventsCount":2,"bytesWritten":3311614,"_handle":null,"_outBuffer":{"type":"Buffer","data":[168,254,233,244,171,115,56,117,143,207,57,41,198,125,169,37,96,13,58,93,58,85,107,55,147,106,178,146,50,62,189,43,41,117,123,160,30,214,9,85,182,182,50,235,206,51,253,107,64,91,89,45,233,150,7,121,62,76,13,195,0,85,37,143,73,135,82,242,206,156,219,221,128,243,55,117,63,157,53,161,13,220,147,197,250,221,254,159,107,3,105,200,86,24,192,18,252,185,25,247,244,168,244,219,242,35,251,124,228,145,33,193,35,177,171,83,203,60,70,88,229,132,24,229,27,126,110,70,42,43,56,237,33,211,229,211,31,247,158,105,27,74,156,109,199,255,0,170,128,78,197,67,168,233,242,207,44,65,0,149,156,22,192,228,251,209,253,164,154,77,203,197,117,106,196,16,54,72,167,175,214,147,78,211,167,176,157,239,35,8,87,56,37,170,221,253,175,246,142,35,249,20,176,206,79,175,249,20,22,83,184,177,150,241,154,242,218,225,36,142,67,148,86,254,3,233,73,45,212,154,61,171,70,46,15,43,150,29,6,121,168,173,210,107,24,216,172,185,111,78,217,170,126,33,211,174,181,107,23,146,75,150,142,98,6,192,184,231,235,154,168,162,94,196,146,77,61,173,185,49,143,48,48,200,44,123,213,157,42,234,250,218,222,65,56,204,115,41,4,19,194,158,149,75,76,142,242,13,61,45,181,7,86,109,160,182,57,231,159,240,173,29,23,80,43,102,209,75,6,226,88,133,207,76,85,18,101,75,45,156,122,139,105,218,122,254,242,52,12,251,122,47,90,52,203,57,117,27,129,57,96,16,57,31,55,126,72,205,56,90,90,233,247,215,73,2,226,105,128,44,222,222,159,165,58,194,107,133,211,94,27,94,24,177,206,71,35,38,128,46,226,234,234,11,157,44,217,177,49,40,107,121,64,225,250,240,42,61,31,80,150,57,149,213,55,22,92,109,145,79,191,90,189,162,222,106,54,241,197,123,3,12,192,48,67,119,60,131,77,213,175,19,81,187,75,136,173,252,178,163,12,5,62,103,176,16,77,173,90,75,115,40,16,134,101,92,20,219,193,53,155,102,26,198,67,29,200,33,29,243,184,243,183,36,254,149,176,108,180,248,67,75,12,13,188,242,204,221,250,230,169,221,91,196,38,192,57,202,243,66,118,2,63,18,222,65,162,68,151,118,182,230,85,124,43,128,187,139,123,128,43,63,69,213,160,18,73,3,49,142,41,184,82,70,10,245,227,218,180,165,136,152,18,33,206,223,187,158,213,95,86,210,173,239,145,96,72,130,176,96,75,1,207,210,142,102,4,186,76,55,86,50,75,27,204,101,134,79,149,73,231,28,214,157,173,140,55,54,18,71,149,83,108,197,252,194,59,122,86,102,151,168,92,105,208,27,25,228,47,8,147,37,79,95,74,191,167,234,173,21,173,204,191,101,204,19,29,143,145,207,225,233,82,238,5,75,171,207,41,150,75,118,45,156,14,56,252,106,157,214,155,246,187,143,180,201,33,95,51,239,16,59,213,215,183,181,154,51,228,22,1,112,70,123,84,145,37,188,136,55,177,27,78,49,76,12,137,222,239,195,144,253,178,4,105,145,78,8,80,50,70,106,43,235,61,7,196,80,13,67,77,178,16,93,57,13,180,140,6,252,254,149,123,82,23,81,78,203,110,129,144,30,55,158,42,188,214,214,247,182,2,121,34,242,229,4,238,8,120,56,38,154,144,142,91,78,102,131,92,123,251,177,153,35,124,42,103,128,1,232,43,103,254,22,141,173,252,226,210,227,77,101,64,120,1,72,199,90,142,222,250,206,210,241,70,161,167,199,40,145,130,144,71,38,164,213,60,63,167,77,112,243,88,161,60,3,229,183,240,158,106,244,39,161,166,110,180,205,91,74,148,198,206,99,104,206,228,35,28,138,197,208,116,253,54,218,111,181,203,107,230,48,35,104,118,224,84,246,54,87,22,22,110,142,255,0,127,57,3,167,122,93,55,83,133,97,146,218,43,100,121,21,134,93,133,74,176,29,62,159,37,189,188,173,121,37,148,110,48,65,4,117,207,122,204,188,54,250,125,211,92,196,167,108,140,62,85,237,207,74,113,213,38,155,79,86,16,170,28,96,149,239,130,106,190,246,142,237,98,191,124,51,166,248,215,111,106,146,146,53,229,142,1,5,187,228,144,224,25,78,122,115,84,245,56,236,108,229,158,210,215,116,145,49,59,100,233,159,113,233,85,239,160,158,89,34,109,236,164,140,168,7,3,173,93,251,59,155,57,83,141,199,238,49,29,13,3,57,171,45,54,214,218,231,237,122,180,55,18,68,27,36,0,121,53,214,92,75,165,106,26,124,87,22,15,39,204,0,69,199,43,219,173,101,203,121,116,218,52,144,128,3,164,131,113,113,199,90,191,161,221,178,217,172,16,133,62,108,69,113,183,158,167,245,226,128,68,112,89,205,105,98,246,176,78,103,148,182,226,206,123,212,122,93,159,246,134,134,26,238,224,70,254,123,110,201,251,216,52,233,174,166,68,205,175,7,187,142,213,13,149,140,23,190,29,186,3,80,96,209,31,151,43,212,231,219,165,0,77,38,203,50,150,136,253,143,204,63,74,150,27,153,0,100,143,156,243,184,127,90,168,198,88,160,141,246,7,10,161,95,249,113,90,90,93,188,119,16,200,23,10,88,112,212,1,66,102,158,23,91,184,220,43,121,128,63,203,193,21,106,246,218,107,136,132,211,185,216,123,3,214,171,79,26,203,167,75,30,72,104,223,130,122,28,26,189,113,102,201,165,90,186,200,205,36,138,11,122,1,219,20,1,85,160,150,43,124,88,42,166,222,131,214,160,43,170,38,217,163,193,61,242,114,42,227,44,191,101,221,187,230,29,170,180,147,72,246,94,100,12,85,247,112,126,134,128,22,207,74,119,144,95,79,44,129,137,249,64,53,191,164,206,191,45,180,46,190,105,61,24,127,42,205,177,188,144,128,171,40,97,129,144,71,165,23,54,134,244,73,47,156,99,218,50,48,113,206,105,52,4,154,156,122,132,58,252,182,194,231,115,18,50,67,112,1,20,51,70,224,91,203,54,231,95,83,214,157,104,144,173,178,201,28,1,164,60,73,131,201,63,90,142,107,104,46,37,12,177,20,117,206,57,168,42,37,155,45,62,27,232,196,114,197,206,70,65,62,245,102,107,84,178,70,67,58,197,30,121,115,192,168,52,205,70,43,56,77,176,136,51,179,100,190,238,77,38,169,44,58,150,153,50,153,73,40,71,201,234,65,160,162,91,43,123,125,62,105,25,164,103,50,14,28,183,29,125,42,73,225,211,111,16,71,61,136,121,21,193,13,184,237,169,4,42,186,92,45,24,12,74,40,101,35,167,189,70,226,210,221,86,41,46,154,51,39,1,128,206,15,53,152,21,245,123,164,179,133,237,173,211,116,174,160,12,127,13,84,182,211,141,233,217,112,88,5,76,241,215,53,53,133,188,205,168,72,232,190,115,34,243,187,140,243,197,75,246,153,93,228,134,223,108,82,0,126,98,51,64,22,109,45,150,27,97,20,207,146,163,174,58,211,150,221,47,51,145,128,131,168,239,85,132,151,47,108,145,73,41,98,139,243,182,49,159,243,253,106,123,41,75,46,7,3,161,197,36,238,82,100,172,165,109,88,24,195,47,78,157,42,6,136,0,4,14,65,80,6,209,233,86,47,36,123,77,54,52,140,128,89,176,199,215,173,87,185,70,177,136,206,88,6,236,105,133,139,81,198,201,108,67,167,202,195,169,233,84,204,151,22,146,25,32,35,37,72,13,233,78,89,53,11,171,96,38,97,183,177,94,245,90,72,175,112,194,82,0,255,0,100,231,63,90,6,23,106,53,93,21,205,212,222,100,209,28,156,113,145,159,106,185,164,24,22,208,121,112,133,72,208,0,7,64,106,172,233,113,14,150,109,236,226,12,92,124,204,222,132,209,161,203,228,91,73,107,41,36,231,36,143,173,0,77,119,13,174,162,224,183,15,31,221,108,118,169,172,218,226,11,118,131,204,221,151,45,199,64,61,63,207,173,84,213,22,75,72,237,39,181,156,236,121,136,199,173,91,243,247,174,99,76,124,184,45,64,137,109,181,37,96,203,180,100,143,175,249,233,81,44,177,51,73,185,182,146,48,79,99,81,105,173,187,229,144,96,231,168,244,170,54,246,179,73,52,174,165,152,7,39,147,238,104,31,169,120,37,189,188,102,232,133,98,131,229,25,253,107,58,198,230,238,250,233,246,190,221,167,5,71,74,153,224,145,225,49,75,33,3,61,105,214,69,44,227,120,54,125,226,62,96,57,160,44,208,203,129,23,152,119,66,114,56,99,235,73,106,192,191,217,154,48,193,206,48,212,249,217,72,218,223,165,26,117,178,181,226,77,231,18,67,12,47,106,6,78,44,18,218,225,89,23,35,25,250,85,73,102,146,73,119,73,144,138,220,3,90,247,177,139,96,36,143,56,97,140,86,124,177,66,240,183,154,216,3,154,0,146,205,173,109,238,188,198,140,18,195,24,255,0,63,231,154,184,32,131,113,184,73,51,184,99,25,228,85,8,237,13,197,204,50,172,161,83,28,251,245,173,56,173,148,69,191,127,3,138,0,255,217,110,102,191,49,254,135,50,0,159,195,160,168,83,139,149,216,227,90,132,62,24,63,191,254,1,252,230,218,248,183,225,95,141,143,252,83,95,176,199,141,53,182,134,228,101,173,116,93,78,72,36,183,207,50,7,36,16,71,247,112,115,199,35,183,77,163,124,41,213,117,219,49,125,225,159,248,35,151,197,29,122,210,224,102,222,234,31,13,93,237,146,35,247,88,2,56,63,137,227,156,154,253,255,0,185,241,255,0,138,149,159,125,157,162,198,159,196,20,228,254,180,150,254,46,241,61,232,116,145,4,41,183,229,115,22,27,240,173,214,38,43,100,104,177,220,171,225,252,89,248,53,225,223,129,63,180,30,155,111,43,105,63,240,69,63,140,182,175,35,102,49,47,134,205,210,17,216,129,49,27,15,208,86,205,191,193,63,219,34,243,202,179,210,63,224,141,255,0,21,196,146,190,223,223,248,122,202,36,4,255,0,120,203,40,85,95,124,138,253,194,183,213,245,226,178,29,71,93,154,52,83,180,59,72,87,3,158,122,255,0,58,19,85,37,29,23,197,247,123,148,110,50,121,237,180,160,235,183,147,147,86,179,10,137,124,49,252,127,204,191,237,23,210,154,251,223,249,159,139,58,111,236,139,255,0,5,50,104,132,112,127,193,44,124,79,109,19,31,158,17,171,105,10,187,121,199,202,103,24,61,59,213,235,15,216,99,254,10,155,123,109,29,181,135,252,19,127,95,211,214,39,44,174,190,52,209,144,156,250,230,108,254,181,251,75,103,226,88,97,128,205,6,181,113,112,87,27,85,238,75,110,30,254,149,28,30,39,215,110,230,154,67,43,196,36,56,142,55,145,240,23,212,118,169,254,209,170,186,47,235,230,115,212,197,123,79,178,151,223,254,103,227,206,151,255,0,4,233,255,0,130,195,107,106,109,236,255,0,101,175,236,168,212,3,24,189,241,126,150,72,57,231,113,91,158,107,103,74,255,0,130,64,127,193,95,60,83,113,37,198,181,117,224,141,27,3,116,81,235,62,32,142,124,127,178,12,41,33,95,243,205,126,184,193,173,94,95,70,109,226,189,185,89,35,36,72,219,152,241,147,249,255,0,245,234,97,10,40,18,67,137,230,98,49,231,156,250,211,121,149,121,43,104,140,84,221,246,71,228,215,252,56,207,254,10,183,127,109,45,182,173,251,75,252,29,179,178,186,92,79,105,117,21,204,168,125,50,69,182,78,62,181,45,223,252,16,127,254,10,107,125,189,181,95,219,11,224,210,52,171,195,173,149,227,14,152,200,18,91,145,208,118,197,126,178,45,157,221,204,78,110,33,102,148,143,185,140,168,247,3,177,235,80,125,134,229,37,43,54,155,44,184,32,101,99,39,143,233,92,207,23,89,239,47,203,252,141,35,90,164,29,213,190,227,242,71,195,255,0,240,111,7,252,20,130,199,84,185,212,151,254,10,77,240,203,73,91,141,185,93,59,192,254,115,56,231,134,96,33,36,12,228,14,69,91,209,63,224,217,255,0,219,34,217,181,25,245,223,248,42,119,135,239,32,213,31,117,228,55,63,14,252,248,139,252,199,42,146,93,149,78,73,59,87,11,156,113,192,199,234,253,196,49,64,166,125,69,18,216,121,155,98,46,54,131,212,242,59,125,127,201,153,53,11,125,74,212,193,5,203,249,106,216,141,211,212,119,30,162,148,106,212,75,79,211,252,191,225,186,2,197,87,215,95,193,31,151,186,39,252,27,71,251,67,75,226,11,191,23,248,143,254,10,195,113,115,117,127,28,113,221,73,31,195,59,103,140,236,36,174,18,75,163,30,70,72,251,189,48,58,10,235,116,31,248,54,139,193,235,171,79,171,252,77,255,0,130,128,248,227,88,150,233,10,92,79,164,232,182,250,116,207,147,157,161,209,228,218,156,125,192,2,142,48,5,126,142,105,151,142,151,47,17,191,12,9,204,113,33,202,142,220,250,26,183,123,123,127,101,254,147,106,138,202,8,18,198,83,63,47,114,61,234,158,42,190,223,162,255,0,34,158,51,22,213,185,191,5,254,71,231,174,155,255,0,6,209,126,197,122,117,199,153,113,251,76,252,100,101,224,200,150,158,41,134,221,156,250,146,150,249,63,173,108,255,0,196,56,191,176,162,35,9,190,62,252,120,101,3,37,127,225,100,149,11,238,49,110,49,248,87,220,122,103,136,181,57,230,154,246,109,20,168,89,49,27,136,203,18,190,189,113,67,120,155,79,211,236,46,174,111,175,144,202,25,221,97,150,65,230,50,129,157,184,60,144,56,252,235,72,87,196,55,187,57,42,86,169,109,89,240,108,63,240,111,7,252,19,201,181,17,107,23,197,223,142,115,92,3,129,63,252,44,130,206,63,224,94,86,69,91,151,254,13,224,255,0,130,95,91,180,199,87,111,138,90,190,161,223,80,187,248,143,118,103,83,142,62,101,42,7,229,95,77,95,124,68,242,117,179,62,151,10,42,190,89,149,92,128,14,125,125,107,43,92,248,159,171,106,247,249,129,163,130,53,109,193,183,21,102,32,247,199,175,248,215,117,47,108,183,103,12,177,59,234,124,143,169,127,193,7,127,224,155,58,125,221,198,149,119,241,39,227,189,180,133,118,148,181,248,143,144,128,246,4,197,159,207,53,208,248,75,254,8,175,255,0,4,111,240,180,145,75,125,240,27,198,58,245,244,113,168,147,80,215,124,113,168,205,52,204,6,11,62,217,213,119,30,167,0,14,120,0,113,94,243,115,172,46,175,112,215,41,108,242,92,73,146,4,42,89,137,231,145,244,169,173,244,31,23,207,109,21,230,151,225,61,70,79,44,129,33,22,109,128,125,115,235,248,87,92,39,37,187,56,170,86,172,246,103,150,31,248,37,151,252,18,38,16,30,203,246,77,146,80,200,55,41,215,175,228,218,61,14,249,255,0,198,187,237,43,246,107,255,0,130,122,248,94,210,13,43,195,223,177,79,129,165,88,225,88,195,223,248,90,214,230,66,171,192,220,242,171,51,31,82,73,39,185,173,205,70,199,196,58,77,200,109,79,79,91,70,145,11,3,39,202,192,103,161,31,149,36,76,100,145,210,70,142,55,17,141,178,17,129,147,215,53,175,51,146,57,157,74,183,213,178,188,31,7,127,98,150,13,28,95,177,199,195,68,140,112,170,124,3,96,15,215,34,58,45,254,13,126,196,158,83,205,7,236,111,240,213,164,86,192,83,224,91,44,55,191,250,190,149,102,222,72,76,134,220,60,66,85,198,214,221,128,199,56,165,180,91,184,90,67,4,192,28,151,249,79,57,52,185,34,63,105,38,181,102,230,149,171,252,58,240,229,173,190,139,225,159,130,30,13,178,178,137,54,195,111,99,225,232,34,142,33,206,20,0,184,31,128,173,91,127,29,219,217,182,235,95,1,120,122,216,50,147,23,151,166,70,167,63,134,61,171,152,142,11,203,128,93,173,51,39,151,148,220,112,24,231,174,127,26,134,39,251,64,22,210,170,186,171,109,223,140,238,245,199,181,59,16,118,182,255,0,23,245,53,133,21,52,107,51,32,82,36,88,45,21,84,156,156,96,243,218,164,147,226,223,139,46,183,69,103,19,170,199,30,231,194,128,163,158,156,116,227,63,149,114,81,45,208,183,54,191,103,1,213,215,102,206,74,1,211,233,87,237,244,203,192,164,77,113,28,77,32,201,14,252,115,159,206,135,100,84,121,186,27,103,199,190,39,184,92,79,170,157,229,134,2,30,2,156,246,61,235,151,253,160,245,141,87,196,127,178,39,197,237,14,247,51,180,159,12,53,255,0,45,75,103,36,88,77,129,245,201,21,165,53,173,165,140,94,107,234,45,242,166,55,186,114,236,61,0,228,126,53,91,198,246,49,234,223,3,190,34,105,80,23,86,184,248,123,172,33,102,92,16,205,106,235,253,69,20,185,29,68,188,208,86,231,84,217,252,159,124,6,139,206,253,159,116,57,73,231,205,187,10,51,208,9,152,126,189,127,26,208,149,15,152,85,199,78,134,171,254,207,113,163,126,206,154,16,198,15,159,121,201,239,251,246,255,0,10,191,119,14,201,73,253,107,159,19,106,88,202,148,214,201,159,69,94,154,133,105,69,109,115,35,196,49,134,128,229,249,88,39,193,31,245,201,143,244,175,187,254,24,79,253,151,255,0,5,88,253,153,181,149,98,49,241,63,193,81,161,83,143,146,77,20,43,15,252,119,249,215,194,158,38,42,150,76,51,131,228,78,202,71,253,114,124,255,0,74,251,58,211,196,80,120,119,254,10,11,251,59,235,211,55,203,167,252,77,248,124,242,28,246,109,45,134,127,74,202,115,113,134,133,80,140,165,25,36,126,245,120,255,0,196,90,247,252,37,23,108,186,188,234,76,205,181,67,157,163,147,129,142,213,135,38,175,174,93,113,62,171,51,122,254,240,227,242,173,159,137,240,71,15,138,165,8,78,28,100,228,119,201,174,106,73,163,69,32,179,12,28,101,123,214,244,245,71,205,212,133,157,201,205,245,227,146,210,92,56,0,96,252,253,69,68,242,202,203,143,57,128,239,205,70,147,197,181,179,201,61,9,167,192,242,204,172,45,173,101,145,147,239,199,28,100,176,247,192,231,30,244,219,86,51,130,187,208,4,173,141,187,11,14,227,28,253,105,11,42,38,230,153,130,103,4,3,86,30,199,89,134,208,234,86,250,113,149,1,10,193,91,12,9,239,142,73,169,173,180,25,238,172,140,207,225,139,201,60,192,31,237,14,174,3,15,95,76,99,189,99,41,164,118,66,155,104,205,101,180,134,51,59,78,89,88,140,115,250,84,182,183,16,216,52,215,79,2,156,16,170,178,246,62,149,187,164,91,88,90,232,170,97,240,13,197,196,81,220,7,150,250,37,102,101,35,7,147,140,40,28,113,159,241,173,43,63,10,217,106,51,220,234,247,30,20,212,76,110,198,75,95,46,3,179,111,102,29,139,31,196,87,59,196,69,26,172,60,158,199,35,54,173,163,201,122,46,245,11,133,10,160,169,201,200,7,57,198,7,110,42,101,155,195,26,188,94,76,173,12,110,27,40,99,66,153,246,53,218,105,26,14,160,182,15,54,159,240,151,77,109,207,242,255,0,106,42,179,184,254,246,14,49,218,181,188,39,225,13,107,81,190,154,109,99,194,90,13,182,204,170,193,109,10,137,29,127,188,7,60,115,142,107,25,98,18,70,244,240,175,169,198,91,120,63,194,177,248,67,254,18,205,95,78,6,40,110,129,99,18,149,243,98,200,244,235,206,71,210,165,210,45,62,4,106,90,196,207,107,231,67,111,60,24,9,52,216,88,100,36,1,142,121,245,231,56,174,235,198,246,87,227,76,181,240,78,151,225,125,182,146,194,177,188,197,27,17,145,199,81,211,183,38,170,197,225,255,0,12,218,232,241,104,250,71,132,244,201,110,44,182,197,49,150,217,119,72,64,228,147,222,176,246,234,70,234,151,43,177,203,222,248,75,193,77,120,150,182,122,13,221,194,161,198,200,73,96,64,61,71,57,174,129,180,253,58,222,192,77,255,0,10,66,222,243,102,22,35,38,159,189,149,61,57,29,106,101,183,248,129,230,38,157,225,251,45,42,206,32,155,81,1,97,180,122,28,103,244,171,54,186,95,199,77,34,23,185,151,197,122,104,68,24,101,73,89,142,223,81,149,235,245,172,221,71,109,13,97,4,157,217,137,227,13,59,195,90,167,135,124,141,19,224,222,171,103,114,172,36,221,6,152,177,128,195,60,18,63,135,218,176,244,221,43,90,241,37,140,67,85,248,77,168,217,168,109,166,230,214,220,239,36,117,56,35,129,245,200,252,171,209,108,124,99,168,221,206,218,54,143,4,247,119,66,63,153,167,111,221,145,221,179,215,63,149,81,215,252,77,241,23,69,130,33,28,94,81,13,183,98,41,249,255,0,3,244,253,106,61,163,113,52,84,214,226,248,91,76,179,210,45,18,222,63,5,20,153,8,2,107,171,97,150,3,248,137,35,173,105,93,91,92,222,106,127,218,87,208,192,255,0,32,85,82,191,42,140,246,247,255,0,26,231,109,60,107,174,235,235,53,182,171,119,120,179,198,74,137,62,206,66,3,219,24,199,235,235,76,176,147,199,119,154,75,9,110,210,213,161,147,0,206,216,44,191,168,63,90,203,82,210,55,38,240,190,139,114,62,209,107,171,204,140,132,187,24,184,195,255,0,116,30,195,233,232,42,125,59,225,208,188,253,246,167,226,41,156,184,204,72,171,150,199,36,18,221,107,39,66,187,149,34,121,102,214,96,156,57,28,35,141,193,199,176,232,43,88,141,94,16,100,143,90,242,242,164,34,194,217,252,56,254,116,106,82,141,157,204,93,123,224,239,139,116,229,121,180,143,25,249,144,79,25,89,227,189,59,88,103,63,42,245,29,62,149,207,217,120,7,84,134,96,190,35,241,28,80,197,26,42,219,90,37,208,80,228,119,96,123,253,57,174,139,84,240,239,143,124,68,128,106,90,140,242,64,36,249,16,190,118,71,207,205,238,213,155,226,143,10,195,165,105,207,123,161,88,220,92,221,219,33,49,165,202,147,230,17,232,20,254,92,10,113,219,80,177,105,180,129,109,108,44,180,229,139,46,184,97,231,119,232,72,201,233,244,166,216,105,90,134,150,191,99,241,55,137,145,236,227,80,209,70,147,29,196,142,131,29,134,61,43,148,210,245,121,31,77,243,174,236,30,218,233,229,17,201,20,160,134,136,31,226,3,169,255,0,63,143,71,109,164,105,43,110,102,184,184,154,76,201,134,150,78,64,63,134,40,230,184,40,216,130,227,196,118,33,204,58,93,181,211,50,72,20,59,71,242,145,207,124,213,115,105,172,106,115,189,220,150,100,164,55,162,57,27,105,218,34,235,249,255,0,141,116,94,28,181,210,255,0,180,26,123,103,103,88,200,59,88,253,243,233,254,239,21,211,11,248,245,40,90,11,77,34,24,213,201,46,178,114,9,233,249,212,233,109,74,242,60,242,27,175,17,67,169,165,150,153,97,47,147,183,49,124,205,180,15,86,193,199,255,0,174,180,99,95,26,90,92,11,155,141,94,52,10,220,195,246,130,21,134,122,128,127,253,117,216,90,233,107,167,105,242,198,239,27,34,33,114,200,70,65,31,194,127,10,201,213,180,103,212,237,214,254,35,16,149,57,85,149,240,140,185,227,38,154,104,58,28,220,178,120,170,93,66,239,71,187,141,102,138,229,164,146,218,71,39,114,49,7,24,31,95,235,79,179,111,23,105,225,188,57,127,168,91,44,237,15,203,22,242,89,215,215,25,252,51,142,244,227,225,223,137,215,122,136,241,78,151,38,153,53,192,67,4,118,196,182,197,76,231,112,57,235,80,233,223,12,188,101,166,107,175,227,93,115,196,246,175,168,56,38,56,231,102,100,64,115,145,219,143,167,78,104,186,18,189,142,187,195,183,186,117,188,49,88,222,219,78,37,143,13,49,116,249,3,1,200,250,86,195,248,215,64,158,22,187,177,149,164,138,34,201,39,150,57,86,3,166,63,42,243,232,60,43,241,3,88,146,123,123,191,31,216,162,221,73,159,46,9,152,224,115,242,168,35,32,123,3,86,244,175,134,115,233,58,156,86,154,118,190,207,14,0,189,143,205,234,252,231,129,192,24,245,230,139,39,168,250,27,218,175,137,188,59,45,139,106,122,199,217,108,85,142,82,103,144,44,147,55,162,169,60,147,131,192,38,169,29,27,73,213,228,75,134,213,138,65,56,87,101,149,130,134,246,199,115,89,26,151,193,141,47,89,212,219,83,213,117,123,137,238,109,101,13,103,243,238,79,44,28,129,130,51,159,161,239,82,234,30,6,178,188,147,116,55,114,199,54,1,218,78,118,156,241,140,116,169,78,204,14,156,63,131,52,229,75,89,90,5,41,143,46,56,227,82,249,207,24,21,129,39,133,180,185,245,121,47,164,241,22,168,32,153,137,88,99,117,0,28,250,98,185,137,62,33,104,186,46,163,45,142,171,167,223,71,125,106,254,80,186,186,180,192,151,4,242,8,36,227,235,138,116,63,23,116,59,52,242,94,229,238,103,154,66,35,134,205,67,200,132,231,44,71,108,123,254,85,124,172,73,220,235,79,131,60,29,167,201,21,228,15,115,51,147,180,164,239,156,31,82,42,111,248,65,252,25,120,49,21,226,217,220,34,238,118,136,0,28,231,175,90,227,244,207,24,220,73,52,186,96,142,240,207,59,127,163,249,128,225,144,147,243,3,220,231,63,231,53,191,162,105,26,140,254,84,250,243,170,146,224,44,108,223,54,222,122,142,198,148,92,172,22,238,111,125,134,105,44,197,150,157,33,226,44,189,195,174,55,115,198,61,51,85,147,72,147,73,139,237,90,253,237,171,43,97,97,86,159,45,188,242,63,26,208,188,241,45,174,149,101,52,113,121,30,100,113,128,145,180,128,241,211,36,14,107,150,146,208,120,186,229,47,239,224,220,67,144,164,18,168,15,247,135,229,74,45,177,150,245,24,53,121,109,204,22,81,111,184,218,0,35,238,176,206,115,158,223,141,50,43,125,117,45,66,234,44,144,225,183,15,179,150,59,79,212,244,171,130,93,63,65,83,22,171,226,52,182,136,219,146,179,172,131,25,7,24,36,250,243,89,75,226,125,54,230,205,239,173,117,165,157,21,130,11,116,144,49,114,123,240,78,42,131,169,169,22,137,173,134,107,224,202,65,139,247,123,155,151,39,215,222,164,181,185,214,173,136,67,10,229,114,28,191,56,62,159,151,243,172,40,174,245,109,72,249,215,186,172,145,217,228,109,182,137,201,57,237,156,241,138,217,211,157,238,216,205,38,163,55,150,142,12,187,242,87,185,57,199,29,59,80,172,6,186,219,120,162,242,216,75,13,212,113,34,30,84,185,4,143,106,231,117,27,79,22,29,80,173,190,145,36,137,141,222,99,18,78,225,158,152,53,111,251,79,82,186,185,107,117,186,118,69,125,208,136,198,55,117,230,174,127,104,234,22,73,36,207,43,121,138,133,188,165,57,82,126,148,150,143,97,89,216,164,246,30,56,182,184,18,13,45,100,79,40,22,102,144,2,1,207,203,147,193,60,123,213,9,124,77,241,47,111,149,225,191,2,200,223,54,208,243,184,3,143,203,31,90,189,255,0,9,54,165,113,106,110,245,27,199,72,50,4,129,206,21,91,211,30,149,20,222,52,154,59,175,236,237,9,145,10,56,51,72,50,6,224,121,30,195,142,104,4,153,13,191,136,190,35,233,240,137,53,127,3,71,150,108,48,179,82,238,15,224,77,104,39,139,110,228,32,234,26,61,205,186,176,85,69,150,18,164,30,115,156,212,218,102,178,247,82,189,198,163,174,237,117,127,146,52,111,144,143,235,222,173,73,116,183,87,2,95,56,50,170,114,232,217,25,231,169,237,66,176,146,122,220,101,221,230,159,5,186,222,27,25,39,242,229,196,136,87,56,92,28,156,123,113,85,39,248,129,246,91,97,22,151,225,11,199,5,142,212,130,28,163,47,63,55,249,252,233,139,170,73,51,184,180,241,68,78,8,42,68,76,8,206,15,82,58,84,86,254,35,135,74,188,135,78,212,174,80,164,209,249,80,24,57,80,217,192,207,229,78,42,192,147,181,136,116,207,21,91,107,83,222,234,94,39,182,123,81,105,9,41,109,23,241,99,60,16,122,177,171,86,190,48,130,230,43,125,90,206,209,226,182,73,21,4,18,227,121,199,67,138,191,109,103,4,110,117,141,78,56,183,160,193,59,6,28,118,252,127,194,150,195,78,181,215,239,219,94,49,144,200,10,67,28,145,227,158,198,139,173,135,98,218,45,197,220,141,121,127,170,133,150,79,245,98,3,247,99,235,131,211,214,184,159,218,127,76,179,191,253,139,254,45,218,184,112,110,62,25,107,155,216,255,0,215,140,245,213,91,218,132,153,158,91,146,93,215,202,147,219,147,88,63,180,6,137,171,106,31,178,239,196,253,26,218,232,19,113,240,235,90,134,2,221,75,181,156,161,79,208,19,92,245,52,131,53,195,123,181,162,252,215,230,127,49,186,176,150,255,0,254,9,227,109,169,92,198,35,17,124,71,176,185,10,163,179,217,70,135,255,0,30,6,188,230,101,59,243,234,184,21,234,49,199,109,168,127,193,56,245,69,134,96,192,120,135,66,189,93,164,157,130,97,8,199,61,59,159,198,188,198,100,11,33,140,144,8,98,43,183,11,254,238,154,61,140,253,91,31,63,86,92,211,99,82,84,6,249,179,200,245,175,121,253,147,158,15,248,108,239,217,102,250,235,228,251,55,237,27,160,199,31,184,98,236,127,80,43,194,52,173,131,27,134,121,227,39,168,175,96,248,13,168,73,167,126,210,63,179,166,167,27,236,107,127,218,47,64,112,199,182,55,140,126,60,87,94,11,19,60,62,33,242,238,211,95,126,135,145,74,78,9,180,127,76,158,52,213,23,68,213,165,158,199,195,182,242,46,236,203,51,198,79,205,147,146,113,208,230,179,172,188,109,114,250,162,75,62,149,8,82,7,239,24,228,162,251,86,127,197,31,19,203,105,226,3,111,113,122,145,90,48,37,226,223,134,118,57,234,51,208,96,126,117,199,31,136,222,29,210,149,237,160,18,93,206,235,128,88,225,35,28,242,61,77,67,166,219,208,224,140,146,87,61,31,83,188,176,214,139,27,237,90,102,138,89,134,200,221,200,92,243,219,28,15,122,177,125,225,136,161,210,63,178,180,93,78,59,114,205,186,70,207,36,119,21,231,58,39,143,252,73,226,24,126,205,167,248,50,231,86,186,4,139,121,18,3,182,63,76,224,122,227,211,175,90,223,180,240,231,198,253,67,70,150,41,237,236,237,101,149,246,178,93,78,11,40,39,157,163,144,6,59,18,77,99,82,156,160,183,42,19,83,212,214,93,24,233,242,44,58,54,182,100,187,155,10,76,238,49,179,61,65,250,138,151,198,122,238,185,225,143,15,188,150,51,64,194,56,199,157,44,143,134,198,14,72,247,60,85,75,95,1,252,69,176,133,38,187,212,52,162,35,42,178,203,107,184,201,140,242,121,0,102,151,197,127,6,127,225,43,145,36,213,188,91,114,182,66,65,47,151,17,27,222,64,78,59,112,49,216,84,165,169,122,180,115,254,31,241,135,137,53,141,69,116,237,50,195,247,115,69,231,249,247,178,96,68,128,224,144,6,121,207,74,214,255,0,132,150,193,181,163,99,164,234,183,183,198,49,186,67,17,204,96,253,69,92,210,62,7,120,119,79,119,186,147,196,247,236,207,251,167,18,202,57,7,182,49,192,246,171,210,120,2,203,70,180,123,13,47,90,134,217,228,1,16,0,21,137,252,57,207,189,59,211,8,169,91,81,246,58,142,165,103,164,125,173,183,202,236,224,162,100,183,30,254,148,201,190,33,105,86,147,8,110,194,196,242,253,232,164,4,96,116,224,156,127,147,74,159,8,237,97,180,84,151,226,46,174,179,176,5,144,92,40,30,248,94,184,252,106,166,161,240,139,195,98,23,185,188,241,84,215,210,167,220,89,88,22,7,211,173,74,81,119,212,29,209,190,222,41,182,88,146,8,167,142,21,85,203,177,147,147,236,105,214,218,242,106,211,37,190,152,219,130,124,173,35,118,30,195,189,97,217,252,48,177,138,217,126,211,169,74,196,160,1,87,3,105,207,99,254,122,211,245,29,54,239,74,177,22,218,107,4,218,112,243,59,12,128,61,197,75,73,15,99,165,176,212,173,32,146,75,43,173,81,68,174,126,64,88,224,246,227,181,54,233,124,49,164,159,237,61,71,88,128,180,79,143,222,184,10,141,236,61,120,174,7,81,214,244,37,11,167,73,173,219,189,211,144,170,137,56,206,125,79,126,180,251,223,8,89,62,150,215,134,242,123,145,231,0,113,206,214,61,104,179,104,19,118,208,232,110,181,255,0,7,77,168,62,161,103,174,61,195,48,255,0,87,0,4,254,30,181,161,164,107,26,88,253,204,26,82,172,50,1,186,71,140,100,159,122,227,116,79,8,89,204,242,139,66,32,116,27,159,114,252,195,233,233,69,246,161,171,233,86,98,194,214,41,100,84,148,73,230,145,201,231,161,161,71,65,164,173,115,208,229,209,52,77,81,94,237,173,48,81,118,134,135,0,181,101,221,233,154,94,156,191,187,145,221,216,124,177,62,51,92,205,151,139,53,235,211,246,123,41,60,147,39,44,11,16,65,207,76,213,185,47,101,182,11,46,177,119,38,75,4,102,45,243,82,179,37,92,158,251,84,241,60,174,98,211,161,146,21,128,21,69,139,112,223,143,253,8,154,171,109,168,120,238,194,119,212,174,45,29,99,102,15,34,58,30,7,76,115,249,224,84,154,175,143,52,239,13,90,159,46,9,103,101,152,121,97,7,241,15,199,61,170,129,248,199,172,222,42,198,116,39,86,102,199,239,1,193,29,40,143,96,87,55,244,239,136,151,114,74,82,251,78,62,71,77,195,59,129,250,250,85,187,159,136,190,27,183,152,216,37,211,153,76,123,194,145,142,62,164,214,66,107,26,144,141,132,250,51,15,221,228,129,25,216,217,247,239,88,186,191,246,27,160,188,155,78,27,247,108,10,195,159,127,194,159,40,227,116,141,75,159,138,218,85,212,87,55,194,83,26,217,182,12,120,229,190,153,239,89,109,241,78,203,80,96,240,69,41,141,162,220,68,199,238,182,113,140,231,241,239,81,89,233,154,125,228,78,182,250,26,51,1,202,108,234,7,115,80,159,135,154,56,180,123,219,153,166,141,228,147,31,102,133,134,197,247,28,26,18,176,174,61,252,70,215,182,134,246,247,88,140,108,151,110,226,224,124,184,233,129,255,0,235,170,246,150,154,76,183,66,111,237,104,214,41,20,184,18,76,0,250,128,106,218,120,123,195,73,18,233,201,166,249,129,20,2,229,126,102,61,255,0,26,144,120,119,194,241,91,18,116,43,169,165,84,196,72,202,88,47,160,52,238,131,81,169,105,107,176,188,90,169,84,7,247,114,163,240,79,191,248,208,233,5,252,70,56,60,73,36,174,14,215,47,113,242,231,241,237,77,184,191,210,254,198,45,38,210,30,41,19,229,242,145,56,246,7,189,38,141,165,95,234,215,79,21,175,135,36,183,133,87,5,210,2,55,55,211,243,166,174,10,197,173,19,195,154,197,180,204,210,204,36,27,126,64,31,33,151,61,65,171,255,0,96,123,107,160,18,209,20,128,11,108,227,112,207,127,94,149,45,206,155,169,105,139,105,103,105,243,16,226,73,85,79,32,14,191,79,165,99,235,218,119,140,218,234,88,108,229,102,183,151,230,87,13,243,0,127,132,119,169,216,107,67,167,95,19,106,182,246,109,109,5,181,180,108,233,149,142,62,160,116,221,214,185,57,244,4,81,38,176,238,239,49,156,172,159,40,59,137,201,44,61,233,177,248,83,198,22,240,157,90,234,241,225,49,97,83,124,135,59,63,195,61,171,161,210,150,99,26,249,173,27,182,220,132,96,112,79,175,249,245,162,250,11,75,156,204,90,38,175,52,36,232,122,116,144,191,152,55,200,241,133,108,119,39,214,153,115,167,248,162,210,217,175,37,242,153,162,112,29,81,179,145,235,93,154,77,123,48,54,240,24,224,96,195,35,25,56,247,61,234,132,254,22,215,140,236,86,88,102,142,86,249,213,28,145,207,114,8,170,82,67,71,159,219,216,106,82,60,218,173,141,163,56,50,16,56,56,13,232,107,78,223,225,199,139,181,36,71,73,109,96,23,76,11,125,156,156,140,255,0,17,227,220,215,109,162,248,73,52,123,102,183,91,150,242,165,151,205,97,38,51,187,216,99,167,2,180,92,88,89,196,36,212,245,86,182,249,131,44,145,14,131,210,157,244,3,147,211,254,18,233,54,54,2,13,70,235,117,210,75,136,229,132,158,125,5,60,252,46,212,110,226,251,109,206,188,200,232,229,35,92,146,65,29,126,149,213,90,94,120,115,80,147,54,154,163,202,124,192,75,109,195,22,236,71,160,173,171,59,59,61,73,11,169,225,101,38,65,31,25,124,114,105,115,190,162,182,154,156,126,137,240,223,65,18,153,174,96,73,38,17,156,188,242,125,230,245,199,165,106,47,195,111,9,77,98,210,107,77,6,16,134,219,9,27,127,78,191,74,159,91,159,194,250,94,176,52,6,114,151,115,195,189,102,105,64,85,28,156,49,207,94,61,43,51,196,86,182,86,141,5,214,181,227,200,108,227,138,81,32,88,174,21,153,208,103,160,239,249,126,20,39,216,151,203,212,218,211,33,240,68,55,145,220,216,219,42,73,4,37,98,100,135,110,84,100,226,173,13,70,222,45,61,245,39,154,11,69,68,222,133,156,46,9,207,92,241,94,91,227,15,139,126,7,186,157,180,173,46,234,232,198,28,6,187,24,13,159,69,233,143,169,174,111,94,138,29,110,196,174,139,226,61,92,66,174,60,232,47,79,202,121,231,142,231,243,173,84,36,247,51,246,138,39,171,77,241,247,194,246,82,69,4,215,208,204,217,196,238,153,194,243,212,28,96,214,70,169,251,82,104,246,151,115,91,89,104,211,220,121,82,237,142,230,53,221,19,39,215,35,230,175,37,22,22,243,106,35,76,178,182,123,169,75,124,145,194,155,217,190,160,119,250,87,81,225,255,0,129,127,21,53,52,125,78,120,180,253,18,204,14,5,219,149,108,103,59,138,128,70,126,184,233,87,10,52,214,230,94,210,163,216,233,245,79,218,173,102,140,166,131,224,219,176,184,249,231,187,80,130,63,113,183,118,106,172,223,180,134,174,182,203,109,162,233,49,60,146,69,189,230,156,144,3,156,244,233,199,67,248,212,150,223,4,126,31,173,159,155,175,124,79,55,115,147,151,183,181,187,69,140,251,1,201,199,211,21,90,243,194,62,12,211,81,166,210,45,162,185,142,21,81,251,249,195,48,3,140,113,128,113,129,86,168,210,125,8,246,149,86,183,49,237,62,38,106,151,122,129,184,212,38,185,157,113,230,53,173,185,42,133,207,83,201,39,215,159,122,210,135,199,186,213,248,217,161,124,56,176,83,222,75,166,46,115,207,57,108,15,194,155,123,169,120,98,214,201,161,209,180,150,134,102,219,189,226,92,115,201,192,60,156,123,123,213,11,223,16,90,4,101,147,71,142,0,121,200,4,23,110,122,213,198,156,118,39,218,206,219,157,23,252,39,159,20,180,201,224,179,212,239,236,21,37,67,183,236,173,144,128,118,192,232,126,180,221,71,197,141,169,43,193,169,234,55,87,50,42,245,46,0,83,234,0,226,185,129,113,123,48,37,228,96,21,65,72,155,141,185,246,254,181,45,157,171,204,134,81,180,153,91,50,18,224,145,143,65,219,255,0,175,87,201,27,16,170,201,179,208,126,21,248,194,224,205,38,145,123,44,242,6,66,200,210,200,88,243,144,49,232,63,198,191,54,190,15,199,228,120,30,222,17,25,79,41,164,85,207,127,222,56,207,233,95,161,159,15,132,176,235,184,107,102,98,35,24,218,51,180,103,189,124,9,225,109,58,93,18,239,89,208,166,99,186,195,95,188,128,41,31,115,108,238,8,252,193,252,235,39,20,153,217,78,172,165,73,167,229,250,158,75,255,0,5,39,81,23,195,15,132,247,50,201,181,98,248,185,166,43,49,60,97,146,96,71,227,253,107,224,143,136,250,68,90,15,142,53,171,0,93,228,155,84,158,89,37,114,78,55,202,204,20,122,1,206,61,171,239,47,248,41,205,170,222,126,207,126,1,89,186,15,140,58,34,182,15,99,231,138,248,95,226,140,118,176,120,158,254,8,55,29,179,48,70,148,146,219,119,28,100,247,52,224,181,58,147,78,130,56,107,224,173,35,21,99,140,86,116,185,80,72,60,244,7,29,171,70,245,148,22,80,217,205,103,76,26,60,174,1,30,184,173,30,231,31,218,25,107,242,179,46,252,110,82,56,250,212,190,61,176,131,89,248,9,125,225,89,109,132,141,125,115,56,139,156,21,145,45,204,138,71,253,240,71,227,81,90,73,28,69,153,220,134,199,203,245,173,130,150,199,225,244,139,117,18,202,204,101,104,92,182,10,54,192,119,15,192,17,244,36,119,161,89,93,49,61,207,233,191,237,107,171,120,43,193,183,246,179,29,179,120,51,79,154,35,129,243,110,139,35,244,53,76,60,47,1,149,85,112,199,18,99,168,53,87,225,204,159,218,191,2,62,26,93,187,31,54,111,134,90,43,249,153,254,245,170,19,254,125,234,236,145,200,237,28,119,22,200,56,11,230,67,213,177,199,35,214,175,200,231,189,209,1,151,204,144,102,32,195,24,1,248,32,231,134,31,225,85,231,155,112,104,229,108,133,124,40,83,199,53,118,123,103,142,70,154,38,79,221,101,88,57,198,49,222,168,92,45,180,71,116,151,208,66,36,111,49,124,233,128,45,219,42,61,56,160,206,214,25,112,35,18,21,87,112,21,63,118,195,187,127,119,215,154,97,50,194,141,105,107,109,52,211,110,6,93,177,231,175,113,142,128,123,250,212,147,106,154,51,92,163,69,36,82,178,168,12,225,193,0,250,241,222,157,6,171,171,70,190,93,189,222,25,31,115,24,219,10,203,233,154,87,65,169,89,35,150,71,63,59,35,110,1,139,28,26,114,92,186,60,246,176,204,172,29,114,29,51,149,61,48,115,223,138,87,221,60,175,121,53,228,142,238,75,70,92,18,84,30,223,81,76,142,203,84,190,86,109,35,195,247,215,59,15,205,52,22,229,129,110,122,224,83,184,89,139,28,98,40,149,126,221,13,196,177,175,203,251,207,149,61,0,245,60,84,107,51,187,70,168,1,49,143,155,3,24,99,215,53,98,235,79,212,97,159,237,183,126,25,185,182,31,103,196,133,224,32,110,25,36,251,85,8,38,73,75,31,180,180,100,156,141,199,0,210,77,48,179,44,52,68,76,38,183,8,197,151,18,110,232,164,117,207,165,38,229,16,25,100,152,146,79,11,17,228,143,80,61,40,147,78,187,149,100,46,133,82,11,115,144,252,22,57,247,234,123,254,21,107,254,17,63,19,94,105,113,92,105,43,13,203,177,80,254,83,0,80,117,198,14,57,233,197,23,64,147,101,54,93,195,116,44,236,210,39,1,200,228,103,161,166,35,202,246,65,228,27,247,54,2,19,192,193,239,90,103,193,30,58,150,55,130,31,13,76,4,100,141,236,135,45,215,167,255,0,90,155,101,240,231,198,183,90,75,95,157,34,246,29,147,108,104,26,217,183,158,58,133,234,71,189,23,65,102,102,151,144,168,82,66,41,29,34,3,147,253,41,35,138,49,109,33,223,133,3,230,118,61,235,103,75,248,91,241,22,245,210,221,44,37,141,29,176,94,120,130,178,143,161,57,233,235,93,38,141,251,58,125,162,66,60,83,61,203,198,84,253,219,133,85,7,215,3,57,63,90,57,163,97,168,182,121,255,0,218,108,9,68,73,26,105,89,192,138,56,151,36,154,215,131,193,215,218,148,133,53,27,244,182,10,112,219,121,102,97,208,26,244,168,254,24,120,55,194,133,124,65,29,171,205,115,109,106,17,98,134,37,203,156,253,252,14,255,0,137,227,245,200,184,208,53,93,118,89,175,52,251,8,44,163,36,179,75,123,46,195,158,121,198,14,43,55,52,246,46,48,75,83,154,176,240,191,132,226,71,185,215,53,41,231,189,50,109,72,174,120,137,83,240,252,123,129,211,143,93,33,15,135,154,55,210,236,86,103,114,70,30,202,32,224,140,99,111,7,238,251,85,171,127,2,248,58,214,223,237,126,50,241,229,187,73,43,254,237,45,231,85,7,175,241,55,95,202,153,168,248,139,225,214,145,42,218,232,154,188,177,148,82,9,210,227,73,31,216,151,110,51,254,53,154,122,150,146,182,166,174,143,164,233,107,164,47,252,36,222,35,146,8,163,149,118,193,52,162,36,192,232,164,55,126,59,26,146,79,26,248,89,53,23,183,182,212,21,173,64,37,84,99,239,231,162,129,252,53,197,93,234,190,17,191,152,77,117,167,107,122,164,168,119,34,234,183,42,177,103,215,229,201,31,157,71,7,140,117,75,89,62,209,164,120,39,67,182,113,202,191,150,79,31,92,230,135,4,222,163,83,177,214,105,90,222,177,226,201,167,242,172,46,116,184,146,224,27,107,175,36,254,242,46,122,110,31,67,199,173,105,234,122,230,145,163,60,186,173,215,137,39,101,25,129,214,222,80,90,54,35,167,95,148,247,175,55,212,252,83,227,127,16,57,93,115,196,247,42,128,150,91,75,102,218,155,115,211,128,51,214,178,173,180,200,109,28,201,20,108,67,46,230,63,221,62,244,42,104,61,161,218,248,131,227,133,238,173,165,47,135,124,26,110,22,33,152,238,46,239,87,18,56,250,228,254,117,207,92,79,61,244,62,68,81,197,106,129,85,92,66,115,230,145,159,152,147,207,225,85,208,188,104,129,132,97,73,249,152,243,149,245,31,231,189,61,37,142,8,252,252,121,255,0,57,85,8,126,232,30,190,245,164,98,163,177,155,109,238,78,130,221,35,47,37,211,167,207,128,192,12,103,222,144,45,243,146,97,66,206,216,92,70,50,127,222,246,30,245,1,183,91,205,210,172,135,203,3,27,113,211,255,0,175,239,86,99,220,29,97,251,107,66,193,1,98,160,238,101,246,199,106,98,38,183,8,35,194,187,111,243,4,110,113,220,103,39,233,193,169,37,186,8,55,72,177,162,17,229,252,205,206,7,173,87,75,119,133,212,45,203,130,100,203,23,193,227,252,104,251,41,204,147,92,72,178,22,56,141,122,156,243,143,160,166,157,128,125,184,121,45,220,195,19,35,111,1,55,2,3,131,220,126,84,171,33,22,177,40,181,223,51,72,7,150,220,96,12,252,222,223,90,138,7,146,57,124,185,183,198,71,42,79,28,244,192,169,25,82,225,136,113,43,58,112,217,111,115,237,210,154,0,221,110,110,26,81,10,155,136,159,156,19,176,48,61,9,238,127,207,212,70,185,185,180,158,218,54,10,178,92,30,221,7,92,253,105,144,34,66,12,113,168,64,92,17,142,158,223,94,106,73,36,153,166,121,86,212,148,94,28,198,220,238,245,11,249,82,64,58,198,88,164,10,47,174,153,100,227,3,111,37,135,67,154,154,221,208,9,60,152,148,238,115,44,136,217,220,7,118,28,244,255,0,26,147,109,156,170,186,116,128,44,174,70,29,112,74,31,83,233,143,74,146,24,96,133,38,183,146,69,220,35,32,220,99,27,192,236,51,235,233,69,192,102,150,146,44,142,136,51,36,159,188,141,136,198,225,217,126,149,35,92,207,230,61,187,182,210,126,254,209,247,91,52,44,54,107,18,73,43,74,172,152,31,35,114,56,235,66,36,82,73,229,171,29,236,199,230,115,133,228,255,0,51,197,32,22,229,39,134,203,18,202,173,146,50,19,130,71,110,123,211,39,123,187,212,83,104,241,162,43,134,149,139,149,200,31,195,159,74,87,158,22,140,196,66,51,33,1,128,235,249,209,155,24,8,134,118,1,100,25,64,91,128,61,232,86,72,91,4,113,25,21,115,177,150,69,5,203,145,207,61,133,70,182,243,70,175,15,152,206,17,148,117,236,15,248,80,193,174,21,69,180,106,4,76,29,48,112,72,231,244,164,141,22,230,229,166,121,38,82,0,37,65,5,63,47,90,164,238,193,106,72,97,142,53,197,184,103,47,198,245,25,56,244,169,237,131,219,77,20,76,238,219,100,229,83,146,7,183,165,50,218,85,182,253,220,5,217,179,146,35,80,72,171,182,225,109,248,85,117,86,93,242,52,171,181,203,100,241,131,218,166,247,24,44,243,36,236,214,208,179,101,78,93,211,59,125,254,180,227,44,82,192,145,66,174,236,15,239,151,57,206,59,253,41,193,213,45,228,139,18,35,220,227,203,59,120,0,127,141,52,160,104,214,59,121,48,197,129,149,224,108,18,121,0,103,183,210,128,20,179,7,100,220,22,70,85,145,73,28,227,36,99,240,169,224,242,82,54,140,202,231,157,219,176,0,28,158,149,94,6,220,134,226,25,89,137,249,126,96,8,96,50,113,235,83,90,168,148,19,183,204,50,99,104,81,198,105,167,96,177,224,95,240,85,205,246,191,177,110,159,121,180,72,44,254,35,233,133,150,67,129,130,178,32,31,155,129,248,215,201,106,36,134,52,129,229,249,149,0,7,28,55,225,95,92,127,193,88,163,54,223,240,79,77,107,82,184,79,154,195,198,90,60,192,117,228,222,66,131,255,0,67,175,145,218,99,230,15,45,129,27,64,25,29,189,107,174,47,220,176,37,208,177,98,203,246,232,25,156,174,37,4,0,58,243,95,151,31,183,83,165,191,252,21,3,227,68,241,32,46,83,74,144,41,61,154,218,32,79,234,63,58,253,72,211,154,69,153,13,204,161,128,97,143,151,24,230,191,47,63,224,160,214,162,211,254,10,129,241,54,88,228,1,239,116,157,37,200,199,81,246,104,185,31,149,6,209,60,246,19,182,114,221,121,21,208,248,126,229,160,116,153,134,64,96,72,62,149,205,198,254,92,189,242,125,43,123,73,95,58,22,143,45,130,48,49,215,240,169,123,149,109,15,215,79,248,53,190,234,24,191,100,31,139,222,8,121,24,181,151,196,83,168,75,206,78,46,45,227,35,233,194,87,232,68,236,93,204,80,198,132,228,16,163,168,244,38,191,56,191,224,216,75,251,165,139,246,137,208,174,108,227,132,90,79,225,153,126,204,174,8,35,236,50,2,231,31,197,32,69,114,59,22,35,146,43,244,123,237,18,205,115,41,216,168,217,44,190,95,65,142,163,215,184,172,167,37,204,206,70,253,230,138,241,38,94,73,183,151,14,74,50,131,128,64,239,249,210,164,86,137,25,157,138,196,3,97,176,123,127,83,78,154,107,181,124,68,20,6,25,108,142,126,149,20,12,147,218,51,249,123,135,154,3,110,199,202,49,212,103,240,172,238,34,133,204,243,35,57,72,137,89,1,1,99,251,193,1,227,62,166,154,151,38,57,75,52,121,2,18,16,30,9,126,192,213,148,145,38,155,113,80,66,131,204,67,230,101,244,254,92,84,51,90,72,151,130,116,49,34,228,50,69,43,252,228,30,212,211,11,17,35,9,22,56,195,238,8,217,127,247,177,252,170,2,158,97,144,224,177,223,201,83,215,174,49,237,83,159,54,50,210,203,4,104,129,246,141,189,143,96,199,250,212,17,121,145,188,178,166,230,105,27,7,120,249,112,125,62,149,72,134,172,135,197,47,153,47,152,176,62,236,227,7,166,79,20,146,218,219,121,200,4,146,238,140,238,101,82,0,7,167,126,162,164,100,54,243,79,228,204,205,32,249,85,7,99,143,189,237,81,34,69,194,41,145,217,194,121,174,71,202,185,245,61,114,113,64,135,47,218,99,221,150,142,72,184,218,164,99,15,223,159,78,180,129,225,116,81,23,152,72,3,228,221,242,158,125,123,211,149,65,73,82,88,226,216,188,145,46,121,246,31,149,56,237,242,64,131,106,243,198,222,131,235,233,64,21,242,101,220,21,164,82,91,4,239,35,4,158,159,74,89,149,99,12,209,129,189,56,33,143,6,167,182,132,201,14,45,229,71,117,98,100,118,224,126,21,19,130,191,40,10,220,116,28,238,247,20,0,249,60,160,51,229,57,141,112,249,98,51,210,154,133,96,37,18,40,212,72,161,195,30,73,207,106,115,160,145,149,152,169,9,24,44,158,192,244,52,179,166,51,58,68,100,77,193,64,227,10,79,65,250,80,22,19,120,128,97,81,153,25,178,118,142,223,228,84,146,69,108,161,231,17,144,227,238,133,60,227,223,214,159,61,174,209,28,176,163,5,49,134,116,92,146,61,71,214,153,178,71,144,220,91,97,8,112,163,204,144,0,9,224,14,123,210,108,118,21,166,194,228,69,231,2,6,114,122,26,84,153,99,27,90,5,15,188,114,23,3,109,42,155,128,165,238,110,35,83,209,22,54,28,245,231,233,239,79,150,53,104,21,93,23,204,17,142,142,78,255,0,122,130,172,136,226,242,86,114,201,3,8,149,121,42,59,231,214,167,55,112,203,182,27,124,171,15,157,88,245,24,207,52,200,224,93,137,228,92,56,37,50,202,6,70,115,223,210,151,17,137,101,196,72,22,79,148,28,128,195,61,120,244,167,118,49,246,179,195,112,165,196,28,40,200,96,121,39,215,241,167,68,193,87,104,221,184,184,96,14,49,72,242,91,219,200,35,50,164,96,192,14,115,203,31,160,237,129,250,210,66,255,0,185,102,130,57,48,203,242,56,29,41,0,235,91,153,162,184,149,166,151,100,108,133,74,146,64,221,158,191,165,89,183,150,65,122,32,187,140,24,196,123,163,152,141,217,25,227,191,249,226,161,49,165,194,253,157,20,144,144,238,149,115,193,92,224,253,79,53,37,169,146,218,207,200,143,204,149,137,92,43,242,2,28,224,140,118,226,129,147,192,100,147,206,142,105,209,151,126,65,32,134,7,182,61,58,81,2,11,137,5,181,238,100,64,223,120,125,242,61,15,181,71,20,87,6,55,121,54,49,103,25,17,244,2,158,168,209,174,253,197,118,240,193,79,36,123,123,210,16,248,109,173,197,154,188,146,225,150,95,155,96,227,0,158,159,135,243,162,229,247,91,203,113,25,40,76,129,83,29,118,246,35,212,210,35,20,137,45,110,157,67,203,24,104,203,116,57,39,143,175,74,139,114,217,43,89,58,179,2,251,150,98,188,171,123,123,127,141,3,138,185,61,156,113,121,130,218,229,156,130,156,130,216,4,243,156,253,104,141,16,164,177,51,108,68,98,99,27,247,16,185,233,245,168,85,245,24,167,87,184,146,38,3,10,72,92,110,25,255,0,235,209,231,93,152,90,59,107,64,251,230,42,14,222,66,245,13,159,74,10,177,51,69,229,66,2,74,84,169,82,170,91,147,147,208,226,157,243,200,178,195,103,14,100,32,170,57,56,219,239,249,212,80,24,76,236,99,156,172,145,166,20,227,177,234,112,120,252,106,9,174,66,34,69,3,156,43,12,227,63,48,206,79,215,52,92,52,44,233,215,10,204,182,87,209,141,177,186,137,118,224,41,110,119,28,125,105,110,95,236,50,21,80,29,135,35,104,227,30,130,168,189,221,164,138,101,120,246,166,238,73,36,150,53,8,212,37,136,146,175,242,118,3,181,10,228,23,225,107,96,202,82,224,174,241,243,228,116,62,149,1,103,25,196,39,37,186,26,168,183,57,82,25,121,39,174,122,117,167,91,220,69,27,49,14,219,143,1,164,111,214,152,19,97,99,37,115,181,115,200,207,90,150,11,137,162,148,169,145,2,17,242,18,58,84,10,203,43,136,33,125,251,87,169,227,158,106,88,237,38,198,110,0,193,24,198,238,135,181,38,244,2,194,34,36,66,104,39,243,164,199,204,92,253,223,160,239,245,169,145,227,249,67,252,196,159,199,218,171,66,177,3,18,198,160,21,31,62,5,91,183,138,56,216,202,49,158,168,73,169,76,180,172,74,137,10,18,27,33,136,234,65,224,215,205,255,0,240,89,155,56,87,246,34,210,117,28,51,27,79,31,105,197,206,122,19,21,202,131,236,50,71,231,95,73,91,7,68,98,88,110,102,207,62,159,214,190,111,255,0,130,200,71,168,201,251,18,64,17,229,142,208,120,195,73,251,83,167,221,32,180,160,103,254,5,179,244,175,95,135,228,191,183,40,127,137,29,217,92,249,51,26,79,251,200,248,55,83,183,54,177,125,156,54,118,34,252,192,117,31,231,21,65,19,17,227,57,199,83,90,218,194,51,51,35,240,123,251,99,181,102,5,117,232,1,201,174,156,92,249,241,149,45,220,242,113,109,202,172,154,39,211,212,136,88,168,254,44,117,175,150,127,224,176,54,152,240,31,195,77,84,200,115,31,137,167,183,7,29,12,136,63,170,215,213,150,99,108,71,24,60,228,215,203,255,0,240,88,11,124,252,6,240,38,173,179,113,183,241,212,40,171,158,238,142,127,246,90,206,138,212,203,10,237,38,124,151,124,229,99,32,141,216,0,117,199,111,254,181,103,144,90,51,142,48,123,247,171,247,168,198,48,87,251,191,227,89,228,13,167,229,25,207,106,42,88,244,94,199,71,240,58,103,58,207,136,160,143,1,252,136,23,32,118,12,220,254,162,186,251,242,208,89,188,87,50,153,99,102,251,190,199,168,226,184,207,130,104,71,138,117,192,143,130,116,232,192,199,251,255,0,254,170,237,90,47,42,215,42,22,83,184,238,81,89,173,24,52,125,35,255,0,4,126,1,239,127,104,152,225,103,193,240,230,152,99,221,212,98,25,199,243,21,242,175,199,11,119,77,116,203,44,59,162,3,108,92,252,249,18,51,103,30,159,49,25,255,0,100,215,213,191,240,71,214,73,124,73,251,66,192,137,180,15,14,105,128,3,219,247,115,138,249,99,227,234,43,248,140,73,4,133,101,64,169,42,4,200,3,205,145,142,125,56,199,57,254,42,113,75,218,54,186,153,179,204,47,114,242,23,117,192,61,106,145,39,113,62,222,181,126,244,137,51,42,100,41,80,87,156,213,2,27,127,44,58,116,31,141,53,187,8,171,33,165,182,182,0,235,74,6,114,71,113,254,52,18,66,228,138,92,80,221,134,44,56,57,110,220,115,91,26,38,213,10,234,115,207,57,61,69,99,192,65,7,7,189,106,232,102,80,75,99,36,15,187,249,212,13,108,207,67,248,107,228,253,161,165,148,127,203,61,201,131,198,122,87,176,127,193,73,76,203,241,31,225,117,161,251,183,191,15,221,8,245,40,225,191,169,175,31,248,113,197,168,158,63,249,100,227,122,99,160,38,189,139,254,10,109,103,44,254,50,248,57,60,50,148,145,60,33,59,239,94,160,6,79,254,43,21,146,214,185,209,13,15,14,253,131,181,135,210,255,0,110,237,22,98,48,183,58,90,172,50,19,206,82,246,218,94,123,12,109,60,251,215,232,127,252,21,198,9,37,79,29,149,82,49,161,71,34,48,239,177,226,122,252,220,253,152,174,72,253,181,116,91,155,120,197,186,157,35,81,0,160,198,239,46,48,249,3,220,143,210,191,79,127,224,170,154,90,95,201,226,139,55,24,19,248,58,229,183,119,202,133,63,208,81,56,254,253,142,158,181,15,207,31,28,72,207,227,91,123,141,195,247,154,109,139,147,245,80,51,250,26,245,111,132,194,24,255,0,104,45,61,229,46,30,125,230,18,131,42,74,198,192,171,122,100,49,63,240,26,242,31,29,92,1,170,105,87,170,159,52,254,30,178,36,123,141,195,244,175,91,248,100,166,219,227,134,138,175,54,101,58,146,197,20,127,222,82,140,28,231,233,206,61,171,154,90,75,66,166,172,122,215,236,174,235,159,31,233,6,217,65,127,8,200,134,37,233,27,71,40,233,255,0,125,87,239,207,193,187,137,47,127,103,47,1,93,70,141,251,223,5,233,47,238,51,103,25,254,181,248,21,251,38,91,68,124,97,241,4,168,43,230,104,247,75,34,156,157,227,112,206,61,0,192,252,235,247,163,224,13,227,79,251,45,124,60,149,219,147,224,157,36,18,56,233,103,24,168,197,181,120,165,253,108,115,205,171,216,233,77,212,54,209,121,50,19,187,134,25,61,62,180,138,239,130,81,243,187,145,206,57,255,0,63,206,160,243,227,70,102,117,14,118,127,16,170,239,114,208,161,141,65,1,185,245,56,174,110,82,90,52,53,171,9,188,65,225,29,107,195,182,19,145,62,161,164,92,90,66,71,32,52,145,178,3,249,156,215,243,211,255,0,5,91,240,74,252,18,241,167,197,95,217,238,53,121,198,147,171,171,219,93,72,251,153,85,196,55,40,9,61,78,9,201,245,30,245,253,8,233,55,82,71,169,64,119,19,185,212,12,28,119,175,193,47,248,47,60,75,7,237,183,241,214,253,174,85,94,222,61,37,162,132,174,75,134,181,182,82,195,233,242,143,248,21,126,141,225,157,229,156,212,164,246,228,111,230,154,183,230,125,159,3,201,188,194,164,111,167,43,127,138,63,112,190,6,94,201,119,251,36,252,48,188,50,22,89,62,31,104,141,191,29,115,99,23,53,166,215,183,10,113,31,66,48,51,218,185,239,217,166,89,175,255,0,98,31,132,215,74,251,131,252,60,209,57,232,63,227,202,46,127,74,232,2,72,15,202,171,249,241,95,157,61,42,73,121,159,21,213,144,204,39,137,10,153,114,15,247,77,36,113,196,83,38,86,36,30,222,181,96,219,92,136,247,121,96,150,110,2,156,130,41,209,90,36,75,251,225,131,159,94,159,90,27,26,87,43,11,41,76,155,148,224,17,198,125,105,203,108,205,9,34,96,231,140,170,224,227,242,53,108,195,28,204,10,74,66,147,157,131,161,228,254,148,162,224,121,120,82,145,41,110,76,75,134,62,199,218,166,46,197,88,134,27,89,118,110,41,213,120,13,197,48,90,73,38,115,40,233,144,163,184,205,77,20,242,91,70,208,91,204,173,25,109,192,200,50,65,244,165,50,189,212,109,18,72,1,32,18,228,96,131,223,30,213,54,238,49,241,124,136,20,128,112,63,26,158,9,99,133,91,51,42,231,4,3,84,173,179,19,50,204,229,176,58,147,82,68,176,151,243,100,39,11,215,52,53,165,128,243,143,248,41,14,155,62,189,255,0,4,233,248,136,150,246,205,41,134,198,214,117,69,235,182,59,168,88,159,192,41,63,133,126,83,255,0,193,39,230,179,209,255,0,224,168,95,8,226,180,138,88,146,238,109,73,35,243,216,110,108,233,247,77,131,143,78,158,245,251,7,251,80,91,197,173,126,197,31,19,244,241,6,224,124,23,168,21,86,239,182,6,108,254,149,248,203,255,0,4,215,185,142,207,254,10,111,251,60,202,178,182,249,245,221,82,51,207,81,253,155,118,63,194,190,175,35,111,251,15,23,31,39,249,51,235,50,127,123,34,196,199,231,248,63,242,63,114,188,73,60,113,107,114,68,88,228,128,71,56,39,147,207,210,179,101,185,103,62,102,239,155,167,30,158,181,63,139,36,47,226,25,153,191,133,118,129,142,164,26,163,19,180,136,29,84,12,55,97,205,124,165,145,242,101,152,46,28,16,80,6,93,216,59,189,107,230,143,248,44,213,152,155,246,122,240,102,160,8,197,191,137,86,34,255,0,221,223,4,159,252,77,125,35,22,18,227,32,129,158,128,118,175,159,63,224,176,86,190,127,236,127,164,106,14,55,125,159,198,26,126,212,61,28,178,202,152,62,157,107,108,186,223,218,20,211,238,123,89,6,153,173,21,221,159,147,127,21,224,41,101,137,7,220,9,156,251,41,21,243,117,177,45,226,253,78,50,57,220,113,244,192,175,166,62,46,196,87,70,127,51,5,149,62,98,167,208,26,249,142,217,154,63,30,234,16,146,113,243,113,255,0,1,174,124,198,63,237,147,177,234,103,10,216,134,140,223,136,81,198,96,176,186,243,240,68,241,22,93,191,120,7,56,231,241,175,182,63,224,150,183,183,118,191,18,190,14,234,8,217,72,62,40,44,82,177,193,225,220,170,255,0,90,248,175,199,150,254,117,133,162,2,1,3,112,220,122,224,255,0,250,171,236,63,248,38,157,212,86,112,252,54,215,3,21,91,79,136,22,19,190,7,111,53,88,183,225,185,133,116,225,236,168,191,67,193,171,240,31,185,94,37,87,143,81,99,25,12,12,103,32,125,122,214,108,183,69,160,242,200,198,0,249,199,113,232,107,67,197,111,182,228,24,70,70,204,28,14,115,89,177,52,211,192,84,40,218,159,121,155,160,174,103,27,30,125,198,36,237,209,36,193,81,131,186,145,38,153,148,166,207,248,23,173,70,193,154,63,58,12,48,110,180,143,42,198,192,7,201,218,58,118,169,234,208,11,27,59,59,134,29,71,56,237,79,73,54,99,108,135,129,128,106,38,86,242,219,203,39,61,205,54,23,217,25,12,199,39,158,156,102,133,112,46,91,236,35,203,86,201,111,67,219,158,181,36,211,162,190,81,182,149,56,4,116,53,70,25,80,43,20,36,63,66,123,84,132,238,27,88,240,79,111,90,23,152,26,154,108,233,44,161,54,242,254,181,241,111,252,23,214,210,51,225,47,134,218,132,143,22,216,172,245,84,149,37,25,89,80,253,159,116,127,86,80,84,125,107,236,219,2,145,201,149,60,12,100,129,206,61,171,228,95,248,47,62,147,111,170,254,207,62,17,184,44,199,247,247,17,228,30,64,111,39,252,5,118,101,143,151,49,166,159,115,223,225,137,91,59,163,235,254,103,129,127,193,172,122,118,155,225,159,140,159,180,95,130,52,187,103,183,91,43,141,33,228,183,150,64,237,19,186,202,197,9,4,244,44,87,240,175,83,209,109,100,179,253,173,62,57,233,247,49,15,45,60,81,14,9,224,16,203,49,233,244,34,188,207,254,13,170,210,52,207,13,254,217,31,180,145,176,4,46,178,116,235,181,1,137,5,140,211,151,60,250,23,95,166,107,212,245,203,133,179,253,182,126,61,186,18,137,31,136,116,226,209,178,17,203,69,32,200,207,224,127,26,244,179,181,24,231,184,148,187,71,242,71,173,196,214,255,0,88,177,124,191,203,15,202,39,143,120,208,221,31,21,221,92,218,162,220,37,172,176,188,211,62,119,174,81,126,238,58,142,15,230,107,213,239,167,142,235,71,178,185,143,231,89,45,35,96,191,84,83,94,105,241,39,82,213,46,117,157,66,209,32,138,37,82,168,171,26,114,70,209,128,78,79,35,63,165,119,177,93,44,254,5,210,117,36,63,122,204,112,135,161,10,160,254,160,254,85,243,75,74,178,71,203,98,93,225,19,128,248,152,82,231,199,49,75,59,111,31,103,4,46,222,84,158,49,250,10,235,190,30,52,146,233,55,65,99,1,126,195,128,49,200,218,129,79,231,154,230,62,34,233,55,183,26,154,106,49,144,0,182,7,118,126,246,51,249,87,71,240,96,27,157,52,220,187,237,73,45,229,141,148,115,209,148,19,248,243,88,69,254,253,163,75,127,179,197,159,38,126,221,31,188,75,215,80,0,121,71,78,217,136,15,230,43,231,31,1,196,183,26,178,196,1,220,185,32,215,211,127,183,86,150,246,208,93,249,157,85,147,63,132,103,53,243,47,195,169,22,31,19,126,240,3,184,21,253,107,118,173,19,185,211,255,0,101,230,242,61,59,226,5,150,223,133,23,114,5,7,22,251,136,207,177,255,0,235,87,205,182,113,239,211,99,200,0,2,70,64,231,169,175,168,124,123,28,77,240,175,81,30,110,20,91,103,112,245,193,192,252,77,124,191,163,137,77,132,113,200,50,66,12,129,253,238,244,169,90,204,224,164,175,22,110,233,0,69,109,21,202,70,112,92,17,249,245,175,85,212,45,49,165,164,176,156,1,26,243,219,165,121,230,141,29,184,208,99,150,108,110,13,149,25,247,175,74,188,79,51,195,208,148,110,54,41,199,214,183,118,232,98,213,217,194,95,70,83,85,146,57,87,45,198,113,94,191,251,60,68,137,224,243,28,96,13,247,114,31,215,31,210,188,171,87,5,53,150,131,0,18,128,179,119,175,93,253,156,66,127,194,45,60,71,147,29,235,133,207,247,112,191,227,89,153,203,85,99,246,98,205,100,112,73,7,61,133,106,197,255,0,30,227,43,158,6,64,172,171,124,179,128,141,144,77,109,64,84,218,170,185,193,199,43,95,87,169,242,173,216,138,61,236,153,76,12,241,140,83,36,73,51,149,35,32,115,239,214,173,70,132,198,202,204,56,236,57,53,31,147,10,242,206,73,199,78,212,172,10,109,21,224,137,153,75,33,206,61,106,92,200,80,52,107,146,59,138,145,21,177,149,1,121,252,234,91,100,216,133,113,156,242,71,165,10,35,246,132,80,36,141,17,145,134,48,127,136,210,134,118,202,1,203,83,209,75,101,16,124,167,52,232,81,128,40,202,20,227,130,58,154,6,165,114,32,2,46,231,36,98,154,204,251,246,196,0,205,78,45,227,229,156,177,57,231,158,41,190,76,107,47,152,172,112,122,138,7,204,69,182,69,228,48,220,190,148,248,146,22,82,66,31,165,72,182,249,13,187,131,216,82,195,18,198,49,182,149,187,7,61,145,12,194,80,54,198,164,231,218,154,150,143,147,27,12,247,224,213,194,36,8,199,105,246,167,70,34,146,63,44,16,172,189,73,20,37,96,85,25,28,48,239,139,5,79,29,170,39,130,228,206,67,28,174,14,87,214,175,65,22,213,39,119,61,189,41,170,188,110,32,103,29,105,219,169,74,78,218,153,198,207,202,57,32,96,251,246,171,118,145,149,76,40,252,104,157,124,146,122,147,154,124,5,243,177,151,25,165,109,7,119,123,10,194,37,114,79,160,0,83,37,116,87,242,215,147,212,85,135,180,95,39,204,121,1,231,238,247,60,212,113,36,51,18,208,197,207,114,7,74,92,186,93,20,64,141,51,6,142,69,57,39,130,105,241,34,186,227,60,246,230,166,100,137,62,251,116,239,154,137,101,81,38,35,92,250,0,58,212,140,120,183,68,77,178,42,144,59,154,199,214,238,160,243,183,32,0,244,56,63,94,181,173,52,23,83,33,19,68,66,158,152,172,45,67,75,146,59,172,150,200,110,196,246,169,217,21,98,25,53,40,81,126,246,70,56,199,74,175,246,255,0,53,240,172,64,234,8,169,158,202,36,141,163,65,215,140,181,87,142,8,211,229,43,208,96,84,148,146,44,125,184,68,128,200,130,92,244,0,253,218,129,231,105,28,188,132,0,8,161,163,33,8,84,231,166,105,195,78,70,143,247,160,177,3,168,52,2,17,228,14,3,35,6,227,156,83,97,12,210,59,231,28,103,255,0,173,82,67,105,10,12,70,229,119,123,102,172,219,217,71,177,131,46,121,234,78,41,92,105,95,99,50,72,217,156,200,80,227,244,166,249,27,35,60,159,115,138,217,93,49,22,76,156,156,244,92,113,74,186,74,187,178,141,160,14,131,165,53,34,212,116,50,96,181,50,38,62,247,161,21,98,43,98,145,24,178,62,181,109,180,199,183,98,168,164,28,125,106,104,173,84,41,183,49,156,158,244,185,137,105,162,157,188,41,176,51,28,182,63,42,144,90,196,196,238,39,215,138,187,22,157,11,41,81,201,29,205,61,44,80,13,129,254,108,100,26,155,146,102,197,104,33,118,101,233,156,230,164,88,213,137,119,76,113,198,42,244,118,196,228,12,49,95,188,8,167,60,112,227,36,99,218,145,81,87,76,168,116,171,121,8,220,196,51,38,11,122,243,72,218,73,85,229,137,110,139,158,152,247,171,5,153,35,37,62,110,120,25,167,36,183,143,159,52,96,99,129,183,154,13,145,156,154,120,137,91,147,146,195,229,38,158,32,1,193,103,193,39,60,122,85,164,178,158,83,230,8,201,81,193,3,173,73,13,184,118,33,160,62,153,238,41,164,222,192,144,221,51,203,93,74,5,96,121,117,25,252,107,241,231,254,14,60,149,71,252,20,111,195,145,71,214,211,225,11,151,199,112,247,46,184,252,218,191,101,244,109,54,105,53,8,163,42,72,243,71,111,122,252,85,255,0,131,136,110,167,187,255,0,130,156,73,103,58,237,109,55]},"_outOffset":2085,"_chunkSize":16384,"_defaultFlushFlag":0,"_finishFlushFlag":4,"_defaultFullFlushFlag":3,"_maxOutputLength":9007199254740991,"_rejectGarbageAfterEnd":false,"_level":9,"_strategy":0,"_mode":3}}): AbortError: The user aborted a request.
[debug] [2026-06-23T03:53:24.705Z] [uploadQueue] Retrying task bac394ab350b24de85590acd9cf1fbac4faf771357b011905e11efdad0bd12df
[debug] [2026-06-23T03:53:24.706Z] Checked if tokens are valid: true, expires at: 1782188904082
[debug] [2026-06-23T03:53:24.706Z] Checked if tokens are valid: true, expires at: 1782188904082
[debug] [2026-06-23T03:53:24.706Z] >>> [apiv2][query] POST https://upload-firebasehosting.googleapis.com/upload/sites/abdominalgym-kudus-gym/versions/76351787d5059d4e/files/bac394ab350b24de85590acd9cf1fbac4faf771357b011905e11efdad0bd12df [none]
[debug] [2026-06-23T03:53:24.706Z] >>> [apiv2][body] POST https://upload-firebasehosting.googleapis.com/upload/sites/abdominalgym-kudus-gym/versions/76351787d5059d4e/files/bac394ab350b24de85590acd9cf1fbac4faf771357b011905e11efdad0bd12df [stream]
[info] i  hosting: uploading new files [0/24] (0%) 
[debug] [2026-06-23T03:53:25.960Z] [uploadQueue] Retrying task 06781417b22f9c1a46be600625c39d5192f67709c479929f013338dcc42bc32c
[debug] [2026-06-23T03:53:25.961Z] Checked if tokens are valid: true, expires at: 1782188904082
[debug] [2026-06-23T03:53:25.962Z] Checked if tokens are valid: true, expires at: 1782188904082
[debug] [2026-06-23T03:53:25.962Z] >>> [apiv2][query] POST https://upload-firebasehosting.googleapis.com/upload/sites/abdominalgym-kudus-gym/versions/76351787d5059d4e/files/06781417b22f9c1a46be600625c39d5192f67709c479929f013338dcc42bc32c [none]
[debug] [2026-06-23T03:53:25.962Z] >>> [apiv2][body] POST https://upload-firebasehosting.googleapis.com/upload/sites/abdominalgym-kudus-gym/versions/76351787d5059d4e/files/06781417b22f9c1a46be600625c39d5192f67709c479929f013338dcc42bc32c [stream]
[info] i  hosting: uploading new files [0/24] (0%) 
[info] i  hosting: uploading new files [0/24] (0%) 
[debug] [2026-06-23T03:53:29.637Z] [uploadQueue] Retrying task 79d793e4d22a374810db05418b5135b1e4047959add669a7e2ef05bbd483c810
[debug] [2026-06-23T03:53:29.637Z] Checked if tokens are valid: true, expires at: 1782188904082
[debug] [2026-06-23T03:53:29.638Z] Checked if tokens are valid: true, expires at: 1782188904082
[debug] [2026-06-23T03:53:29.638Z] >>> [apiv2][query] POST https://upload-firebasehosting.googleapis.com/upload/sites/abdominalgym-kudus-gym/versions/76351787d5059d4e/files/79d793e4d22a374810db05418b5135b1e4047959add669a7e2ef05bbd483c810 [none]
[debug] [2026-06-23T03:53:29.638Z] >>> [apiv2][body] POST https://upload-firebasehosting.googleapis.com/upload/sites/abdominalgym-kudus-gym/versions/76351787d5059d4e/files/79d793e4d22a374810db05418b5135b1e4047959add669a7e2ef05bbd483c810 [stream]
[info] i  hosting: uploading new files [0/24] (0%) 
[info] i  hosting: uploading new files [0/24] (0%) 
[info] i  hosting: uploading new files [0/24] (0%) 
[info] i  hosting: uploading new files [0/24] (0%) 
[debug] [2026-06-23T03:53:37.514Z] [uploadQueue] Retrying task 98f96eca8a691ebb1da749e9ad88dcae4b387737b8520a3e2f733443ab962109
[debug] [2026-06-23T03:53:37.515Z] Checked if tokens are valid: true, expires at: 1782188904082
[debug] [2026-06-23T03:53:37.515Z] Checked if tokens are valid: true, expires at: 1782188904082
[debug] [2026-06-23T03:53:37.515Z] >>> [apiv2][query] POST https://upload-firebasehosting.googleapis.com/upload/sites/abdominalgym-kudus-gym/versions/76351787d5059d4e/files/98f96eca8a691ebb1da749e9ad88dcae4b387737b8520a3e2f733443ab962109 [none]
[debug] [2026-06-23T03:53:37.516Z] >>> [apiv2][body] POST https://upload-firebasehosting.googleapis.com/upload/sites/abdominalgym-kudus-gym/versions/76351787d5059d4e/files/98f96eca8a691ebb1da749e9ad88dcae4b387737b8520a3e2f733443ab962109 [stream]
[debug] [2026-06-23T03:53:38.183Z] [uploadQueue] Retrying task 6affdc28c9ad14f56505c34b9e1d52481fd30a9062674b162ba748e1bfa6cbac
[debug] [2026-06-23T03:53:38.184Z] Checked if tokens are valid: true, expires at: 1782188904082
[debug] [2026-06-23T03:53:38.184Z] Checked if tokens are valid: true, expires at: 1782188904082
[debug] [2026-06-23T03:53:38.185Z] >>> [apiv2][query] POST https://upload-firebasehosting.googleapis.com/upload/sites/abdominalgym-kudus-gym/versions/76351787d5059d4e/files/6affdc28c9ad14f56505c34b9e1d52481fd30a9062674b162ba748e1bfa6cbac [none]
[debug] [2026-06-23T03:53:38.185Z] >>> [apiv2][body] POST https://upload-firebasehosting.googleapis.com/upload/sites/abdominalgym-kudus-gym/versions/76351787d5059d4e/files/6affdc28c9ad14f56505c34b9e1d52481fd30a9062674b162ba748e1bfa6cbac [stream]
[debug] [2026-06-23T03:53:38.593Z] [uploadQueue] Retrying task 6576d8e3165cb75b7e188dcab075e61c32016ab24c437d91b161a76b47cb0885
[debug] [2026-06-23T03:53:38.594Z] Checked if tokens are valid: true, expires at: 1782188904082
[debug] [2026-06-23T03:53:38.594Z] Checked if tokens are valid: true, expires at: 1782188904082
[debug] [2026-06-23T03:53:38.594Z] >>> [apiv2][query] POST https://upload-firebasehosting.googleapis.com/upload/sites/abdominalgym-kudus-gym/versions/76351787d5059d4e/files/6576d8e3165cb75b7e188dcab075e61c32016ab24c437d91b161a76b47cb0885 [none]
[debug] [2026-06-23T03:53:38.595Z] >>> [apiv2][body] POST https://upload-firebasehosting.googleapis.com/upload/sites/abdominalgym-kudus-gym/versions/76351787d5059d4e/files/6576d8e3165cb75b7e188dcab075e61c32016ab24c437d91b161a76b47cb0885 [stream]
[info] i  hosting: uploading new files [0/24] (0%) 
[debug] [2026-06-23T03:53:39.904Z] [uploadQueue] Retrying task 284a56e45c38a4b5a993231a454082668783703d121128d1e7dc44314f04f818
[debug] [2026-06-23T03:53:39.905Z] Checked if tokens are valid: true, expires at: 1782188904082
[debug] [2026-06-23T03:53:39.905Z] Checked if tokens are valid: true, expires at: 1782188904082
[debug] [2026-06-23T03:53:39.905Z] >>> [apiv2][query] POST https://upload-firebasehosting.googleapis.com/upload/sites/abdominalgym-kudus-gym/versions/76351787d5059d4e/files/284a56e45c38a4b5a993231a454082668783703d121128d1e7dc44314f04f818 [none]
[debug] [2026-06-23T03:53:39.905Z] >>> [apiv2][body] POST https://upload-firebasehosting.googleapis.com/upload/sites/abdominalgym-kudus-gym/versions/76351787d5059d4e/files/284a56e45c38a4b5a993231a454082668783703d121128d1e7dc44314f04f818 [stream]
[debug] [2026-06-23T03:53:40.485Z] [uploadQueue] Retrying task a05e499a6e05f130ec3a57578dcadb99afdb5cd827eb71a701539e553d0591eb
[debug] [2026-06-23T03:53:40.486Z] Checked if tokens are valid: true, expires at: 1782188904082
[debug] [2026-06-23T03:53:40.486Z] Checked if tokens are valid: true, expires at: 1782188904082
[debug] [2026-06-23T03:53:40.486Z] >>> [apiv2][query] POST https://upload-firebasehosting.googleapis.com/upload/sites/abdominalgym-kudus-gym/versions/76351787d5059d4e/files/a05e499a6e05f130ec3a57578dcadb99afdb5cd827eb71a701539e553d0591eb [none]
[debug] [2026-06-23T03:53:40.486Z] >>> [apiv2][body] POST https://upload-firebasehosting.googleapis.com/upload/sites/abdominalgym-kudus-gym/versions/76351787d5059d4e/files/a05e499a6e05f130ec3a57578dcadb99afdb5cd827eb71a701539e553d0591eb [stream]
[info] i  hosting: uploading new files [0/24] (0%) 
[info] i  hosting: uploading new files [0/24] (0%) 
[debug] [2026-06-23T03:53:43.506Z] [uploadQueue] Retrying task ecc3c87513dcea536cdfc96a69710e25e0554f435d90da4d92ed842e93702a40
[debug] [2026-06-23T03:53:43.507Z] Checked if tokens are valid: true, expires at: 1782188904082
[debug] [2026-06-23T03:53:43.507Z] Checked if tokens are valid: true, expires at: 1782188904082
[debug] [2026-06-23T03:53:43.507Z] >>> [apiv2][query] POST https://upload-firebasehosting.googleapis.com/upload/sites/abdominalgym-kudus-gym/versions/76351787d5059d4e/files/ecc3c87513dcea536cdfc96a69710e25e0554f435d90da4d92ed842e93702a40 [none]
[debug] [2026-06-23T03:53:43.507Z] >>> [apiv2][body] POST https://upload-firebasehosting.googleapis.com/upload/sites/abdominalgym-kudus-gym/versions/76351787d5059d4e/files/ecc3c87513dcea536cdfc96a69710e25e0554f435d90da4d92ed842e93702a40 [stream]
[debug] [2026-06-23T03:53:44.288Z] <<< [apiv2][status] POST https://upload-firebasehosting.googleapis.com/upload/sites/abdominalgym-kudus-gym/versions/76351787d5059d4e/files/4e0760e627ea2688ba45eef7069d55118092d553d1dff2e241b8d1f98d3286d7 200
[debug] [2026-06-23T03:53:44.288Z] <<< [apiv2][body] POST https://upload-firebasehosting.googleapis.com/upload/sites/abdominalgym-kudus-gym/versions/76351787d5059d4e/files/4e0760e627ea2688ba45eef7069d55118092d553d1dff2e241b8d1f98d3286d7 [stream]
[info] i  hosting: uploading new files [1/24] (4%) 
[info] i  hosting: uploading new files [1/24] (4%) 
[info] i  hosting: uploading new files [1/24] (4%) 
[debug] [2026-06-23T03:53:50.374Z] [uploadQueue] Retrying task 3411da01c4b5dcd8d9de3b4847a8f7c1faff3fac7226bd57ca64fd92f7226390
[debug] [2026-06-23T03:53:50.374Z] Checked if tokens are valid: true, expires at: 1782188904082
[debug] [2026-06-23T03:53:50.375Z] Checked if tokens are valid: true, expires at: 1782188904082
[debug] [2026-06-23T03:53:50.375Z] >>> [apiv2][query] POST https://upload-firebasehosting.googleapis.com/upload/sites/abdominalgym-kudus-gym/versions/76351787d5059d4e/files/3411da01c4b5dcd8d9de3b4847a8f7c1faff3fac7226bd57ca64fd92f7226390 [none]
[debug] [2026-06-23T03:53:50.375Z] >>> [apiv2][body] POST https://upload-firebasehosting.googleapis.com/upload/sites/abdominalgym-kudus-gym/versions/76351787d5059d4e/files/3411da01c4b5dcd8d9de3b4847a8f7c1faff3fac7226bd57ca64fd92f7226390 [stream]
[info] i  hosting: uploading new files [1/24] (4%) 
[debug] [2026-06-23T03:53:52.371Z] [uploadQueue] Retrying task 42276209c0b88b4ae552be93d2a697fa81928d35d062ce26b33130209c1e1ff3
[debug] [2026-06-23T03:53:52.372Z] Checked if tokens are valid: true, expires at: 1782188904082
[debug] [2026-06-23T03:53:52.372Z] Checked if tokens are valid: true, expires at: 1782188904082
[debug] [2026-06-23T03:53:52.372Z] >>> [apiv2][query] POST https://upload-firebasehosting.googleapis.com/upload/sites/abdominalgym-kudus-gym/versions/76351787d5059d4e/files/42276209c0b88b4ae552be93d2a697fa81928d35d062ce26b33130209c1e1ff3 [none]
[debug] [2026-06-23T03:53:52.372Z] >>> [apiv2][body] POST https://upload-firebasehosting.googleapis.com/upload/sites/abdominalgym-kudus-gym/versions/76351787d5059d4e/files/42276209c0b88b4ae552be93d2a697fa81928d35d062ce26b33130209c1e1ff3 [stream]
[info] i  hosting: uploading new files [1/24] (4%) 
[info] i  hosting: uploading new files [1/24] (4%) 
[debug] [2026-06-23T03:53:55.562Z] [uploadQueue] Retrying task 5700d88a1fce790fe5fcbb5c390a23d7d03161ce8117e507472d4caf773ba14c
[debug] [2026-06-23T03:53:55.563Z] Checked if tokens are valid: true, expires at: 1782188904082
[debug] [2026-06-23T03:53:55.563Z] Checked if tokens are valid: true, expires at: 1782188904082
[debug] [2026-06-23T03:53:55.563Z] >>> [apiv2][query] POST https://upload-firebasehosting.googleapis.com/upload/sites/abdominalgym-kudus-gym/versions/76351787d5059d4e/files/5700d88a1fce790fe5fcbb5c390a23d7d03161ce8117e507472d4caf773ba14c [none]
[debug] [2026-06-23T03:53:55.563Z] >>> [apiv2][body] POST https://upload-firebasehosting.googleapis.com/upload/sites/abdominalgym-kudus-gym/versions/76351787d5059d4e/files/5700d88a1fce790fe5fcbb5c390a23d7d03161ce8117e507472d4caf773ba14c [stream]
[debug] [2026-06-23T03:53:56.909Z] *** [apiv2] error from fetch(https://upload-firebasehosting.googleapis.com/upload/sites/abdominalgym-kudus-gym/versions/76351787d5059d4e/files/cd823841744c5237a745c9ef4bb848f33b5acfe4538e8b586f75bd3303c87378, {"headers":{},"method":"POST","signal":{"reason":""},"body":{"_writeState":{"0":13185,"1":0},"_events":{},"_readableState":{"highWaterMark":16384,"buffer":[],"bufferIndex":0,"length":0,"pipes":[],"awaitDrainWriters":null},"_writableState":{"highWaterMark":16384,"length":0,"corked":0,"writelen":0,"bufferedIndex":0,"pendingcb":0},"allowHalfOpen":true,"_eventsCount":2,"bytesWritten":2461001,"_handle":null,"_outBuffer":{"type":"Buffer","data":[241,179,195,147,248,35,226,94,163,110,250,112,195,121,54,214,235,30,24,116,251,190,245,230,119,7,201,148,196,87,56,56,206,43,79,74,81,27,72,235,22,126,82,127,207,229,89,78,231,237,82,7,238,231,240,230,180,130,75,99,57,59,139,12,160,143,45,148,117,171,30,112,44,66,140,113,218,170,141,177,201,158,72,205,74,48,78,236,96,86,151,32,148,201,142,24,14,159,157,0,133,27,70,71,227,81,34,29,219,136,226,165,35,98,151,63,133,0,60,77,28,99,7,60,129,84,60,75,56,183,210,164,0,255,0,172,27,71,226,112,106,200,49,185,222,195,56,230,179,181,185,35,158,230,25,39,66,208,164,169,189,7,241,13,221,41,243,10,215,103,223,127,7,60,51,226,125,19,246,53,209,180,182,177,120,210,15,12,201,59,54,57,216,229,223,62,252,87,203,58,84,236,53,27,139,217,162,249,90,224,169,227,149,193,197,125,193,103,241,103,195,122,79,236,239,164,105,80,216,98,73,124,33,12,31,101,25,196,65,162,224,251,253,225,249,215,195,233,20,49,107,23,130,49,38,26,233,153,67,125,106,41,110,205,26,247,78,162,220,42,128,34,206,10,231,119,165,117,127,10,180,203,93,66,248,36,236,84,25,242,37,199,76,30,77,114,16,221,76,182,232,130,32,75,168,5,88,87,89,240,222,230,27,29,93,225,184,149,217,28,5,242,227,232,58,150,199,165,122,216,69,251,211,138,186,180,25,245,247,135,247,92,105,81,139,155,101,140,176,11,185,91,239,40,224,31,111,254,189,121,191,237,42,45,174,116,163,101,153,76,130,34,132,118,96,51,233,94,143,224,203,13,54,207,195,246,176,233,235,55,217,182,134,2,103,220,192,30,112,77,121,207,199,169,163,93,72,92,197,30,251,123,172,44,100,246,32,28,215,210,193,94,39,206,47,140,241,239,10,133,181,180,117,38,54,140,182,118,158,198,172,71,33,12,237,1,57,39,167,173,87,134,198,218,201,101,182,142,76,135,98,73,207,127,243,254,125,101,180,129,208,135,146,76,0,113,92,231,73,191,20,240,205,106,99,88,54,144,6,115,80,61,196,177,184,69,28,131,144,74,244,255,0,56,170,226,226,72,144,202,28,156,138,88,46,103,189,79,152,96,169,231,138,180,37,177,163,111,43,93,2,211,197,130,58,28,112,212,235,57,32,12,76,195,228,78,126,181,13,189,204,206,173,4,163,133,232,106,91,79,179,59,253,158,225,115,254,208,244,160,130,120,174,173,31,247,144,68,74,134,206,65,235,254,127,173,16,94,59,137,64,135,10,252,117,166,220,89,195,101,112,209,216,228,194,64,195,55,175,122,125,188,201,229,125,159,111,57,200,62,213,81,37,137,20,109,27,43,109,12,1,249,213,170,121,158,209,224,107,169,237,131,109,249,83,111,56,61,169,82,57,231,147,200,104,203,15,246,61,59,154,45,173,226,181,103,84,186,27,91,248,73,228,85,18,75,165,93,249,218,100,144,203,177,74,49,94,113,147,75,97,16,86,49,249,220,103,63,55,214,170,164,22,176,221,171,196,73,220,113,134,233,90,182,152,82,76,16,34,151,198,224,87,173,105,109,0,122,219,102,66,211,69,27,14,159,116,115,82,220,248,159,198,90,23,134,7,135,236,26,43,141,60,92,137,160,145,151,50,68,65,39,104,61,186,159,206,139,73,26,121,73,243,6,213,61,5,72,18,102,130,84,105,190,70,203,4,199,25,255,0,63,202,169,36,247,21,218,61,203,69,215,124,31,251,72,248,54,207,194,247,158,49,182,208,252,115,99,107,139,25,38,148,8,111,23,178,49,60,19,211,142,170,115,193,6,189,243,246,111,248,133,227,223,6,105,176,105,191,25,254,6,37,213,213,146,24,162,212,44,111,237,124,139,133,207,202,216,89,62,94,59,17,255,0,214,248,26,77,62,194,238,16,53,88,12,161,95,32,163,20,42,125,136,228,86,133,132,254,41,181,151,236,246,222,59,241,0,179,35,229,183,254,216,151,98,125,1,52,227,132,133,72,89,236,97,57,182,207,177,127,110,111,218,135,225,243,232,55,62,7,240,197,220,71,85,213,225,72,229,181,181,109,198,205,113,200,103,94,59,116,247,252,254,67,212,146,250,206,213,173,62,222,92,19,158,113,150,231,61,122,210,88,216,89,219,207,178,241,228,153,72,39,205,155,230,114,121,234,106,91,210,124,134,142,62,85,143,203,158,181,74,140,40,195,150,37,194,124,199,152,120,241,129,73,224,65,242,41,44,120,175,19,241,84,151,15,43,149,118,85,110,3,126,39,154,246,239,30,75,31,246,108,209,50,16,90,92,22,3,235,94,43,226,120,195,239,139,180,121,239,238,107,196,199,118,61,140,41,99,224,180,223,96,241,162,75,43,111,42,132,22,235,154,246,216,108,236,222,19,57,112,197,64,57,92,140,231,181,120,119,193,217,55,248,165,162,116,207,151,30,71,191,38,189,155,79,189,17,71,229,35,100,48,203,123,86,88,88,222,152,235,207,150,101,155,84,186,183,186,103,142,105,98,220,56,146,25,10,255,0,90,183,109,105,42,33,186,125,70,105,89,199,205,230,200,88,158,125,205,66,179,41,194,150,37,91,210,181,116,216,45,218,18,210,156,42,14,1,29,122,215,109,58,112,90,216,228,149,89,62,165,221,43,195,214,235,16,188,102,100,121,112,204,155,189,43,88,206,32,5,39,33,201,198,214,61,107,9,117,137,35,151,98,161,100,60,98,175,39,202,191,104,118,29,51,180,242,107,163,153,156,235,86,59,82,186,185,251,25,6,64,201,191,33,113,92,87,197,20,18,252,60,213,148,70,241,150,128,132,151,61,91,147,197,118,151,119,247,18,90,126,226,85,49,146,1,194,116,235,92,167,196,248,154,95,4,222,58,200,60,168,163,222,235,143,188,122,86,85,63,134,203,164,249,102,143,139,116,31,25,127,102,73,61,157,230,156,10,249,231,46,249,220,14,79,233,91,240,248,203,70,149,83,203,153,121,192,42,198,171,54,179,101,127,12,193,108,99,56,153,208,150,65,206,24,138,230,228,130,43,173,104,89,170,108,14,248,0,14,131,156,215,204,78,77,73,159,69,8,169,35,184,187,215,45,166,56,82,164,99,168,170,239,125,109,116,12,107,128,0,231,53,158,62,30,248,230,194,47,180,90,91,165,196,93,138,184,228,123,85,4,135,197,54,141,34,220,120,102,248,5,234,86,217,136,239,220,10,155,190,165,36,186,26,178,75,8,80,35,132,18,59,129,77,138,234,85,7,3,39,233,84,97,212,137,128,177,183,145,15,67,184,116,169,109,117,43,87,137,143,113,220,82,186,29,153,98,9,214,218,228,184,200,39,169,199,90,183,30,167,13,187,139,149,66,172,79,83,222,179,109,245,43,73,159,204,46,24,14,56,21,102,75,187,123,150,17,170,13,170,61,41,115,10,200,183,39,136,101,144,157,242,2,51,199,189,85,147,80,243,243,188,145,232,61,106,183,150,138,217,35,35,181,71,42,121,192,174,253,188,246,20,185,222,195,81,185,114,219,82,85,4,25,48,189,56,61,106,244,55,250,113,101,196,153,224,100,26,192,24,80,21,143,74,150,222,127,152,238,252,13,10,65,202,183,55,99,150,56,228,253,214,0,61,197,77,28,17,220,207,190,89,72,199,165,100,218,92,141,252,176,198,56,173,27,27,200,150,76,54,49,144,106,227,33,23,153,220,191,155,43,146,171,194,237,227,53,98,210,254,75,87,219,229,59,70,195,159,99,84,62,210,151,36,186,146,20,30,5,91,182,188,141,163,62,104,35,156,115,90,45,76,220,116,38,154,242,45,224,2,55,183,63,206,180,108,174,227,101,88,238,152,24,241,223,181,80,88,161,101,15,8,82,196,119,20,160,24,98,115,220,14,69,43,38,11,77,139,210,166,151,60,229,84,34,168,57,5,78,8,199,113,93,7,130,126,52,248,131,225,157,233,184,209,60,69,118,200,171,136,160,118,44,128,147,232,107,134,153,86,72,75,169,57,39,250,213,59,155,185,33,135,41,9,125,189,7,122,194,173,40,84,90,155,82,169,40,108,125,69,225,111,219,31,195,26,205,132,49,124,67,209,225,133,200,30,108,240,48,13,245,219,222,189,75,194,158,33,240,118,175,10,248,147,192,127,18,227,211,9,92,194,239,118,34,220,113,199,4,227,169,239,95,159,58,150,161,58,169,187,156,144,187,114,16,118,172,217,188,99,175,207,26,219,197,174,222,64,168,126,85,138,98,184,250,98,188,186,152,40,95,67,186,158,42,86,212,251,99,199,218,199,199,205,79,197,233,55,196,164,147,196,144,220,206,191,98,189,210,35,73,85,16,156,124,197,20,118,238,127,250,231,47,226,16,109,42,6,132,91,202,164,182,221,129,126,101,201,198,72,237,95,45,248,51,246,136,248,201,240,255,0,196,22,113,120,83,198,119,204,204,202,173,230,204,89,64,207,163,102,190,165,213,181,221,127,197,30,6,181,212,188,73,105,27,106,55,86,190,100,179,194,220,103,39,147,245,197,112,84,164,233,74,231,101,58,138,104,231,173,110,45,98,241,47,135,205,209,14,171,174,90,22,245,230,64,63,207,214,190,186,191,48,63,196,72,34,189,180,100,85,133,139,28,240,195,202,108,1,95,35,90,64,145,93,232,17,238,70,39,91,181,223,149,228,126,244,14,191,92,87,214,119,210,71,107,227,233,12,183,32,171,233,235,42,147,221,140,123,64,21,221,130,127,189,87,238,140,171,175,117,159,113,126,204,142,210,248,87,88,145,201,43,46,152,202,115,233,184,215,201,31,240,80,24,226,255,0,133,63,173,90,199,17,118,73,156,174,213,251,160,171,159,202,190,185,253,153,34,150,47,11,106,118,141,114,165,134,154,121,3,238,228,147,248,245,175,148,127,110,22,15,240,211,196,48,41,73,88,170,3,129,142,79,24,252,199,235,95,165,213,215,47,146,242,62,15,4,173,156,79,213,31,153,190,24,144,65,12,240,237,40,86,38,87,95,124,28,215,157,93,73,18,234,147,188,131,35,206,35,240,205,122,15,135,130,181,229,212,10,78,229,150,64,224,243,235,94,77,172,106,50,219,235,247,16,128,113,231,55,95,169,175,206,173,239,51,238,37,107,26,115,192,138,26,75,68,200,61,70,115,87,180,253,126,69,65,110,210,152,221,87,29,113,84,52,189,85,30,6,141,99,5,207,66,106,97,96,204,124,249,98,92,158,132,83,74,250,51,59,157,95,131,254,41,255,0,98,78,97,186,185,3,203,229,29,218,187,123,79,138,23,58,141,162,188,23,194,22,73,4,145,204,135,158,245,228,49,105,182,183,114,21,184,143,229,24,200,245,173,205,54,55,129,154,17,9,88,211,128,171,254,125,170,93,40,49,170,178,91,30,241,224,223,219,95,197,62,24,186,145,60,67,52,186,130,198,71,148,242,40,41,183,24,199,4,17,223,252,245,245,95,12,126,222,30,2,241,30,154,201,168,42,219,197,44,91,30,217,240,194,80,65,4,109,244,175,140,126,207,110,3,152,124,220,177,193,0,255,0,58,75,29,29,99,184,123,233,35,219,152,202,174,211,131,156,143,240,169,88,58,115,101,125,102,104,250,237,254,37,124,13,213,46,77,222,144,151,86,179,131,185,126,195,116,209,1,215,156,6,192,255,0,235,214,207,134,254,48,232,219,158,222,211,197,154,152,206,0,91,169,188,192,195,62,230,190,38,138,247,198,86,172,207,167,121,197,131,229,89,142,84,140,158,42,196,31,19,126,35,216,238,77,80,34,202,142,54,121,67,111,0,247,199,210,173,101,241,236,47,173,202,199,221,55,62,60,211,39,183,107,119,190,185,84,99,137,25,99,228,154,231,117,159,135,95,14,252,94,100,191,213,117,189,93,114,67,44,200,185,199,230,120,175,151,180,47,218,203,199,150,81,173,142,173,161,180,199,238,70,202,128,156,15,94,125,171,127,75,253,171,60,81,118,207,4,58,116,209,36,152,89,20,68,51,159,207,158,149,215,75,9,8,173,140,39,136,168,246,61,67,196,31,179,167,192,205,94,249,102,187,248,209,226,11,36,92,125,162,17,17,57,31,236,240,127,207,229,89,182,63,179,167,236,171,165,120,132,106,246,223,180,55,137,136,141,249,182,184,179,33,8,244,57,65,88,90,111,198,91,68,34,93,70,39,23,12,50,203,60,125,186,84,26,135,141,172,47,150,89,78,0,45,151,62,185,244,246,173,254,175,11,25,44,68,187,158,149,111,164,126,200,250,124,242,91,220,124,94,191,185,3,171,37,160,11,244,57,94,106,229,167,197,255,0,217,203,194,112,27,75,15,26,235,183,176,14,4,16,66,17,0,252,84,87,206,26,199,136,244,169,37,97,5,184,97,191,0,132,227,245,172,184,252,75,2,150,141,44,165,25,225,148,224,119,172,94,18,14,230,145,197,206,59,31,84,71,251,75,126,206,200,60,169,188,23,171,106,104,171,187,100,147,1,140,125,25,105,182,223,182,167,193,221,29,164,125,3,224,132,182,145,200,126,118,154,102,109,255,0,137,115,249,87,202,211,107,182,62,95,144,109,37,140,179,114,84,142,127,46,212,135,196,49,216,194,75,137,102,136,125,232,144,115,223,214,185,255,0,179,168,222,236,175,174,213,103,214,113,254,223,58,19,217,98,207,225,150,159,34,20,61,99,27,144,254,117,17,253,186,116,223,177,121,240,232,54,118,146,1,146,255,0,102,65,235,253,236,215,200,183,94,40,32,155,139,123,99,26,176,255,0,86,199,156,123,226,179,79,136,231,214,135,216,231,50,70,185,200,70,60,31,202,151,246,125,30,136,113,199,85,72,250,238,127,219,231,196,247,243,139,45,47,236,11,242,238,251,76,169,4,121,30,131,106,156,154,130,63,219,103,196,247,106,255,0,218,122,173,136,242,249,69,144,167,205,244,1,115,95,39,174,175,25,182,54,175,26,102,51,181,92,142,72,25,197,17,234,146,233,136,147,206,187,165,119,62,81,198,112,5,31,80,166,31,92,168,127,255,217,178,203,68,14,73,141,37,0,181,61,67,80,241,133,195,121,110,114,21,85,76,199,61,189,15,205,237,205,59,239,248,39,183,252,18,103,72,241,245,158,171,127,226,125,83,72,140,68,205,119,163,105,158,36,184,150,57,91,146,24,145,185,199,208,48,21,229,150,255,0,177,15,237,225,119,121,14,153,113,240,94,41,160,138,125,234,235,174,64,251,198,114,119,13,220,140,14,181,204,95,252,27,191,215,190,43,221,252,19,176,104,116,239,25,193,32,142,109,50,59,164,5,65,64,91,45,156,99,13,235,222,180,250,163,106,237,221,247,56,170,213,230,118,177,239,126,60,253,145,63,224,157,222,38,214,124,55,62,139,224,59,27,173,30,227,116,55,119,119,122,245,202,76,138,78,17,193,243,134,230,255,0,32,214,245,151,236,61,251,7,252,63,209,237,160,240,247,196,123,173,61,48,68,183,247,58,147,180,219,179,193,24,32,12,116,232,123,126,63,52,248,231,246,109,214,190,1,248,214,195,225,143,197,239,25,219,193,173,226,19,162,105,67,84,89,69,201,149,202,32,64,167,174,238,189,199,122,244,177,255,0,4,221,253,186,132,107,170,193,240,183,237,133,219,127,217,229,215,45,83,111,208,52,220,12,123,84,44,189,207,100,114,185,36,125,13,107,224,127,14,105,126,24,105,124,33,251,122,234,205,4,58,105,93,26,206,226,218,222,112,242,2,118,228,201,25,36,100,99,161,53,177,117,163,218,79,160,73,162,107,63,183,157,237,230,166,201,11,217,51,248,46,18,45,228,28,144,10,71,208,242,8,207,67,130,13,120,86,145,251,24,126,221,22,186,64,211,239,127,103,41,55,32,204,79,31,136,108,177,27,3,156,129,231,241,211,249,215,77,166,126,0,14,64,241,191,207,31,183,158,153,108,132,126,207,0,205,23,37,206,189,104,121,246,2,126,63,250,245,81,203,42,46,132,251,72,247,58,127,24,252,9,248,61,172,120,149,117,207,23,107,191,13,245,139,209,18,121,247,154,159,195,167,18,220,73,221,157,145,79,39,235,220,240,42,167,136,191,97,127,216,95,198,104,190,33,241,231,194,239,0,61,230,165,34,198,46,44,238,47,116,248,73,32,129,132,4,40,60,122,12,147,234,121,204,190,248,101,255,0,5,18,130,20,180,181,248,73,125,111,27,182,37,148,92,218,74,202,61,179,41,172,127,31,254,202,159,181,135,138,245,253,26,125,123,70,215,53,11,91,53,243,46,45,240,22,61,217,57,82,23,169,247,25,226,180,134,2,80,232,28,209,125,77,13,19,254,9,99,251,29,248,118,91,215,210,124,1,224,93,88,9,140,144,199,119,226,91,144,209,14,201,157,199,32,123,254,53,202,107,255,0,240,73,143,129,95,18,188,89,31,141,116,95,0,248,123,70,179,22,198,59,205,42,223,196,114,71,11,204,88,128,234,1,224,99,28,41,0,154,131,89,253,159,191,104,223,13,79,48,182,248,49,175,201,3,203,136,165,183,181,145,138,143,78,57,199,189,108,39,192,191,137,173,101,105,113,173,106,218,197,165,198,210,215,58,101,197,156,255,0,42,130,72,25,9,233,143,207,173,41,96,95,68,203,140,145,67,192,63,240,75,31,217,142,107,95,17,248,15,78,248,127,101,54,173,166,220,70,179,235,58,182,186,230,50,178,38,245,16,128,195,118,51,142,128,250,146,69,90,182,255,0,130,29,248,102,47,135,250,119,139,116,223,19,233,194,70,141,167,154,198,111,16,40,144,38,88,168,93,177,224,156,99,191,175,38,155,166,104,58,213,181,227,69,54,165,168,64,177,92,99,124,246,178,176,40,9,227,238,125,63,58,217,142,239,74,211,117,49,168,72,151,50,236,110,27,236,211,171,17,255,0,124,138,231,142,30,172,47,100,205,146,139,234,113,211,127,193,17,60,119,174,104,11,226,59,11,219,57,22,229,139,53,163,120,174,63,50,218,12,244,83,229,225,152,143,124,15,229,222,124,12,255,0,130,67,73,240,211,193,122,239,135,244,239,134,178,248,142,199,196,38,39,159,251,119,198,144,33,84,143,230,88,246,194,20,103,127,57,57,234,7,28,231,55,82,154,219,196,240,206,101,212,175,244,109,131,253,30,113,12,236,236,121,228,21,28,127,245,235,138,240,147,124,61,240,108,215,154,38,179,167,234,154,204,247,146,183,155,173,220,207,120,175,110,14,64,40,139,128,112,57,228,30,127,42,154,145,173,56,218,73,219,250,242,41,83,139,217,150,15,252,17,247,246,216,214,190,44,92,120,152,120,47,76,185,240,220,161,133,174,151,171,248,182,6,75,36,25,217,18,108,82,8,3,0,113,200,31,82,125,137,255,0,224,157,191,182,6,183,162,90,105,122,167,192,79,6,106,175,167,72,143,101,119,168,120,142,37,146,6,83,145,181,144,2,7,3,35,161,28,28,215,144,104,122,255,0,193,253,39,126,159,170,94,248,146,234,218,23,98,146,73,113,124,26,94,188,225,87,167,228,107,23,196,127,180,47,194,205,54,202,226,127,12,233,62,43,178,116,82,177,198,110,181,13,210,28,224,96,246,21,189,41,213,155,214,250,127,93,139,191,39,245,255,0,4,250,70,227,246,52,253,188,244,187,7,211,124,39,251,46,124,36,81,230,249,175,19,152,74,205,39,77,197,183,231,62,252,87,57,170,126,198,63,240,82,139,41,161,212,116,95,216,235,225,172,62,80,62,117,166,147,113,102,130,119,36,225,216,180,188,254,70,190,101,189,253,179,188,105,164,220,69,39,132,252,103,227,141,58,56,215,155,120,245,93,72,110,63,142,113,82,201,255,0,5,1,253,170,53,139,184,226,240,151,199,159,23,232,94,88,229,126,219,123,55,153,140,246,145,27,154,234,141,59,47,133,125,198,78,113,62,133,147,225,231,252,22,71,195,176,77,99,226,223,217,231,64,30,101,210,253,158,249,162,211,93,237,237,243,202,41,73,70,227,142,6,84,158,7,94,250,208,120,31,246,227,210,124,65,37,237,239,236,217,253,181,103,176,180,51,150,183,134,101,108,31,148,170,54,8,237,248,215,206,250,23,252,20,171,246,207,190,208,175,52,125,123,226,207,136,245,29,73,46,119,105,215,215,214,238,13,184,29,8,143,201,80,249,244,32,142,127,59,154,7,252,20,167,254,10,65,6,166,45,167,253,160,111,204,81,70,124,248,219,195,22,219,139,118,219,155,99,250,212,44,50,147,109,69,95,211,67,40,186,124,218,236,122,199,136,164,255,0,130,164,104,118,237,227,239,12,254,199,158,19,210,109,32,156,65,30,153,125,36,76,210,171,18,55,141,242,140,17,234,49,244,35,53,55,252,36,95,182,142,164,109,52,95,18,235,190,20,210,162,142,45,215,90,89,178,130,70,71,61,87,114,196,87,35,215,57,61,115,92,39,138,63,224,160,127,181,79,141,116,205,42,219,199,191,21,53,55,150,206,81,115,4,107,165,69,8,18,2,70,100,17,66,185,233,211,158,9,245,169,227,253,185,254,45,182,145,29,206,163,56,212,111,24,252,243,253,138,36,82,50,114,54,132,253,107,95,103,41,67,223,132,83,242,95,230,216,239,74,47,221,119,245,61,23,83,240,199,199,121,188,59,112,151,191,179,183,133,188,84,247,92,192,101,213,162,183,89,71,32,23,29,115,212,130,49,215,241,168,180,57,63,108,203,61,29,60,49,226,111,217,3,76,213,244,237,77,148,223,217,90,120,214,56,229,146,36,108,133,220,14,112,15,78,125,178,107,134,135,246,232,248,143,52,74,111,244,103,131,107,0,166,19,15,63,154,113,90,7,246,244,241,213,141,210,45,164,119,198,69,131,118,109,140,14,202,58,145,254,168,143,124,84,71,10,229,23,21,4,255,0,175,80,117,160,154,109,232,122,124,183,255,0,17,236,102,93,70,111,248,39,214,187,109,61,173,191,217,109,30,63,22,65,114,159,103,32,130,172,25,142,120,39,25,7,173,114,7,246,113,248,39,227,251,123,157,43,70,248,225,241,83,225,70,181,123,11,108,75,178,130,50,220,144,3,136,203,109,7,28,111,25,245,239,88,13,251,126,252,105,186,120,231,182,240,253,245,244,50,184,141,68,179,193,188,125,84,32,43,199,115,86,60,69,251,105,107,250,63,217,172,188,73,240,223,77,188,138,229,242,242,121,235,43,198,115,211,134,192,60,255,0,158,252,191,217,181,34,238,227,169,164,177,52,165,164,78,75,80,253,150,63,224,162,63,13,190,18,221,248,35,246,123,248,231,224,107,248,161,191,103,159,196,23,50,21,212,239,21,156,141,237,230,33,69,194,224,241,150,192,224,147,215,131,211,255,0,103,175,248,43,207,133,86,57,124,55,241,255,0,195,18,206,110,64,129,191,181,131,187,202,115,215,124,68,12,251,227,175,189,123,80,253,179,45,252,51,118,70,163,240,200,201,4,137,143,42,214,92,237,207,102,228,138,177,31,237,155,240,221,226,34,243,225,142,164,187,128,40,145,169,194,31,95,188,8,164,176,46,254,244,111,242,57,219,139,60,107,76,182,255,0,130,237,104,150,186,156,186,215,137,60,58,243,89,206,35,134,218,86,177,103,188,108,159,187,181,112,7,31,197,180,251,87,49,111,251,80,127,193,97,227,214,110,52,141,115,224,94,133,127,38,135,56,23,226,255,0,79,137,99,207,92,146,178,46,229,199,57,92,241,95,77,205,251,88,120,30,194,214,214,217,254,27,93,72,100,136,76,151,118,55,100,177,201,63,123,231,225,191,18,106,204,191,181,95,193,123,147,53,220,158,2,212,96,188,184,136,65,52,211,160,103,32,241,131,153,13,91,192,81,107,247,148,162,254,68,174,94,135,140,233,63,240,85,143,218,243,225,191,133,164,178,248,151,255,0,4,231,211,181,6,42,100,254,218,240,236,210,91,192,209,251,15,45,249,224,255,0,23,62,158,190,167,251,43,126,218,255,0,8,191,108,99,39,134,231,191,241,23,195,159,24,60,110,241,104,250,213,153,123,89,17,21,153,157,37,40,16,168,10,121,114,188,241,142,153,232,239,62,37,105,247,58,26,232,23,22,186,117,238,142,241,160,58,110,165,107,189,87,7,32,158,121,231,28,31,74,161,173,124,99,240,197,148,86,23,51,93,248,34,73,172,137,91,91,57,109,142,248,58,174,19,105,200,36,113,244,227,53,193,136,201,242,234,145,189,58,86,151,147,253,63,175,243,167,78,13,15,151,91,184,241,60,23,26,127,131,252,97,107,227,11,72,181,7,182,187,150,9,133,171,199,32,227,132,227,142,65,7,184,108,138,220,210,254,20,105,75,102,45,239,226,138,221,97,140,53,211,53,206,37,46,70,118,147,158,156,244,29,107,204,244,47,31,252,68,210,252,77,168,234,150,222,16,240,114,91,223,221,52,197,172,163,146,41,87,61,14,115,207,92,241,142,181,83,196,127,15,124,59,227,248,32,209,237,117,77,46,226,234,59,134,184,212,110,181,47,17,79,11,181,193,98,64,33,15,200,160,96,99,171,103,38,184,222,85,203,162,211,208,159,100,122,7,141,188,73,165,120,23,192,87,94,37,240,215,137,52,205,4,217,124,151,130,226,233,75,145,187,25,218,115,146,6,123,19,233,158,252,111,132,127,111,159,128,190,20,210,239,62,215,241,110,251,196,58,133,154,6,134,215,195,154,35,27,169,1,224,136,131,170,169,60,253,121,173,77,15,193,127,14,237,225,188,176,241,199,192,31,7,235,55,243,136,213,111,237,181,41,36,142,101,81,140,19,35,112,56,207,167,183,122,232,102,240,39,236,189,44,54,90,159,136,254,19,248,87,78,190,134,32,173,61,136,83,34,1,208,121,138,67,48,24,29,122,85,199,41,195,52,212,227,112,84,91,122,51,204,181,207,248,41,15,131,116,109,81,27,77,253,142,126,53,106,91,148,185,158,235,68,85,103,207,86,227,57,250,213,207,1,254,217,158,54,248,233,103,175,183,194,175,217,195,197,250,78,177,163,233,237,117,107,225,223,19,217,60,98,254,37,198,230,70,92,102,78,193,112,121,35,25,230,189,187,70,214,254,27,90,218,199,23,134,124,83,36,17,145,242,121,100,185,62,153,44,77,91,135,197,62,52,185,186,71,209,60,114,234,241,2,177,72,116,248,178,20,245,228,253,43,85,130,193,65,37,236,209,189,44,11,169,246,143,145,175,127,224,161,95,25,46,109,97,158,47,216,147,199,63,111,139,139,226,124,51,43,0,70,120,13,252,67,234,5,117,127,5,255,0,104,127,219,251,227,156,183,250,175,195,31,216,206,230,210,206,218,69,72,230,241,67,38,150,161,176,121,2,119,5,199,174,223,211,191,208,240,252,72,241,175,135,238,36,18,248,186,231,84,98,73,120,222,193,21,1,228,117,7,61,171,3,197,215,47,241,182,19,111,241,102,238,230,243,77,129,183,219,233,105,11,197,30,239,162,16,78,7,25,36,158,107,186,17,192,242,90,52,146,101,188,189,197,234,211,57,93,59,225,143,237,61,175,180,222,40,253,172,62,32,248,43,195,62,73,30,93,133,133,196,55,12,35,235,129,156,143,212,154,183,63,196,223,216,119,225,23,139,94,73,62,62,195,169,106,246,154,113,116,54,22,222,114,68,141,157,219,150,222,34,170,70,51,201,200,227,138,208,208,254,18,124,5,84,70,95,134,58,78,152,35,12,22,59,155,57,46,55,129,252,95,51,30,120,173,31,13,120,3,246,74,240,115,221,157,51,225,23,132,100,184,186,77,183,19,205,225,182,253,224,238,184,42,112,61,169,251,58,79,160,190,166,145,201,120,183,246,206,253,138,222,56,124,109,109,224,139,111,18,91,51,197,4,218,188,182,146,192,198,82,112,170,75,109,36,113,222,185,95,138,159,183,175,252,18,181,239,174,45,62,32,252,57,209,238,53,72,87,31,102,155,72,184,157,3,99,128,29,114,152,250,87,173,234,62,25,253,157,175,33,251,45,199,194,191,2,203,106,72,6,201,188,54,222,88,199,252,7,25,168,117,207,132,95,178,134,164,190,69,159,236,169,240,222,120,176,21,103,125,30,49,147,248,173,17,195,66,91,237,232,103,58,13,108,124,79,227,47,248,44,5,147,153,252,21,251,51,254,206,122,38,147,162,218,186,172,18,233,122,19,121,211,144,78,89,64,35,203,200,238,114,78,122,87,142,124,82,253,160,127,106,207,218,19,205,120,124,43,14,133,104,209,136,22,59,155,134,105,6,115,134,195,116,110,123,142,245,250,109,7,193,95,128,122,61,170,219,105,63,179,15,195,171,71,35,135,134,56,226,207,208,1,87,180,223,134,255,0,179,213,140,226,195,89,248,13,162,195,188,101,239,172,27,112,86,29,50,56,226,183,142,18,156,53,72,136,193,159,150,158,7,255,0,130,123,254,210,159,18,244,43,109,75,196,190,59,178,131,77,83,185,34,146,105,26,112,71,251,59,57,252,235,232,159,3,126,192,223,1,60,11,161,199,107,119,240,207,94,213,245,107,139,69,75,253,99,115,179,70,196,0,237,26,109,218,57,228,100,26,251,54,111,15,248,31,64,73,37,211,244,85,187,119,147,247,16,40,242,208,39,110,87,165,91,210,60,91,167,68,199,77,111,12,141,58,36,5,230,54,238,102,201,30,254,149,203,137,171,137,140,125,207,242,61,12,54,18,147,126,241,229,31,4,255,0,102,127,217,247,192,159,13,215,193,190,19,209,53,104,44,94,237,46,110,174,103,137,145,238,46,35,57,87,124,128,9,4,14,221,171,219,180,159,2,248,55,196,159,14,175,181,91,175,16,203,111,168,137,22,56,45,119,34,179,70,167,150,10,121,43,131,215,218,169,120,111,76,127,137,190,48,179,209,27,81,177,176,208,37,148,27,162,110,150,57,72,7,56,218,221,206,56,174,115,246,190,241,167,133,127,103,253,99,95,189,240,220,241,72,146,172,118,214,104,103,50,58,254,237,119,40,228,147,207,175,122,249,154,170,181,124,90,167,173,247,103,210,81,141,42,56,119,37,110,198,23,196,113,175,106,119,26,79,130,124,2,226,40,117,107,165,182,140,12,151,17,140,151,124,127,116,12,146,79,248,215,205,223,240,80,175,140,122,5,189,170,126,198,255,0,8,227,111,236,45,46,234,51,226,43,184,184,251,76,225,178,99,235,202,130,114,221,201,30,128,103,218,188,21,227,47,25,120,123,224,79,137,255,0,107,111,20,58,88,106,99,195,83,67,224,251,57,35,31,186,102,86,95,48,6,254,34,127,76,246,53,240,148,90,197,246,183,112,53,109,69,140,183,215,211,52,247,19,76,73,105,29,216,179,49,61,206,77,125,46,11,12,211,187,232,120,184,154,186,104,109,220,219,65,99,161,67,101,110,54,42,70,2,129,216,10,199,180,33,50,24,156,122,154,211,212,174,37,88,33,129,201,112,139,212,117,239,85,69,229,171,197,246,120,237,54,103,251,199,173,122,203,67,207,185,82,98,156,177,25,170,19,221,190,24,34,231,43,87,166,101,136,177,154,62,8,32,87,57,173,107,13,164,88,79,121,43,109,17,64,238,79,208,19,85,13,201,123,31,72,127,193,29,62,20,105,95,23,63,107,157,127,199,190,47,208,226,188,210,188,23,167,133,182,73,163,220,169,123,32,93,143,207,112,190,109,110,124,101,248,93,172,124,93,248,175,241,207,224,189,191,137,100,176,240,239,131,188,97,63,138,71,217,212,127,164,93,61,186,50,194,199,176,198,241,199,160,244,175,160,191,224,144,31,10,33,248,95,251,27,105,223,17,53,13,43,202,213,188,101,60,250,214,173,59,175,204,209,7,117,139,254,3,229,174,64,255,0,104,250,215,203,254,5,159,196,63,23,63,106,207,136,94,34,210,188,67,119,111,225,45,87,196,215,87,154,212,113,185,83,113,134,219,12,111,142,216,94,135,177,174,58,245,57,166,206,234,20,215,43,51,190,16,105,250,30,143,102,53,24,172,64,10,20,249,146,3,185,152,119,39,189,117,158,49,248,167,165,65,108,187,33,107,155,163,247,99,88,155,106,245,245,174,139,199,26,143,134,180,219,152,87,195,90,36,82,200,131,27,4,120,82,1,224,126,159,173,121,199,196,207,137,26,207,136,188,69,103,101,111,225,123,77,58,59,50,137,114,176,32,223,35,30,228,251,3,88,197,93,148,221,131,66,213,190,221,231,94,75,109,8,109,164,34,200,58,117,245,172,159,50,226,251,84,192,47,242,73,130,85,72,3,30,245,217,255,0,99,248,115,88,181,86,183,211,146,25,206,51,32,56,254,180,179,59,120,122,192,218,164,104,241,2,14,213,94,91,175,227,90,16,97,121,208,159,220,203,112,238,222,135,165,76,150,49,94,106,250,126,167,117,225,248,117,75,107,61,70,218,123,251,6,144,43,93,219,199,40,121,33,207,251,74,10,255,0,192,170,196,127,216,247,50,111,123,66,28,156,132,236,41,215,86,16,198,13,205,164,141,3,255,0,11,33,228,31,106,0,244,79,143,94,42,253,156,190,39,120,172,120,191,246,126,248,1,7,130,236,226,211,4,119,58,117,212,97,37,251,64,200,44,187,36,96,20,140,112,56,201,60,14,167,207,52,93,82,17,35,89,207,1,14,221,219,250,86,136,213,111,163,210,37,26,148,201,49,192,203,24,84,48,234,58,138,231,214,220,76,126,208,236,87,159,148,142,13,54,219,119,97,31,117,89,27,242,220,52,81,249,86,183,226,34,70,9,36,102,162,180,153,173,92,253,175,87,134,64,14,114,100,4,86,53,220,19,92,198,210,42,187,236,236,1,172,200,231,151,83,255,0,137,108,182,114,68,140,234,11,149,32,169,207,90,66,114,54,124,75,251,65,248,87,195,122,135,246,100,158,10,185,212,37,94,9,54,205,183,140,244,197,115,222,35,253,173,97,177,65,44,63,12,30,198,51,242,153,202,72,14,125,185,227,165,117,182,34,194,43,86,182,54,48,206,66,133,89,100,136,51,241,158,245,21,166,157,225,91,177,38,157,226,45,56,73,19,12,52,95,103,220,8,166,172,78,166,87,130,62,62,252,57,241,22,148,141,174,120,147,251,62,241,152,8,152,238,249,193,207,83,93,236,122,206,187,121,100,179,120,94,120,39,66,49,230,96,54,238,188,243,94,73,226,79,217,235,225,143,137,181,15,43,72,251,93,162,111,249,22,60,42,41,207,191,110,43,209,44,60,31,15,130,60,37,31,133,116,207,26,73,14,235,124,25,161,152,121,136,123,113,211,210,135,24,244,4,174,26,141,143,141,219,19,106,75,19,21,60,121,143,140,115,218,164,26,102,177,126,55,92,220,249,128,118,15,89,222,31,240,125,229,176,251,118,187,241,18,255,0,81,11,38,98,75,134,3,140,158,245,212,207,225,137,231,178,75,205,23,89,133,20,115,34,202,217,56,252,42,110,144,218,208,202,139,67,138,231,116,94,97,133,186,121,128,100,254,21,37,191,130,33,181,79,221,92,27,150,82,50,210,129,158,181,165,166,248,67,95,214,76,143,107,175,173,172,106,216,243,76,57,83,244,170,186,183,194,239,137,16,93,40,209,188,125,20,230,65,184,70,70,51,201,233,197,77,216,145,87,86,211,53,100,65,98,182,200,164,16,85,143,167,53,82,93,61,116,232,194,205,104,67,51,112,71,221,199,173,62,207,71,248,159,99,168,178,107,211,172,176,171,109,42,199,175,39,154,127,216,117,148,184,149,175,239,227,117,7,9,24,39,0,126,53,98,43,220,53,245,140,91,173,3,74,123,196,163,56,170,209,38,167,126,92,124,224,149,207,148,23,4,245,237,87,45,124,63,173,21,151,88,211,28,52,138,9,10,36,3,145,211,138,146,202,215,196,179,221,11,203,235,25,11,129,247,163,92,14,244,1,139,111,22,179,105,38,246,179,115,142,187,134,56,171,59,109,76,254,122,162,231,25,120,200,233,87,47,159,93,179,184,91,136,116,67,117,22,239,222,198,205,243,84,246,137,225,143,17,72,205,111,99,168,88,221,67,25,105,32,146,19,180,129,147,128,104,25,147,35,239,99,114,176,168,242,250,71,142,13,107,88,127,104,222,219,249,142,194,37,101,192,81,211,30,148,144,90,93,199,229,220,71,160,92,60,109,140,159,47,161,207,122,186,167,87,148,136,238,116,150,133,89,134,210,167,35,30,244,8,174,218,72,181,5,159,111,221,207,243,170,182,154,37,213,203,125,190,202,241,211,107,100,96,156,113,87,117,173,99,82,209,176,35,208,126,217,25,80,24,12,239,235,86,116,139,155,135,209,228,187,182,211,204,82,185,194,219,77,198,222,159,227,64,16,65,174,107,164,155,88,99,204,132,109,249,151,173,108,196,201,21,160,142,239,8,221,100,35,177,244,172,152,46,110,214,113,60,118,238,146,70,121,68,82,125,105,101,105,53,161,113,111,44,210,198,10,240,165,72,2,128,46,49,210,219,121,73,4,140,167,170,158,1,167,105,190,43,91,59,86,183,75,23,159,113,224,170,240,7,214,169,105,26,45,158,157,17,75,203,237,158,97,231,104,171,87,186,151,135,116,219,56,180,125,58,105,27,111,5,145,9,44,78,78,79,31,231,52,1,83,91,241,158,171,110,76,73,162,75,27,241,128,176,177,227,222,163,134,38,215,33,12,46,204,4,48,46,164,96,158,191,149,109,125,167,86,143,77,91,150,204,145,22,9,254,209,25,198,113,87,175,62,31,199,170,219,199,171,105,147,71,21,194,176,221,16,151,0,175,76,144,122,80,6,102,141,45,207,135,172,38,51,220,9,17,159,229,14,220,145,86,237,245,251,109,77,217,146,208,64,71,24,7,175,189,69,226,31,13,203,164,121,87,119,151,162,100,35,106,168,124,237,61,123,86,166,139,240,240,106,218,31,246,141,174,167,16,153,254,96,158,114,130,158,131,6,128,49,225,212,46,52,187,247,183,26,68,183,94,103,206,29,84,225,7,60,86,133,142,165,164,106,17,17,102,95,122,15,223,70,195,238,154,214,135,192,159,16,62,194,109,180,197,181,127,249,233,51,220,40,32,115,210,185,171,77,22,247,67,215,31,75,146,104,222,226,102,195,4,144,48,36,159,90,44,84,86,133,232,238,110,93,76,12,11,46,48,0,28,85,155,121,167,136,27,41,216,0,195,35,212,86,154,248,118,234,32,44,29,88,74,112,19,203,94,119,86,101,239,133,60,101,109,124,241,207,165,51,21,63,235,21,128,4,115,234,106,90,104,52,46,137,180,251,107,120,226,75,127,152,46,88,130,78,79,189,92,133,180,212,97,123,45,202,43,184,11,243,182,43,155,150,109,67,79,177,185,186,187,140,170,218,176,243,24,156,211,239,110,236,181,45,2,29,78,214,210,238,229,100,116,3,236,177,23,56,36,243,197,72,88,214,212,141,236,215,162,29,62,67,229,32,234,173,197,58,41,181,103,79,45,2,28,28,23,115,80,188,94,36,70,139,251,35,194,154,148,209,48,1,229,107,71,24,30,249,21,122,47,13,120,197,109,150,242,239,75,150,20,110,205,25,82,63,58,16,142,103,226,30,159,125,121,163,219,216,234,55,72,86,230,254,40,131,41,233,185,182,231,245,173,31,141,186,90,120,75,94,240,239,128,100,144,220,139,45,25,36,140,167,61,89,134,77,51,89,182,100,241,158,141,165,107,246,229,173,110,229,143,111,124,176,147,255,0,172,42,223,142,53,72,181,239,139,151,215,122,125,155,76,246,182,255,0,99,5,208,176,85,94,191,74,107,102,52,69,109,102,186,114,199,17,98,200,224,28,40,61,233,33,134,211,76,186,145,228,85,93,205,212,117,62,230,173,216,94,222,199,18,75,53,180,10,208,156,148,145,184,101,7,210,187,29,51,82,248,95,226,189,53,231,213,237,98,133,177,181,228,8,70,15,177,161,43,138,231,158,189,173,172,247,82,49,229,115,242,154,171,123,111,172,180,193,98,211,225,54,202,113,230,3,207,227,90,250,197,182,143,14,177,62,149,161,223,9,96,13,181,36,103,25,110,57,34,170,192,211,233,83,73,109,53,218,24,153,192,80,115,147,72,106,228,58,61,204,22,43,115,113,44,102,66,169,242,175,94,106,75,15,178,234,49,172,210,199,151,198,71,181,92,131,71,209,116,133,150,249,111,35,144,185,200,82,227,222,162,77,63,73,189,159,237,58,102,179,229,146,63,121,16,97,128,125,168,2,93,62,29,70,192,202,250,116,193,21,155,56,115,197,70,154,109,241,153,238,101,150,223,123,190,118,43,255,0,74,187,97,168,105,160,200,110,153,182,39,202,95,32,103,220,122,209,39,132,180,189,86,97,169,218,92,204,140,7,200,193,191,165,26,138,195,34,151,81,141,203,77,111,19,41,233,201,4,117,172,191,236,167,158,241,245,85,140,199,42,72,124,193,159,149,134,127,194,183,6,155,61,173,192,183,154,225,100,44,56,7,168,53,52,113,249,77,246,91,251,93,153,234,74,245,167,97,45,6,104,144,233,238,242,235,55,113,170,67,20,120,24,109,185,62,167,252,247,170,209,93,216,234,108,229,110,146,88,203,126,239,230,206,42,61,87,74,189,138,117,176,134,38,146,214,115,243,21,236,51,222,171,199,225,185,180,169,30,91,72,63,116,189,54,243,197,26,218,195,46,153,223,78,34,73,238,66,5,32,128,15,106,159,80,189,209,103,136,94,193,169,164,210,48,199,151,184,113,237,89,214,186,85,181,252,134,234,226,38,44,120,33,152,145,143,243,252,233,250,151,135,224,177,143,251,66,194,209,118,170,141,234,163,167,189,10,246,17,94,245,167,159,247,9,20,124,175,97,142,107,42,72,175,118,159,237,9,183,16,120,218,59,87,73,229,3,166,71,127,246,70,95,48,125,240,167,3,175,25,170,48,232,246,215,151,18,92,79,171,174,210,114,35,102,0,138,67,78,196,26,110,143,52,135,205,135,113,7,3,158,157,233,19,251,79,74,213,30,41,230,83,6,62,95,47,147,90,26,94,167,166,232,242,72,22,236,201,22,64,27,121,2,179,53,141,94,1,124,90,198,217,89,7,205,185,201,203,80,23,46,219,220,89,234,113,201,111,37,145,86,70,200,112,48,77,84,120,238,109,36,145,103,184,221,24,232,24,118,244,172,184,60,85,44,90,150,36,4,110,39,62,88,224,117,171,22,222,48,134,121,166,79,40,74,224,28,111,206,50,63,207,235,64,91,66,236,49,217,234,176,200,98,12,129,23,28,199,140,245,169,237,52,107,95,179,129,51,103,143,188,41,144,234,218,230,173,96,62,219,13,188,113,176,194,60,67,7,28,212,102,214,255,0,70,11,41,187,55,10,78,118,147,200,246,160,125,44,67,46,145,111,105,116,241,125,167,60,240,115,205,57,229,91,40,252,185,17,155,142,49,207,173,93,135,79,55,214,191,111,146,16,146,239,202,231,184,244,53,94,238,121,158,113,25,180,40,71,87,94,148,5,202,90,109,245,245,211,75,101,111,109,109,21,191,86,201,218,79,63,173,93,211,236,236,29,154,69,185,146,55,94,27,102,54,154,109,255,0,129,191,183,32,81,167,234,30,76,217,5,247,28,3,244,199,74,141,45,31,194,40,116,253,65,25,201,57,12,14,119,80,61,201,36,58,163,110,93,14,91,124,51,124,205,39,99,154,197,241,190,169,226,207,6,88,153,97,88,46,158,85,25,107,111,152,169,61,43,90,218,196,202,242,92,8,158,24,164,60,42,140,102,158,144,32,15,101,60,4,170,0,85,136,206,127,250,244,11,68,113,154,95,140,117,125,71,75,17,234,102,243,205,222,55,137,208,143,92,227,218,163,178,178,214,134,169,38,179,163,203,120,35,71,222,241,242,84,99,61,189,56,174,207,68,210,226,213,181,22,134,78,35,85,36,110,21,181,164,120,83,84,214,228,123,125,46,120,226,1,74,146,228,5,230,158,150,29,206,103,70,212,238,188,87,110,110,60,220,42,183,204,84,99,105,6,186,75,217,210,88,226,211,222,224,8,209,56,92,143,154,173,105,191,6,226,240,141,131,11,191,20,196,194,89,55,77,111,27,174,122,231,142,245,61,206,151,163,88,222,197,168,221,71,230,68,170,162,0,121,221,215,191,249,235,66,64,181,41,233,178,65,101,167,253,162,209,28,178,57,220,172,59,84,55,158,38,186,17,178,105,122,102,237,204,1,42,122,102,181,47,239,35,105,77,197,173,170,32,101,249,163,63,118,178,52,155,145,105,43,229,3,2,228,129,142,40,106,195,39,186,241,85,218,194,182,242,192,219,212,109,56,238,125,105,218,94,183,169,71,30,209,114,203,147,159,156,228,30,181,53,237,157,179,219,9,132,67,39,174,6,106,140,236,254,65,221,17,140,43,141,164,247,235,205,32,7,212,222,242,233,231,157,182,190,112,67,12,10,187,107,114,21,188,163,26,97,70,237,213,133,37,250,201,231,71,115,165,75,34,187,140,58,175,220,57,166,233,30,19,31,109,150,226,29,90,225,84,175,207,19,190,104,13,14,165,175,116,109,70,215,230,159,118,120,100,81,197,35,125,134,230,203,236,182,214,97,0,63,187,115,156,241,88,58,124,105,161,121,158,78,233,163,105,7,203,33,233,91,49,248,162,6,113,20,214,134,53,219,133,216,188,26,0,204,134,222,104,175,252,231,32,236,202,237,197,88,143,236,236,74,220,199,184,55,4,129,78,154,202,54,187,125,69,11,0,231,133,29,197,49,239,34,134,109,176,169,244,39,181,43,232,38,121,4,186,6,189,101,241,102,245,52,151,140,199,36,141,36,209,72,121,198,70,13,122,118,157,105,44,228,75,174,92,201,187,96,242,162,143,166,107,155,241,110,131,37,247,197,11,43,216,111,133,164,151,48,4,105,151,163,96,30,163,223,138,237,23,93,176,209,130,91,221,219,135,145,83,106,186,142,189,106,238,154,38,198,113,19,216,222,177,146,218,79,221,176,43,148,53,44,154,131,207,113,230,27,54,143,140,29,217,173,6,241,20,87,182,239,230,91,42,148,93,202,196,245,164,183,213,236,47,237,188,221,82,4,82,6,0,92,230,149,131,84,102,197,225,91,59,63,54,244,23,158,119,109,232,173,208,47,124,10,171,171,90,79,52,95,104,48,249,60,252,152,236,107,121,46,225,105,94,246,53,37,66,225,7,173,80,23,111,173,90,22,150,216,161,142,66,78,229,62,244,129,54,102,91,75,171,65,2,1,32,109,173,157,157,1,21,107,195,119,86,48,107,242,29,86,15,146,84,37,100,35,238,181,43,164,79,48,242,220,30,7,67,218,161,213,237,217,109,216,218,73,184,238,1,74,245,28,208,52,200,39,254,211,138,226,127,179,234,18,52,111,51,17,184,244,92,156,14,106,141,198,173,113,98,77,188,179,204,56,237,208,214,165,250,220,77,21,181,181,135,202,229,1,157,192,253,62,181,37,229,148,49,89,13,241,9,200,25,203,142,148,13,16,192,246,247,118,41,115,45,215,200,141,219,214,173,92,199,167,92,198,30,205,101,221,183,230,220,114,15,210,179,109,180,212,158,95,50,7,219,16,32,186,3,210,171,106,19,235,11,168,143,178,190,216,208,133,27,79,97,158,180,39,96,177,191,103,253,152,169,44,120,120,252,159,188,142,123,85,75,180,211,133,185,33,227,42,231,40,209,145,145,249,86,101,182,163,123,113,52,203,63,204,174,155,88,147,205,55,76,211,109,175,100,120,38,212,86,54,57,40,51,247,143,244,170,79,184,196,219,178,98,194,115,128,56,247,168,134,161,117,4,108,184,140,243,206,220,214,129,211,210,43,127,38,225,215,204,207,110,226,171,157,49,98,14,236,1,86,249,84,183,227,197,80,8,209,69,29,192,186,123,156,177,94,2,156,128,41,203,109,231,200,179,189,193,72,176,74,129,206,106,157,237,148,86,105,28,118,210,179,74,255,0,235,17,215,27,121,35,241,205,106,64,103,185,211,192,150,221,0,137,112,118,142,157,105,88,134,136,224,191,133,96,93,145,157,192,242,199,235,86,47,53,38,111,42,72,166,33,217,185,35,181,80,181,211,60,149,101,141,229,109,223,49,4,103,21,97,109,247,148,243,85,192,83,208,140,102,139,33,11,117,58,206,30,75,130,73,65,242,224,100,154,77,62,88,34,144,74,109,198,233,23,238,177,233,239,245,167,222,58,217,204,102,134,48,85,127,132,210,44,182,55,71,207,182,181,112,253,120,232,41,129,32,242,45,220,204,211,183,186,55,79,194,148,106,171,121,242,198,172,193,122,170,213,75,212,112,162,226,85,60,28,3,83,219,106,9,97,102,77,165,186,52,210,255,0,17,29,40,176,14,159,81,71,135,100,80,0,14,7,45,205,50,203,79,148,202,211,59,103,159,144,86,101,221,155,9,203,164,197,164,36,100,127,250,170,123,104,181,43,114,173,29,251,176,199,206,132,154,22,128,92,191,217,0,251,52,139,184,145,187,35,181,102,197,111,8,86,107,146,192,134,249,65,53,102,241,181,7,147,100,150,229,79,80,224,116,20,45,189,164,236,4,146,201,147,198,230,20,1,86,13,36,90,220,182,162,24,76,199,149,13,252,61,184,167,207,53,159,153,187,236,184,114,62,96,22,175,199,166,188,97,108,210,80,230,66,54,149,57,206,122,98,157,115,31,246,108,102,194,242,16,100,76,130,10,243,212,245,160,10,74,116,240,162,91,136,211,36,116,219,81,95,190,248,129,134,221,21,123,21,94,162,148,88,91,201,115,246,136,252,194,8,251,132,241,90,86,218,21,197,238,158,243,15,45,66,145,177,89,176,126,180,174,6,35,106,50,70,202,139,108,75,112,42,86,185,183,148,252,242,52,114,43,13,227,28,1,87,52,248,146,25,36,99,30,247,13,180,19,216,210,95,233,80,0,195,122,60,142,127,120,84,210,230,3,63,85,242,174,228,141,244,210,160,166,9,124,112,70,105,247,16,91,188,134,115,133,36,100,183,165,75,13,154,90,33,10,249,4,231,105,162,247,73,91,180,204,19,149,199,240,30,245,37,165,98,29,58,202,73,99,50,171,137,21,78,118,177,199,122,211,211,211,195,186,180,115,89,94,219,186,225,112,54,244,53,143,111,50,192,141,111,32,32,169,193,20,227,115,37,131,34,60,78,161,250,29,167,144,104,25,125,60,11,106,139,229,67,226,39,68,3,44,133,134,49,90,26,22,139,96,250,148,118,166,252,60,24,25,149,134,51,138,203,142,75,103,194,18,3,73,192,7,191,106,180,182,211,73,11,125,158,245,0,128,101,138,56,200,255,0,57,165,170,3,176,155,194,222,3,188,134,91,73,103,82,6,36,145,209,184,82,58,115,89,26,151,135,190,30,73,104,35,210,196,241,221,239,1,30,48,220,253,115,197,100,89,234,211,220,199,42,68,82,77,167,230,143,31,126,175,159,23,217,91,88,200,30,205,146,86,139,105,125,191,116,227,181,48,87,43,60,113,105,32,196,215,133,212,140,102,76,100,214,126,175,101,167,180,11,170,71,43,134,92,29,177,241,223,214,171,216,44,215,177,60,151,95,50,110,200,118,235,86,110,174,161,107,79,236,163,111,130,203,199,184,201,165,125,11,65,226,155,207,14,206,246,186,198,151,101,20,49,203,8,12,176,175,33,193,193,221,235,235,154,167,54,158,215,118,226,246,222,223,126,79,33,71,222,247,164,180,210,161,180,70,180,188,185,85,223,150,132,55,247,128,63,47,227,78,208,53,152,139,53,164,168,81,193,229,91,138,145,149,47,244,171,241,96,207,28,4,1,130,252,242,191,133,101,218,232,218,212,219,164,151,82,70,143,176,108,231,191,181,117,243,223,65,105,137,51,144,199,12,8,237,84,181,61,67,70,182,177,105,109,44,93,130,245,8,58,30,106,84,154,68,166,98,217,13,66,220,52,16,194,206,203,208,162,146,106,88,231,213,46,46,12,183,143,242,162,227,203,218,6,125,235,91,75,214,18,207,72,143,82,185,211,214,51,39,84,83,150,63,90,95,181,216,234,69,167,65,24,44,220,130,70,105,244,40,163,105,107,111,114,251,45,148,150,207,204,61,42,89,196,250,100,161,162,77,248,60,130,123,100,213,173,50,247,77,210,32,157,164,137,86,80,119,44,132,231,62,199,210,147,204,183,212,135,219,29,242,172,63,132,244,169,109,88,150,209,66,88,30,236,249,165,118,110,229,115,211,173,103,203,20,113,203,34,121,195,120,56,108,26,210,185,139,23,69,227,185,44,184,27,70,58,10,170,250,82,9,124,244,78,24,242,73,161,45,6,182,43,52,176,25,21,220,158,6,220,129,74,36,242,227,197,179,103,119,114,115,87,47,244,153,205,161,154,52,4,3,211,212,84,22,118,162,116,42,155,99,218,63,143,60,255,0,245,233,143,97,137,11,184,50,16,6,125,234,37,188,119,243,32,68,4,1,129,237,205,89,184,242,97,137,81,216,55,168,83,77,134,59,24,242,246,253,79,189,74,118,46,200,142,57,44,138,168,102,10,203,223,214,153,15,137,110,98,121,33,191,178,19,91,103,17,121,145,238,3,223,154,173,253,159,112,55,180,155,159,156,141,139,208,85,187,93,84,71,167,62,145,58,6,86,108,130,83,154,106,82,142,196,184,69,148,124,77,224,31,133,30,60,180,49,120,207,192,122,108,203,32,230,79,178,0,248,245,200,233,94,105,226,63,216,123,225,102,179,35,223,124,63,241,134,167,160,92,169,253,210,195,116,124,163,249,231,21,234,82,173,204,241,249,108,196,109,224,100,118,164,88,46,109,231,11,4,172,1,251,228,215,93,12,199,19,69,89,74,254,167,61,76,29,41,238,143,3,215,127,103,47,218,187,193,140,205,225,159,23,216,248,134,209,6,71,153,50,249,129,127,16,9,53,204,39,197,175,30,248,25,164,211,190,39,124,60,212,45,192,124,25,205,171,20,4,30,185,28,87,213,54,247,87,146,76,201,13,209,76,112,78,106,89,218,222,231,79,54,122,157,133,165,244,77,247,227,187,183,87,7,175,168,175,91,13,196,21,105,191,125,28,21,114,152,77,54,143,156,180,63,138,62,1,241,12,1,78,191,109,110,251,184,73,220,41,35,158,153,173,185,109,18,72,203,90,222,69,112,143,247,12,114,2,43,189,241,79,236,193,251,62,252,67,181,154,125,87,193,9,165,94,116,75,157,32,152,142,115,212,142,135,242,175,56,212,191,98,143,24,248,115,117,223,194,143,138,215,82,0,127,119,107,169,77,199,176,200,28,87,187,135,207,240,213,55,103,145,87,40,171,27,180,18,88,73,109,27,75,50,237,99,140,12,117,170,242,220,106,19,21,134,54,33,1,249,176,188,154,193,212,244,175,218,119,225,182,241,227,111,4,54,175,4,100,159,50,192,153,112,163,175,221,235,85,244,127,142,190,26,158,225,109,117,47,15,221,216,74,255,0,125,110,226,41,143,206,189,138,88,218,53,85,211,60,233,97,42,193,234,142,166,214,218,88,93,165,57,81,234,106,27,216,27,105,153,91,114,111,235,154,208,182,215,52,45,102,204,174,147,125,20,177,186,242,67,142,42,142,169,166,95,219,156,163,19,25,198,195,234,107,165,56,203,84,204,172,226,245,42,173,229,236,114,178,124,170,6,12,100,228,212,205,170,77,44,123,111,108,226,184,36,224,137,35,7,35,159,90,105,125,168,22,116,231,177,168,196,97,137,193,197,38,145,73,163,47,196,30,1,248,111,226,200,25,117,127,13,197,4,164,140,77,104,74,53,113,186,223,236,227,100,36,51,248,79,196,178,130,120,88,103,57,31,153,175,69,251,28,174,167,11,201,255,0,235,211,29,36,70,17,190,115,88,202,140,37,186,52,141,89,199,102,120,198,179,240,199,226,167,133,243,47,246,113,186,136,46,237,246,199,60,125,43,34,15,19,223,233,242,125,159,86,177,146,25,20,255,0,203,68,219,95,67,91,76,214,172,176,249,132,134,60,140,241,80,235,22,26,22,169,113,255,0,19,63,13,89,220,124,160,101,226,28,215,52,176,191,202,205,99,136,254,100,120,182,147,227,107,127,51,205,23,78,146,41,249,74,183,90,233,116,255,0,139,254,41,211,213,18,203,196,115,34,131,192,89,15,67,91,122,183,192,111,135,154,228,146,93,105,158,110,153,51,118,133,201,80,125,113,92,174,173,251,62,120,182,202,217,238,188,49,172,71,124,136,248,219,35,0,198,178,116,171,83,52,83,165,35,182,211,63,104,111,17,207,8,211,181,24,34,187,70,93,174,242,70,9,35,241,173,157,7,67,248,33,241,13,28,120,167,195,144,219,202,231,15,44,127,41,36,253,56,175,12,187,181,241,231,133,37,16,235,62,25,187,140,142,172,176,238,7,241,20,251,79,136,132,100,43,24,152,113,201,231,63,74,148,237,241,21,201,127,133,158,201,169,254,197,62,16,215,32,107,175,134,127,18,140,87,14,72,142,206,230,65,180,156,158,51,218,184,159,25,126,204,159,180,39,195,209,231,75,161,71,121,110,23,43,45,156,162,67,255,0,142,214,102,135,241,39,86,75,129,37,166,174,234,87,149,1,200,193,175,64,240,159,237,77,227,47,15,198,150,119,218,138,77,25,108,49,152,111,227,241,20,189,198,47,125,30,66,60,79,173,232,51,53,183,137,116,139,171,89,87,130,178,194,87,249,214,173,143,143,116,203,148,9,189,20,159,67,94,241,63,237,7,240,135,226,21,153,211,62,37,124,55,176,187,207,6,225,98,85,39,254,249,193,174,71,90,248,7,251,55,120,167,204,159,193,222,46,146,194,121,136,9,110,142,197,80,159,247,168,228,125,25,87,93,81,197,105,154,230,152,168,230,43,160,193,155,149,86,171,145,234,240,221,68,200,25,72,207,202,49,200,235,82,120,139,246,61,248,229,225,13,53,181,125,10,27,61,102,208,38,245,150,202,228,23,219,219,229,200,63,206,184,11,189,75,197,222,27,149,160,241,31,135,110,236,218,51,130,37,182,101,7,241,53,45,181,186,5,20,246,103,162,139,219,87,140,68,163,44,20,2,203,205,48,95,37,191,250,82,18,10,145,215,189,113,86,94,56,177,158,48,90,77,187,186,40,110,106,244,62,38,134,233,66,169,60,158,164,210,82,236,79,43,59,56,117,165,185,43,36,71,24,60,250,86,181,174,170,176,219,203,119,60,161,7,92,231,57,174,39,78,212,225,130,45,173,58,231,57,228,213,215,213,158,238,49,106,147,2,131,146,71,122,209,85,105,19,200,118,122,127,136,244,65,17,205,243,59,19,144,137,205,50,231,196,38,61,215,54,234,160,134,203,23,3,167,61,7,229,92,89,187,131,63,187,5,89,127,139,31,202,163,155,83,158,105,146,41,46,24,225,186,30,244,58,205,244,26,167,99,172,189,215,214,228,11,175,41,50,199,24,0,82,73,170,91,173,168,133,242,11,28,147,158,49,88,49,222,71,19,110,151,36,175,36,30,149,47,246,244,4,225,108,195,30,57,39,129,248,86,110,77,141,35,166,183,187,183,104,2,76,227,203,84,201,32,12,158,181,149,170,106,241,38,124,184,78,210,64,200,29,58,213,120,60,67,111,22,226,24,22,43,130,173,210,169,157,73,75,16,205,145,158,0,168,110,202,197,168,180,141,43,39,96,178,72,103,82,0,201,98,221,7,181,73,103,226,200,237,14,18,212,200,23,166,226,61,235,14,226,253,72,34,17,147,216,213,71,185,145,101,194,198,205,198,92,138,131,67,173,62,34,181,187,140,200,114,142,122,39,167,90,130,223,80,68,188,23,55,18,40,38,65,147,92,220,26,180,121,96,3,41,81,252,67,173,16,235,106,202,92,167,35,166,125,107,39,20,104,153,221,220,248,158,4,158,56,33,212,88,148,112,202,81,134,27,175,31,173,105,219,124,69,141,46,62,203,43,207,229,166,50,37,32,161,245,28,215,151,203,172,97,255,0,127,110,15,112,71,106,145,53,184,98,132,150,220,249,227,110,43,150,120,120,200,214,21,101,19,223,124,55,241,227,86,209,172,222,75,59,185,102,137,36,84,142,61,192,109,207,167,63,90,239,124,1,251,92,222,218,234,6,29,106,238,68,140,196,112,36,96,87,235,252,171,228,123,127,19,172,89,72,45,229,83,158,231,35,249,255,0,156,85,251,95,25,187,147,29,194,238,0,96,100,87,44,176,48,104,232,134,41,245,62,219,210,62,42,124,28,241,222,163,157,115,193,182,166,71,249,190,221,18,24,139,31,248,11,15,206,186,251,1,164,234,47,228,248,79,227,46,165,166,108,192,91,43,173,151,16,145,207,247,193,56,252,107,224,59,95,27,106,214,136,198,222,230,84,192,30,90,164,167,0,254,126,213,211,105,95,23,188,85,7,151,121,14,175,58,76,155,118,178,74,84,16,58,131,207,53,199,83,47,146,216,233,134,46,61,79,182,53,239,2,106,250,211,44,30,42,248,109,225,127,19,194,84,177,191,209,238,69,173,207,57,228,168,101,7,240,174,42,231,225,71,195,227,121,33,159,83,214,252,53,181,241,29,182,171,99,36,145,159,163,140,140,125,77,120,175,133,63,106,221,106,203,118,253,98,242,218,85,96,1,201,253,9,175,101,248,77,251,103,233,122,150,156,52,223,23,170,222,171,6,87,91,148,86,200,247,6,185,229,132,156,77,99,94,45,232,202,247,223,6,188,114,225,174,60,31,123,165,234,48,134,202,203,13,226,110,198,127,186,72,174,103,93,211,245,157,26,249,116,253,127,194,87,150,210,99,230,153,160,33,9,246,61,15,74,244,253,51,198,223,179,230,191,168,187,93,196,208,92,92,28,196,218,117,203,192,99,62,152,7,105,252,171,163,26,23,246,229,146,217,232,191,22,76,200,171,242,233,250,213,178,202,25,121,224,190,204,254,181,205,42,115,137,188,103,25,35,193,76,48,202,185,182,56,29,24,110,205,82,187,30,85,226,24,165,37,129,249,16,28,110,39,215,218,189,159,197,63,11,134,159,12,159,218,95,10,97,242,209,67,62,171,163,93,111,36,30,254,94,236,254,149,200,233,254,15,240,46,189,121,53,230,131,226,118,138,250,202,81,18,217,235,54,50,91,228,16,114,234,197,112,112,70,63,200,202,135,48,155,86,185,231,191,24,158,218,207,225,211,62,171,106,9,70,83,26,168,36,3,205,120,78,155,60,179,196,183,107,16,4,183,59,135,108,154,250,115,227,167,130,124,81,99,240,214,243,86,151,79,91,139,123,107,114,210,75,110,194,68,25,56,221,145,218,190,100,176,153,228,72,71,82,228,16,0,225,69,123,216,24,56,211,212,242,235,187,203,67,166,178,158,222,107,95,50,72,207,154,6,78,71,81,93,143,194,119,254,208,241,102,157,167,206,74,64,102,220,233,192,245,198,113,239,92,84,79,114,142,226,222,216,22,32,3,33,28,99,243,174,191,225,15,30,47,181,50,121,129,228,152,40,59,126,81,195,123,87,210,96,117,168,145,228,215,248,25,246,223,130,4,240,89,73,2,157,202,176,44,96,1,192,197,113,63,24,47,25,180,43,171,121,44,60,198,148,129,141,188,40,7,57,63,151,235,93,111,131,239,141,173,181,204,134,41,50,2,141,173,209,189,197,115,223,18,47,111,239,158,88,237,141,188,98,24,183,40,149,114,164,144,71,62,185,175,171,163,183,245,230,124,180,149,170,30,20,32,180,242,92,216,178,151,97,251,221,156,47,211,255,0,173,82,217,164,23,48,45,169,144,163,6,249,129,254,148,203,4,223,109,113,45,196,133,100,103,114,226,36,0,14,79,65,75,225,235,81,113,114,211,92,59,124,131,229,220,120,38,159,67,94,134,149,197,181,140,145,45,150,195,188,16,65,205,45,182,142,116,224,101,180,112,160,176,44,58,214,149,190,159,105,12,102,103,36,187,15,188,77,74,170,90,48,172,70,204,243,197,65,150,172,175,105,169,71,39,88,207,28,19,142,166,180,161,186,179,186,182,17,198,2,243,192,198,49,80,197,165,105,194,51,58,72,122,242,167,165,89,91,123,32,254,115,160,65,128,54,169,198,104,37,25,158,32,213,244,155,36,142,222,69,142,73,115,133,0,242,43,58,57,246,220,45,218,160,192,231,109,104,106,26,125,149,164,173,116,18,54,71,60,150,234,15,106,171,100,178,75,36,177,162,33,0,113,145,239,77,59,22,182,44,69,53,189,205,147,106,23,54,225,15,153,183,229,239,216,31,214,160,120,161,177,137,166,82,160,158,217,228,211,110,46,229,130,1,18,38,65,108,50,99,63,231,165,71,62,201,97,87,153,72,39,160,53,99,45,105,215,18,167,152,36,129,29,36,95,78,69,94,125,50,41,162,142,104,36,0,17,200,207,122,167,161,223,195,105,113,177,227,222,68,100,20,96,71,83,214,173,217,22,141,30,118,192,77,220,2,120,29,104,11,18,89,91,217,91,72,207,44,196,21,251,170,61,104,184,185,51,92,148,108,169,216,88,2,189,71,122,109,140,182,211,201,231,76,195,27,249,39,167,90,185,46,173,101,113,122,194,214,33,33,217,181,89,151,229,81,237,65,13,88,142,59,59,118,8,202,228,150,81,150,60,85,219,93,54,222,60,200,46,65,63,221,170,118,247,62,82,73,108,209,41,36,225,75,118,169,163,89,2,135,222,70,223,238,247,235,64,137,173,238,93,195,65,29,171,117,237,80,106,45,117,125,106,109,225,64,184,224,32,92,103,25,173,72,181,27,27,59,53,100,133,140,155,114,120,247,172,219,217,238,239,225,146,101,184,16,200,78,17,149,113,180,80,53,161,229,31,20,158,245,45,26,4,36,190,118,144,59,215,143,248,134,41,26,111,48,66,66,5,218,199,223,154,245,255,0,136,55,146,88,11,180,190,99,35,70,112,143,143,189,158,134,188,135,196,247,183,18,68,239,46,1,56,249,80,99,140,154,241,241,218,54,123,88,53,238,157,63,236,105,10,159,138,183,147,206,124,197,136,114,61,136,175,169,116,111,14,92,107,119,18,195,97,131,229,46,227,145,212,103,255,0,175,95,49,126,197,239,36,159,19,117,8,172,80,72,143,14,37,93,131,112,227,29,255,0,207,53,244,237,247,196,24,188,21,163,73,165,104,248,55,151,67,111,204,50,84,117,201,172,41,230,84,176,152,103,41,189,17,21,176,21,113,56,132,161,212,202,214,245,84,22,143,101,104,227,204,70,196,156,114,59,98,177,55,13,198,73,57,30,148,182,183,45,36,108,247,11,181,139,18,220,113,214,155,54,233,29,94,220,2,1,249,136,53,249,238,103,154,214,204,113,14,115,122,116,71,218,101,248,10,88,26,28,145,90,245,51,110,183,181,222,94,3,128,57,192,170,215,48,172,202,201,25,192,199,63,173,108,202,226,209,252,236,228,183,0,17,89,115,220,0,24,236,31,49,228,142,57,175,32,244,147,177,72,193,109,101,1,41,185,156,145,154,103,153,118,84,71,5,190,113,220,158,149,102,195,81,185,141,100,133,173,193,76,231,204,167,67,115,37,204,97,190,85,59,240,196,12,113,205,69,219,4,238,67,109,19,249,108,247,74,3,118,0,246,168,38,186,75,125,193,144,114,195,99,103,167,90,180,208,60,128,132,57,235,131,84,70,159,230,146,179,59,85,37,98,73,35,213,17,148,162,149,0,3,158,252,255,0,159,243,235,82,89,23,57,80,73,61,72,169,14,150,209,184,242,98,114,24,242,79,227,205,62,107,39,140,146,139,143,173,82,118,2,188,223,102,103,15,34,158,80,100,99,189,68,183,54,242,147,28,48,55,28,100,85,134,210,111,229,33,226,40,202,71,60,242,42,107,93,57,109,229,96,195,10,7,60,245,53,107,80,40,162,152,152,171,41,203,12,130,123,210,73,42,198,255,0,56,24,247,29,107,66,233,237,222,80,166,48,6,120,53,90,243,79,23,39,10,224,40,239,64,17,23,130,69,232,48,121,24,21,60,54,86,115,149,216,55,99,156,122,212,75,106,45,225,8,121,3,140,138,137,164,150,216,135,66,120,61,187,80,6,230,175,241,11,196,186,149,148,58,46,164,241,77,105,96,74,219,218,152,85,84,125,113,201,252,127,253,124,207,136,36,23,215,166,70,136,70,197,65,218,58,15,106,177,27,205,37,201,187,39,42,88,28,26,138,230,230,75,155,167,121,227,4,147,142,59,10,164,194,198,56,179,116,4,121,133,189,141,53,97,118,130,104,183,176,249,113,131,208,214,145,138,40,165,40,35,221,142,153,162,72,163,87,242,174,33,10,172,188,241,218,169,19,202,99,25,174,52,235,77,197,85,242,192,40,7,145,205,62,117,183,80,210,114,9,60,224,85,251,189,30,210,66,178,68,228,141,192,245,166,201,100,165,176,66,144,57,4,10,180,238,100,209,156,46,100,140,109,48,179,131,252,120,233,78,23,80,43,236,156,124,167,138,159,229,77,243,49,224,30,1,170,236,240,93,19,30,206,84,131,138,98,46,53,141,188,112,166,194,54,185,36,98,143,179,219,91,68,215,14,196,145,200,30,159,133,85,33,68,251,146,95,155,29,9,226,144,203,56,46,172,217,82,189,40,3,87,74,214,30,27,50,225,183,140,240,28,116,170,215,151,208,220,196,239,50,101,193,234,42,172,126,75,161,12,219,70,51,205,36,110,143,107,186,50,15,98,72,166,128,150,41,174,68,30,83,110,43,143,145,155,173,79,109,32,71,77,248,224,224,159,106,171,37,226,70,138,171,112,8,217,247,71,110,122,81,167,75,44,215,185,154,48,23,97,30,231,210,174,26,177,116,61,39,246,74,158,56,191,106,61,21,32,184,46,18,210,228,128,1,254,233,175,164,188,21,13,181,191,199,205,70,57,38,0,201,116,29,36,28,224,229,9,21,243,127,236,174,246,182,255,0,180,255,0,135,237,86,29,174,109,167,195,99,239,101,13,125,27,225,168,39,139,246,133,107,9,193,12,247,142,170,163,191,202,15,63,149,125,94,66,249,103,31,83,202,199,124,50,244,63,65,52,73,68,159,12,245,227,112,62,95,46,14,7,99,181,127,250,213,249,171,255,0,5,97,183,135,254,21,157,238,214,101,105,238,227,123,117,221,156,50,25,9,97,245,11,95,164,218,59,155,63,134,58,249,149,67,167,149,9,227,174,118,142,191,165,126,108,255,0,193,86,226,115,224,205,134,85,100,75,193,179,3,251,203,48,254,191,173,126,137,152,43,229,211,62,35,135,28,22,97,59,124,207,135,62,24,186,203,225,81,44,223,59,203,32,109,195,147,211,165,118,182,247,201,109,30,209,1,39,186,176,35,154,228,254,10,221,198,190,31,189,184,218,101,120,110,227,88,150,81,208,108,28,127,159,90,246,77,63,85,240,183,136,116,228,77,115,65,88,166,17,227,204,88,118,147,215,159,122,252,107,22,185,106,52,126,145,73,220,226,226,212,109,156,53,196,42,170,221,14,6,49,74,117,6,206,238,91,29,43,107,84,240,54,159,108,143,127,167,29,194,70,239,199,245,172,57,109,37,182,145,112,156,22,28,145,208,102,185,85,153,171,46,203,37,199,136,116,107,168,31,97,16,66,204,3,16,49,143,173,120,22,191,246,164,214,103,89,227,1,124,195,180,254,38,189,254,59,118,184,47,109,111,16,253,234,224,47,76,215,142,124,80,208,238,244,141,86,100,154,215,201,33,178,51,220,102,186,240,205,38,209,207,89,123,167,59,109,40,8,85,49,215,57,161,177,27,49,13,215,255,0,175,81,68,206,177,152,217,48,122,131,79,93,184,44,237,158,122,87,105,202,196,141,150,52,44,185,63,90,71,145,76,68,21,235,192,200,165,249,16,19,212,118,166,201,36,34,63,45,135,39,184,170,137,37,237,6,229,222,113,252,59,120,250,214,240,144,200,3,192,223,39,241,15,122,229,180,253,65,162,185,72,227,67,247,184,24,235,93,85,156,130,226,213,204,97,67,5,59,65,245,205,122,120,89,243,70,199,21,101,102,62,210,230,59,23,146,37,0,172,139,206,71,126,106,29,236,144,186,70,1,102,251,167,243,168,102,184,23,113,133,69,196,137,212,14,255,0,231,20,121,255,0,102,1,103,82,172,125,185,174,187,152,5,180,111,229,49,96,124,208,121,98,125,51,86,236,39,84,132,27,197,92,51,124,160,158,188,241,76,47,28,16,152,155,27]},"_outOffset":3199,"_chunkSize":16384,"_defaultFlushFlag":0,"_finishFlushFlag":4,"_defaultFullFlushFlag":3,"_maxOutputLength":9007199254740991,"_rejectGarbageAfterEnd":false,"_level":9,"_strategy":0,"_mode":3}}): AbortError: The user aborted a request.
[info] i  hosting: uploading new files [1/24] (4%) 
[debug] [2026-06-23T03:53:57.712Z] [uploadQueue] Retrying task cd823841744c5237a745c9ef4bb848f33b5acfe4538e8b586f75bd3303c87378
[debug] [2026-06-23T03:53:57.712Z] Checked if tokens are valid: true, expires at: 1782188904082
[debug] [2026-06-23T03:53:57.713Z] Checked if tokens are valid: true, expires at: 1782188904082
[debug] [2026-06-23T03:53:57.713Z] >>> [apiv2][query] POST https://upload-firebasehosting.googleapis.com/upload/sites/abdominalgym-kudus-gym/versions/76351787d5059d4e/files/cd823841744c5237a745c9ef4bb848f33b5acfe4538e8b586f75bd3303c87378 [none]
[debug] [2026-06-23T03:53:57.713Z] >>> [apiv2][body] POST https://upload-firebasehosting.googleapis.com/upload/sites/abdominalgym-kudus-gym/versions/76351787d5059d4e/files/cd823841744c5237a745c9ef4bb848f33b5acfe4538e8b586f75bd3303c87378 [stream]
[debug] [2026-06-23T03:53:57.886Z] [uploadQueue] Retrying task a30210f988be80c1ce0d06b77cc5876681b55504140e8264b71ff8ba23650ca6
[debug] [2026-06-23T03:53:57.886Z] Checked if tokens are valid: true, expires at: 1782188904082
[debug] [2026-06-23T03:53:57.887Z] Checked if tokens are valid: true, expires at: 1782188904082
[debug] [2026-06-23T03:53:57.887Z] >>> [apiv2][query] POST https://upload-firebasehosting.googleapis.com/upload/sites/abdominalgym-kudus-gym/versions/76351787d5059d4e/files/a30210f988be80c1ce0d06b77cc5876681b55504140e8264b71ff8ba23650ca6 [none]
[debug] [2026-06-23T03:53:57.887Z] >>> [apiv2][body] POST https://upload-firebasehosting.googleapis.com/upload/sites/abdominalgym-kudus-gym/versions/76351787d5059d4e/files/a30210f988be80c1ce0d06b77cc5876681b55504140e8264b71ff8ba23650ca6 [stream]
[debug] [2026-06-23T03:53:57.906Z] [uploadQueue] Retrying task 8851292990bca1067429631a38294fa4f77cba19b1b620811a90d7d8d69020eb
[debug] [2026-06-23T03:53:57.907Z] Checked if tokens are valid: true, expires at: 1782188904082
[debug] [2026-06-23T03:53:57.907Z] Checked if tokens are valid: true, expires at: 1782188904082
[debug] [2026-06-23T03:53:57.908Z] >>> [apiv2][query] POST https://upload-firebasehosting.googleapis.com/upload/sites/abdominalgym-kudus-gym/versions/76351787d5059d4e/files/8851292990bca1067429631a38294fa4f77cba19b1b620811a90d7d8d69020eb [none]
[debug] [2026-06-23T03:53:57.908Z] >>> [apiv2][body] POST https://upload-firebasehosting.googleapis.com/upload/sites/abdominalgym-kudus-gym/versions/76351787d5059d4e/files/8851292990bca1067429631a38294fa4f77cba19b1b620811a90d7d8d69020eb [stream]
[info] i  hosting: uploading new files [1/24] (4%) 
[info] i  hosting: uploading new files [1/24] (4%) 
[debug] [2026-06-23T03:54:02.065Z] [uploadQueue] Retrying task ec5f6992264357f3f447072228c0a1e8e93eae7701e7c80a2e2f80fd4e9308b9
[debug] [2026-06-23T03:54:02.065Z] Checked if tokens are valid: true, expires at: 1782188904082
[debug] [2026-06-23T03:54:02.065Z] Checked if tokens are valid: true, expires at: 1782188904082
[debug] [2026-06-23T03:54:02.065Z] >>> [apiv2][query] POST https://upload-firebasehosting.googleapis.com/upload/sites/abdominalgym-kudus-gym/versions/76351787d5059d4e/files/ec5f6992264357f3f447072228c0a1e8e93eae7701e7c80a2e2f80fd4e9308b9 [none]
[debug] [2026-06-23T03:54:02.065Z] >>> [apiv2][body] POST https://upload-firebasehosting.googleapis.com/upload/sites/abdominalgym-kudus-gym/versions/76351787d5059d4e/files/ec5f6992264357f3f447072228c0a1e8e93eae7701e7c80a2e2f80fd4e9308b9 [stream]
[info] i  hosting: uploading new files [1/24] (4%) 
[info] i  hosting: uploading new files [1/24] (4%) 
[info] i  hosting: uploading new files [1/24] (4%) 
[info] i  hosting: uploading new files [1/24] (4%) 
[info] i  hosting: uploading new files [1/24] (4%) 
[info] i  hosting: uploading new files [1/24] (4%) 
[info] i  hosting: uploading new files [1/24] (4%) 
[info] i  hosting: uploading new files [1/24] (4%) 
[debug] [2026-06-23T03:54:17.962Z] [uploadQueue] Retrying task 9d9f5273d5be74ecbf10dd7baacf972b3e7979bb55626b00552d141bec1dfb49
[debug] [2026-06-23T03:54:17.963Z] Checked if tokens are valid: true, expires at: 1782188904082
[debug] [2026-06-23T03:54:17.963Z] Checked if tokens are valid: true, expires at: 1782188904082
[debug] [2026-06-23T03:54:17.963Z] >>> [apiv2][query] POST https://upload-firebasehosting.googleapis.com/upload/sites/abdominalgym-kudus-gym/versions/76351787d5059d4e/files/9d9f5273d5be74ecbf10dd7baacf972b3e7979bb55626b00552d141bec1dfb49 [none]
[debug] [2026-06-23T03:54:17.963Z] >>> [apiv2][body] POST https://upload-firebasehosting.googleapis.com/upload/sites/abdominalgym-kudus-gym/versions/76351787d5059d4e/files/9d9f5273d5be74ecbf10dd7baacf972b3e7979bb55626b00552d141bec1dfb49 [stream]
[info] i  hosting: uploading new files [1/24] (4%) 
[debug] [2026-06-23T03:54:19.870Z] [uploadQueue] Retrying task 6576d8e3165cb75b7e188dcab075e61c32016ab24c437d91b161a76b47cb0885
[debug] [2026-06-23T03:54:19.871Z] Checked if tokens are valid: true, expires at: 1782188904082
[debug] [2026-06-23T03:54:19.871Z] Checked if tokens are valid: true, expires at: 1782188904082
[debug] [2026-06-23T03:54:19.871Z] >>> [apiv2][query] POST https://upload-firebasehosting.googleapis.com/upload/sites/abdominalgym-kudus-gym/versions/76351787d5059d4e/files/6576d8e3165cb75b7e188dcab075e61c32016ab24c437d91b161a76b47cb0885 [none]
[debug] [2026-06-23T03:54:19.871Z] >>> [apiv2][body] POST https://upload-firebasehosting.googleapis.com/upload/sites/abdominalgym-kudus-gym/versions/76351787d5059d4e/files/6576d8e3165cb75b7e188dcab075e61c32016ab24c437d91b161a76b47cb0885 [stream]
[debug] [2026-06-23T03:54:20.259Z] [uploadQueue] Retrying task 7067416c934cc31e25a462a6e57e34672bc93ca3f99b52ab116b6af738ae0b37
[debug] [2026-06-23T03:54:20.260Z] Checked if tokens are valid: true, expires at: 1782188904082
[debug] [2026-06-23T03:54:20.260Z] Checked if tokens are valid: true, expires at: 1782188904082
[debug] [2026-06-23T03:54:20.260Z] >>> [apiv2][query] POST https://upload-firebasehosting.googleapis.com/upload/sites/abdominalgym-kudus-gym/versions/76351787d5059d4e/files/7067416c934cc31e25a462a6e57e34672bc93ca3f99b52ab116b6af738ae0b37 [none]
[debug] [2026-06-23T03:54:20.260Z] >>> [apiv2][body] POST https://upload-firebasehosting.googleapis.com/upload/sites/abdominalgym-kudus-gym/versions/76351787d5059d4e/files/7067416c934cc31e25a462a6e57e34672bc93ca3f99b52ab116b6af738ae0b37 [stream]
[debug] [2026-06-23T03:54:20.271Z] [uploadQueue] Retrying task 5eaad130f6219787be437a0443caa1a69d0873455741f08608950f4b580b389d
[debug] [2026-06-23T03:54:20.271Z] Checked if tokens are valid: true, expires at: 1782188904082
[debug] [2026-06-23T03:54:20.271Z] Checked if tokens are valid: true, expires at: 1782188904082
[debug] [2026-06-23T03:54:20.272Z] >>> [apiv2][query] POST https://upload-firebasehosting.googleapis.com/upload/sites/abdominalgym-kudus-gym/versions/76351787d5059d4e/files/5eaad130f6219787be437a0443caa1a69d0873455741f08608950f4b580b389d [none]
[debug] [2026-06-23T03:54:20.272Z] >>> [apiv2][body] POST https://upload-firebasehosting.googleapis.com/upload/sites/abdominalgym-kudus-gym/versions/76351787d5059d4e/files/5eaad130f6219787be437a0443caa1a69d0873455741f08608950f4b580b389d [stream]
[debug] [2026-06-23T03:54:20.827Z] [uploadQueue] Retrying task fcb810e97de55afb76eefa4cde7b03d09ac68a688c78f7f84dd49da977609e48
[debug] [2026-06-23T03:54:20.828Z] Checked if tokens are valid: true, expires at: 1782188904082
[debug] [2026-06-23T03:54:20.828Z] Checked if tokens are valid: true, expires at: 1782188904082
[debug] [2026-06-23T03:54:20.828Z] >>> [apiv2][query] POST https://upload-firebasehosting.googleapis.com/upload/sites/abdominalgym-kudus-gym/versions/76351787d5059d4e/files/fcb810e97de55afb76eefa4cde7b03d09ac68a688c78f7f84dd49da977609e48 [none]
[debug] [2026-06-23T03:54:20.828Z] >>> [apiv2][body] POST https://upload-firebasehosting.googleapis.com/upload/sites/abdominalgym-kudus-gym/versions/76351787d5059d4e/files/fcb810e97de55afb76eefa4cde7b03d09ac68a688c78f7f84dd49da977609e48 [stream]
[info] i  hosting: uploading new files [1/24] (4%) 
[info] i  hosting: uploading new files [1/24] (4%) 
[debug] [2026-06-23T03:54:23.741Z] [uploadQueue] Retrying task d38a16bc5580d7df7887db6845a0c90aa78c60305977c3df93b3101601421bad
[debug] [2026-06-23T03:54:23.742Z] Checked if tokens are valid: true, expires at: 1782188904082
[debug] [2026-06-23T03:54:23.742Z] Checked if tokens are valid: true, expires at: 1782188904082
[debug] [2026-06-23T03:54:23.742Z] >>> [apiv2][query] POST https://upload-firebasehosting.googleapis.com/upload/sites/abdominalgym-kudus-gym/versions/76351787d5059d4e/files/d38a16bc5580d7df7887db6845a0c90aa78c60305977c3df93b3101601421bad [none]
[debug] [2026-06-23T03:54:23.742Z] >>> [apiv2][body] POST https://upload-firebasehosting.googleapis.com/upload/sites/abdominalgym-kudus-gym/versions/76351787d5059d4e/files/d38a16bc5580d7df7887db6845a0c90aa78c60305977c3df93b3101601421bad [stream]
[info] i  hosting: uploading new files [1/24] (4%) 
[info] i  hosting: uploading new files [1/24] (4%) 
[debug] [2026-06-23T03:54:27.730Z] [uploadQueue] Retrying task b612ab29deea1a7a2209921a8f5188a77f996aa2088cdf89bfd0cd4b26d1f916
[debug] [2026-06-23T03:54:27.731Z] Checked if tokens are valid: true, expires at: 1782188904082
[debug] [2026-06-23T03:54:27.731Z] Checked if tokens are valid: true, expires at: 1782188904082
[debug] [2026-06-23T03:54:27.732Z] >>> [apiv2][query] POST https://upload-firebasehosting.googleapis.com/upload/sites/abdominalgym-kudus-gym/versions/76351787d5059d4e/files/b612ab29deea1a7a2209921a8f5188a77f996aa2088cdf89bfd0cd4b26d1f916 [none]
[debug] [2026-06-23T03:54:27.732Z] >>> [apiv2][body] POST https://upload-firebasehosting.googleapis.com/upload/sites/abdominalgym-kudus-gym/versions/76351787d5059d4e/files/b612ab29deea1a7a2209921a8f5188a77f996aa2088cdf89bfd0cd4b26d1f916 [stream]
[debug] [2026-06-23T03:54:28.298Z] [uploadQueue] Retrying task 9475af5e39a5f5310b7c27336f849dd0a29802c52e7d1fa4ca467e3dc04a1769
[debug] [2026-06-23T03:54:28.299Z] Checked if tokens are valid: true, expires at: 1782188904082
[debug] [2026-06-23T03:54:28.299Z] Checked if tokens are valid: true, expires at: 1782188904082
[debug] [2026-06-23T03:54:28.299Z] >>> [apiv2][query] POST https://upload-firebasehosting.googleapis.com/upload/sites/abdominalgym-kudus-gym/versions/76351787d5059d4e/files/9475af5e39a5f5310b7c27336f849dd0a29802c52e7d1fa4ca467e3dc04a1769 [none]
[debug] [2026-06-23T03:54:28.299Z] >>> [apiv2][body] POST https://upload-firebasehosting.googleapis.com/upload/sites/abdominalgym-kudus-gym/versions/76351787d5059d4e/files/9475af5e39a5f5310b7c27336f849dd0a29802c52e7d1fa4ca467e3dc04a1769 [stream]
[info] i  hosting: uploading new files [1/24] (4%) 
[info] i  hosting: uploading new files [1/24] (4%) 
[debug] [2026-06-23T03:54:31.763Z] [uploadQueue] Retrying task bac394ab350b24de85590acd9cf1fbac4faf771357b011905e11efdad0bd12df
[debug] [2026-06-23T03:54:31.763Z] Checked if tokens are valid: true, expires at: 1782188904082
[debug] [2026-06-23T03:54:31.764Z] Checked if tokens are valid: true, expires at: 1782188904082
[debug] [2026-06-23T03:54:31.764Z] >>> [apiv2][query] POST https://upload-firebasehosting.googleapis.com/upload/sites/abdominalgym-kudus-gym/versions/76351787d5059d4e/files/bac394ab350b24de85590acd9cf1fbac4faf771357b011905e11efdad0bd12df [none]
[debug] [2026-06-23T03:54:31.764Z] >>> [apiv2][body] POST https://upload-firebasehosting.googleapis.com/upload/sites/abdominalgym-kudus-gym/versions/76351787d5059d4e/files/bac394ab350b24de85590acd9cf1fbac4faf771357b011905e11efdad0bd12df [stream]
[info] i  hosting: uploading new files [1/24] (4%) 
[debug] [2026-06-23T03:54:34.278Z] [uploadQueue] Retrying task 06781417b22f9c1a46be600625c39d5192f67709c479929f013338dcc42bc32c
[debug] [2026-06-23T03:54:34.279Z] Checked if tokens are valid: true, expires at: 1782188904082
[debug] [2026-06-23T03:54:34.279Z] Checked if tokens are valid: true, expires at: 1782188904082
[debug] [2026-06-23T03:54:34.279Z] >>> [apiv2][query] POST https://upload-firebasehosting.googleapis.com/upload/sites/abdominalgym-kudus-gym/versions/76351787d5059d4e/files/06781417b22f9c1a46be600625c39d5192f67709c479929f013338dcc42bc32c [none]
[debug] [2026-06-23T03:54:34.279Z] >>> [apiv2][body] POST https://upload-firebasehosting.googleapis.com/upload/sites/abdominalgym-kudus-gym/versions/76351787d5059d4e/files/06781417b22f9c1a46be600625c39d5192f67709c479929f013338dcc42bc32c [stream]
[info] i  hosting: uploading new files [1/24] (4%) 
[info] i  hosting: uploading new files [1/24] (4%) 
[info] i  hosting: uploading new files [1/24] (4%) 
[info] i  hosting: uploading new files [1/24] (4%) 
[debug] [2026-06-23T03:54:41.620Z] [uploadQueue] Retrying task 79d793e4d22a374810db05418b5135b1e4047959add669a7e2ef05bbd483c810
[debug] [2026-06-23T03:54:41.621Z] Checked if tokens are valid: true, expires at: 1782188904082
[debug] [2026-06-23T03:54:41.621Z] Checked if tokens are valid: true, expires at: 1782188904082
[debug] [2026-06-23T03:54:41.621Z] >>> [apiv2][query] POST https://upload-firebasehosting.googleapis.com/upload/sites/abdominalgym-kudus-gym/versions/76351787d5059d4e/files/79d793e4d22a374810db05418b5135b1e4047959add669a7e2ef05bbd483c810 [none]
[debug] [2026-06-23T03:54:41.621Z] >>> [apiv2][body] POST https://upload-firebasehosting.googleapis.com/upload/sites/abdominalgym-kudus-gym/versions/76351787d5059d4e/files/79d793e4d22a374810db05418b5135b1e4047959add669a7e2ef05bbd483c810 [stream]
[info] i  hosting: uploading new files [1/24] (4%) 
[debug] [2026-06-23T03:54:45.311Z] [uploadQueue] Retrying task 5700d88a1fce790fe5fcbb5c390a23d7d03161ce8117e507472d4caf773ba14c
[debug] [2026-06-23T03:54:45.311Z] Checked if tokens are valid: true, expires at: 1782188904082
[debug] [2026-06-23T03:54:45.312Z] Checked if tokens are valid: true, expires at: 1782188904082
[debug] [2026-06-23T03:54:45.312Z] >>> [apiv2][query] POST https://upload-firebasehosting.googleapis.com/upload/sites/abdominalgym-kudus-gym/versions/76351787d5059d4e/files/5700d88a1fce790fe5fcbb5c390a23d7d03161ce8117e507472d4caf773ba14c [none]
[debug] [2026-06-23T03:54:45.312Z] >>> [apiv2][body] POST https://upload-firebasehosting.googleapis.com/upload/sites/abdominalgym-kudus-gym/versions/76351787d5059d4e/files/5700d88a1fce790fe5fcbb5c390a23d7d03161ce8117e507472d4caf773ba14c [stream]
[info] i  hosting: uploading new files [1/24] (4%) 
[info] i  hosting: uploading new files [1/24] (4%) 
[debug] [2026-06-23T03:54:48.543Z] [uploadQueue] Retrying task cd823841744c5237a745c9ef4bb848f33b5acfe4538e8b586f75bd3303c87378
[debug] [2026-06-23T03:54:48.544Z] Checked if tokens are valid: true, expires at: 1782188904082
[debug] [2026-06-23T03:54:48.544Z] Checked if tokens are valid: true, expires at: 1782188904082
[debug] [2026-06-23T03:54:48.544Z] >>> [apiv2][query] POST https://upload-firebasehosting.googleapis.com/upload/sites/abdominalgym-kudus-gym/versions/76351787d5059d4e/files/cd823841744c5237a745c9ef4bb848f33b5acfe4538e8b586f75bd3303c87378 [none]
[debug] [2026-06-23T03:54:48.544Z] >>> [apiv2][body] POST https://upload-firebasehosting.googleapis.com/upload/sites/abdominalgym-kudus-gym/versions/76351787d5059d4e/files/cd823841744c5237a745c9ef4bb848f33b5acfe4538e8b586f75bd3303c87378 [stream]
[debug] [2026-06-23T03:54:48.799Z] [uploadQueue] Retrying task a30210f988be80c1ce0d06b77cc5876681b55504140e8264b71ff8ba23650ca6
[debug] [2026-06-23T03:54:48.799Z] Checked if tokens are valid: true, expires at: 1782188904082
[debug] [2026-06-23T03:54:48.799Z] Checked if tokens are valid: true, expires at: 1782188904082
[debug] [2026-06-23T03:54:48.800Z] >>> [apiv2][query] POST https://upload-firebasehosting.googleapis.com/upload/sites/abdominalgym-kudus-gym/versions/76351787d5059d4e/files/a30210f988be80c1ce0d06b77cc5876681b55504140e8264b71ff8ba23650ca6 [none]
[debug] [2026-06-23T03:54:48.800Z] >>> [apiv2][body] POST https://upload-firebasehosting.googleapis.com/upload/sites/abdominalgym-kudus-gym/versions/76351787d5059d4e/files/a30210f988be80c1ce0d06b77cc5876681b55504140e8264b71ff8ba23650ca6 [stream]
[info] i  hosting: uploading new files [1/24] (4%) 
[info] i  hosting: uploading new files [1/24] (4%) 
[info] i  hosting: uploading new files [1/24] (4%) 
[info] i  hosting: uploading new files [1/24] (4%) 
[debug] [2026-06-23T03:54:57.389Z] [uploadQueue] Retrying task 98f96eca8a691ebb1da749e9ad88dcae4b387737b8520a3e2f733443ab962109
[debug] [2026-06-23T03:54:57.390Z] Checked if tokens are valid: true, expires at: 1782188904082
[debug] [2026-06-23T03:54:57.390Z] Checked if tokens are valid: true, expires at: 1782188904082
[debug] [2026-06-23T03:54:57.390Z] >>> [apiv2][query] POST https://upload-firebasehosting.googleapis.com/upload/sites/abdominalgym-kudus-gym/versions/76351787d5059d4e/files/98f96eca8a691ebb1da749e9ad88dcae4b387737b8520a3e2f733443ab962109 [none]
[debug] [2026-06-23T03:54:57.390Z] >>> [apiv2][body] POST https://upload-firebasehosting.googleapis.com/upload/sites/abdominalgym-kudus-gym/versions/76351787d5059d4e/files/98f96eca8a691ebb1da749e9ad88dcae4b387737b8520a3e2f733443ab962109 [stream]
[info] i  hosting: uploading new files [1/24] (4%) 
[debug] [2026-06-23T03:54:58.740Z] [uploadQueue] Retrying task 6affdc28c9ad14f56505c34b9e1d52481fd30a9062674b162ba748e1bfa6cbac
[debug] [2026-06-23T03:54:58.740Z] Checked if tokens are valid: true, expires at: 1782188904082
[debug] [2026-06-23T03:54:58.740Z] Checked if tokens are valid: true, expires at: 1782188904082
[debug] [2026-06-23T03:54:58.740Z] >>> [apiv2][query] POST https://upload-firebasehosting.googleapis.com/upload/sites/abdominalgym-kudus-gym/versions/76351787d5059d4e/files/6affdc28c9ad14f56505c34b9e1d52481fd30a9062674b162ba748e1bfa6cbac [none]
[debug] [2026-06-23T03:54:58.740Z] >>> [apiv2][body] POST https://upload-firebasehosting.googleapis.com/upload/sites/abdominalgym-kudus-gym/versions/76351787d5059d4e/files/6affdc28c9ad14f56505c34b9e1d52481fd30a9062674b162ba748e1bfa6cbac [stream]
[info] i  hosting: uploading new files [1/24] (4%) 
[info] i  hosting: uploading new files [1/24] (4%) 
[debug] [2026-06-23T03:55:02.178Z] [uploadQueue] Retrying task 284a56e45c38a4b5a993231a454082668783703d121128d1e7dc44314f04f818
[debug] [2026-06-23T03:55:02.178Z] Checked if tokens are valid: true, expires at: 1782188904082
[debug] [2026-06-23T03:55:02.178Z] Checked if tokens are valid: true, expires at: 1782188904082
[debug] [2026-06-23T03:55:02.179Z] >>> [apiv2][query] POST https://upload-firebasehosting.googleapis.com/upload/sites/abdominalgym-kudus-gym/versions/76351787d5059d4e/files/284a56e45c38a4b5a993231a454082668783703d121128d1e7dc44314f04f818 [none]
[debug] [2026-06-23T03:55:02.179Z] >>> [apiv2][body] POST https://upload-firebasehosting.googleapis.com/upload/sites/abdominalgym-kudus-gym/versions/76351787d5059d4e/files/284a56e45c38a4b5a993231a454082668783703d121128d1e7dc44314f04f818 [stream]
[debug] [2026-06-23T03:55:02.749Z] [uploadQueue] Retrying task 6576d8e3165cb75b7e188dcab075e61c32016ab24c437d91b161a76b47cb0885
[debug] [2026-06-23T03:55:02.750Z] Checked if tokens are valid: true, expires at: 1782188904082
[debug] [2026-06-23T03:55:02.750Z] Checked if tokens are valid: true, expires at: 1782188904082
[debug] [2026-06-23T03:55:02.750Z] >>> [apiv2][query] POST https://upload-firebasehosting.googleapis.com/upload/sites/abdominalgym-kudus-gym/versions/76351787d5059d4e/files/6576d8e3165cb75b7e188dcab075e61c32016ab24c437d91b161a76b47cb0885 [none]
[debug] [2026-06-23T03:55:02.750Z] >>> [apiv2][body] POST https://upload-firebasehosting.googleapis.com/upload/sites/abdominalgym-kudus-gym/versions/76351787d5059d4e/files/6576d8e3165cb75b7e188dcab075e61c32016ab24c437d91b161a76b47cb0885 [stream]
[debug] [2026-06-23T03:55:03.327Z] [uploadQueue] Retrying task a05e499a6e05f130ec3a57578dcadb99afdb5cd827eb71a701539e553d0591eb
[debug] [2026-06-23T03:55:03.328Z] Checked if tokens are valid: true, expires at: 1782188904082
[debug] [2026-06-23T03:55:03.328Z] Checked if tokens are valid: true, expires at: 1782188904082
[debug] [2026-06-23T03:55:03.328Z] >>> [apiv2][query] POST https://upload-firebasehosting.googleapis.com/upload/sites/abdominalgym-kudus-gym/versions/76351787d5059d4e/files/a05e499a6e05f130ec3a57578dcadb99afdb5cd827eb71a701539e553d0591eb [none]
[debug] [2026-06-23T03:55:03.328Z] >>> [apiv2][body] POST https://upload-firebasehosting.googleapis.com/upload/sites/abdominalgym-kudus-gym/versions/76351787d5059d4e/files/a05e499a6e05f130ec3a57578dcadb99afdb5cd827eb71a701539e553d0591eb [stream]
[info] i  hosting: uploading new files [1/24] (4%) 
[info] i  hosting: uploading new files [1/24] (4%) 
[info] i  hosting: uploading new files [1/24] (4%) 
[debug] [2026-06-23T03:55:08.545Z] <<< [apiv2][status] POST https://upload-firebasehosting.googleapis.com/upload/sites/abdominalgym-kudus-gym/versions/76351787d5059d4e/files/fcb810e97de55afb76eefa4cde7b03d09ac68a688c78f7f84dd49da977609e48 200
[debug] [2026-06-23T03:55:08.545Z] <<< [apiv2][body] POST https://upload-firebasehosting.googleapis.com/upload/sites/abdominalgym-kudus-gym/versions/76351787d5059d4e/files/fcb810e97de55afb76eefa4cde7b03d09ac68a688c78f7f84dd49da977609e48 [stream]
[debug] [2026-06-23T03:55:09.360Z] [uploadQueue] Retrying task ecc3c87513dcea536cdfc96a69710e25e0554f435d90da4d92ed842e93702a40
[debug] [2026-06-23T03:55:09.361Z] Checked if tokens are valid: true, expires at: 1782188904082
[debug] [2026-06-23T03:55:09.361Z] Checked if tokens are valid: true, expires at: 1782188904082
[debug] [2026-06-23T03:55:09.361Z] >>> [apiv2][query] POST https://upload-firebasehosting.googleapis.com/upload/sites/abdominalgym-kudus-gym/versions/76351787d5059d4e/files/ecc3c87513dcea536cdfc96a69710e25e0554f435d90da4d92ed842e93702a40 [none]
[debug] [2026-06-23T03:55:09.361Z] >>> [apiv2][body] POST https://upload-firebasehosting.googleapis.com/upload/sites/abdominalgym-kudus-gym/versions/76351787d5059d4e/files/ecc3c87513dcea536cdfc96a69710e25e0554f435d90da4d92ed842e93702a40 [stream]
[debug] [2026-06-23T03:55:09.454Z] <<< [apiv2][status] POST https://upload-firebasehosting.googleapis.com/upload/sites/abdominalgym-kudus-gym/versions/76351787d5059d4e/files/3411da01c4b5dcd8d9de3b4847a8f7c1faff3fac7226bd57ca64fd92f7226390 200
[debug] [2026-06-23T03:55:09.454Z] <<< [apiv2][body] POST https://upload-firebasehosting.googleapis.com/upload/sites/abdominalgym-kudus-gym/versions/76351787d5059d4e/files/3411da01c4b5dcd8d9de3b4847a8f7c1faff3fac7226bd57ca64fd92f7226390 [stream]
[info] i  hosting: uploading new files [3/24] (12%) 
[info] i  hosting: uploading new files [3/24] (12%) 
[info] i  hosting: uploading new files [3/24] (12%) 
[info] i  hosting: uploading new files [3/24] (12%) 
[info] i  hosting: uploading new files [3/24] (12%) 
[debug] [2026-06-23T03:55:18.906Z] [uploadQueue] Retrying task 9d9f5273d5be74ecbf10dd7baacf972b3e7979bb55626b00552d141bec1dfb49
[debug] [2026-06-23T03:55:18.907Z] Checked if tokens are valid: true, expires at: 1782188904082
[debug] [2026-06-23T03:55:18.907Z] Checked if tokens are valid: true, expires at: 1782188904082
[debug] [2026-06-23T03:55:18.907Z] >>> [apiv2][query] POST https://upload-firebasehosting.googleapis.com/upload/sites/abdominalgym-kudus-gym/versions/76351787d5059d4e/files/9d9f5273d5be74ecbf10dd7baacf972b3e7979bb55626b00552d141bec1dfb49 [none]
[debug] [2026-06-23T03:55:18.907Z] >>> [apiv2][body] POST https://upload-firebasehosting.googleapis.com/upload/sites/abdominalgym-kudus-gym/versions/76351787d5059d4e/files/9d9f5273d5be74ecbf10dd7baacf972b3e7979bb55626b00552d141bec1dfb49 [stream]
[info] i  hosting: uploading new files [3/24] (12%) 
[info] i  hosting: uploading new files [3/24] (12%) 
[debug] [2026-06-23T03:55:22.376Z] [uploadQueue] Retrying task 7067416c934cc31e25a462a6e57e34672bc93ca3f99b52ab116b6af738ae0b37
[debug] [2026-06-23T03:55:22.377Z] Checked if tokens are valid: true, expires at: 1782188904082
[debug] [2026-06-23T03:55:22.377Z] Checked if tokens are valid: true, expires at: 1782188904082
[debug] [2026-06-23T03:55:22.377Z] >>> [apiv2][query] POST https://upload-firebasehosting.googleapis.com/upload/sites/abdominalgym-kudus-gym/versions/76351787d5059d4e/files/7067416c934cc31e25a462a6e57e34672bc93ca3f99b52ab116b6af738ae0b37 [none]
[debug] [2026-06-23T03:55:22.377Z] >>> [apiv2][body] POST https://upload-firebasehosting.googleapis.com/upload/sites/abdominalgym-kudus-gym/versions/76351787d5059d4e/files/7067416c934cc31e25a462a6e57e34672bc93ca3f99b52ab116b6af738ae0b37 [stream]
[debug] [2026-06-23T03:55:22.380Z] [uploadQueue] Retrying task 5eaad130f6219787be437a0443caa1a69d0873455741f08608950f4b580b389d
[debug] [2026-06-23T03:55:22.381Z] Checked if tokens are valid: true, expires at: 1782188904082
[debug] [2026-06-23T03:55:22.381Z] Checked if tokens are valid: true, expires at: 1782188904082
[debug] [2026-06-23T03:55:22.381Z] >>> [apiv2][query] POST https://upload-firebasehosting.googleapis.com/upload/sites/abdominalgym-kudus-gym/versions/76351787d5059d4e/files/5eaad130f6219787be437a0443caa1a69d0873455741f08608950f4b580b389d [none]
[debug] [2026-06-23T03:55:22.381Z] >>> [apiv2][body] POST https://upload-firebasehosting.googleapis.com/upload/sites/abdominalgym-kudus-gym/versions/76351787d5059d4e/files/5eaad130f6219787be437a0443caa1a69d0873455741f08608950f4b580b389d [stream]
[info] i  hosting: uploading new files [3/24] (12%) 
[info] i  hosting: uploading new files [3/24] (12%) 
[debug] [2026-06-23T03:55:27.099Z] [uploadQueue] Retrying task 42276209c0b88b4ae552be93d2a697fa81928d35d062ce26b33130209c1e1ff3
[debug] [2026-06-23T03:55:27.100Z] Checked if tokens are valid: true, expires at: 1782188904082
[debug] [2026-06-23T03:55:27.100Z] Checked if tokens are valid: true, expires at: 1782188904082
[debug] [2026-06-23T03:55:27.100Z] >>> [apiv2][query] POST https://upload-firebasehosting.googleapis.com/upload/sites/abdominalgym-kudus-gym/versions/76351787d5059d4e/files/42276209c0b88b4ae552be93d2a697fa81928d35d062ce26b33130209c1e1ff3 [none]
[debug] [2026-06-23T03:55:27.100Z] >>> [apiv2][body] POST https://upload-firebasehosting.googleapis.com/upload/sites/abdominalgym-kudus-gym/versions/76351787d5059d4e/files/42276209c0b88b4ae552be93d2a697fa81928d35d062ce26b33130209c1e1ff3 [stream]
[debug] [2026-06-23T03:55:27.605Z] [uploadQueue] Retrying task d38a16bc5580d7df7887db6845a0c90aa78c60305977c3df93b3101601421bad
[debug] [2026-06-23T03:55:27.606Z] Checked if tokens are valid: true, expires at: 1782188904082
[debug] [2026-06-23T03:55:27.606Z] Checked if tokens are valid: true, expires at: 1782188904082
[debug] [2026-06-23T03:55:27.606Z] >>> [apiv2][query] POST https://upload-firebasehosting.googleapis.com/upload/sites/abdominalgym-kudus-gym/versions/76351787d5059d4e/files/d38a16bc5580d7df7887db6845a0c90aa78c60305977c3df93b3101601421bad [none]
[debug] [2026-06-23T03:55:27.606Z] >>> [apiv2][body] POST https://upload-firebasehosting.googleapis.com/upload/sites/abdominalgym-kudus-gym/versions/76351787d5059d4e/files/d38a16bc5580d7df7887db6845a0c90aa78c60305977c3df93b3101601421bad [stream]
[info] i  hosting: uploading new files [3/24] (12%) 
[info] i  hosting: uploading new files [3/24] (12%) 
[info] i  hosting: uploading new files [3/24] (12%) 
[debug] [2026-06-23T03:55:33.564Z] [uploadQueue] Retrying task b612ab29deea1a7a2209921a8f5188a77f996aa2088cdf89bfd0cd4b26d1f916
[debug] [2026-06-23T03:55:33.565Z] Checked if tokens are valid: true, expires at: 1782188904082
[debug] [2026-06-23T03:55:33.566Z] Checked if tokens are valid: true, expires at: 1782188904082
[debug] [2026-06-23T03:55:33.566Z] >>> [apiv2][query] POST https://upload-firebasehosting.googleapis.com/upload/sites/abdominalgym-kudus-gym/versions/76351787d5059d4e/files/b612ab29deea1a7a2209921a8f5188a77f996aa2088cdf89bfd0cd4b26d1f916 [none]
[debug] [2026-06-23T03:55:33.566Z] >>> [apiv2][body] POST https://upload-firebasehosting.googleapis.com/upload/sites/abdominalgym-kudus-gym/versions/76351787d5059d4e/files/b612ab29deea1a7a2209921a8f5188a77f996aa2088cdf89bfd0cd4b26d1f916 [stream]
[info] i  hosting: uploading new files [3/24] (12%) 
[debug] [2026-06-23T03:55:34.416Z] [uploadQueue] Retrying task 9475af5e39a5f5310b7c27336f849dd0a29802c52e7d1fa4ca467e3dc04a1769
[debug] [2026-06-23T03:55:34.417Z] Checked if tokens are valid: true, expires at: 1782188904082
[debug] [2026-06-23T03:55:34.417Z] Checked if tokens are valid: true, expires at: 1782188904082
[debug] [2026-06-23T03:55:34.418Z] >>> [apiv2][query] POST https://upload-firebasehosting.googleapis.com/upload/sites/abdominalgym-kudus-gym/versions/76351787d5059d4e/files/9475af5e39a5f5310b7c27336f849dd0a29802c52e7d1fa4ca467e3dc04a1769 [none]
[debug] [2026-06-23T03:55:34.418Z] >>> [apiv2][body] POST https://upload-firebasehosting.googleapis.com/upload/sites/abdominalgym-kudus-gym/versions/76351787d5059d4e/files/9475af5e39a5f5310b7c27336f849dd0a29802c52e7d1fa4ca467e3dc04a1769 [stream]
[info] i  hosting: uploading new files [3/24] (12%) 
[debug] [2026-06-23T03:55:36.673Z] [uploadQueue] Retrying task 5700d88a1fce790fe5fcbb5c390a23d7d03161ce8117e507472d4caf773ba14c
[debug] [2026-06-23T03:55:36.673Z] Checked if tokens are valid: true, expires at: 1782188904082
[debug] [2026-06-23T03:55:36.673Z] Checked if tokens are valid: true, expires at: 1782188904082
[debug] [2026-06-23T03:55:36.674Z] >>> [apiv2][query] POST https://upload-firebasehosting.googleapis.com/upload/sites/abdominalgym-kudus-gym/versions/76351787d5059d4e/files/5700d88a1fce790fe5fcbb5c390a23d7d03161ce8117e507472d4caf773ba14c [none]
[debug] [2026-06-23T03:55:36.674Z] >>> [apiv2][body] POST https://upload-firebasehosting.googleapis.com/upload/sites/abdominalgym-kudus-gym/versions/76351787d5059d4e/files/5700d88a1fce790fe5fcbb5c390a23d7d03161ce8117e507472d4caf773ba14c [stream]
[info] i  hosting: uploading new files [3/24] (12%) 
[debug] [2026-06-23T03:55:38.167Z] [uploadQueue] Retrying task 8851292990bca1067429631a38294fa4f77cba19b1b620811a90d7d8d69020eb
[debug] [2026-06-23T03:55:38.167Z] Checked if tokens are valid: true, expires at: 1782188904082
[debug] [2026-06-23T03:55:38.167Z] Checked if tokens are valid: true, expires at: 1782188904082
[debug] [2026-06-23T03:55:38.168Z] >>> [apiv2][query] POST https://upload-firebasehosting.googleapis.com/upload/sites/abdominalgym-kudus-gym/versions/76351787d5059d4e/files/8851292990bca1067429631a38294fa4f77cba19b1b620811a90d7d8d69020eb [none]
[debug] [2026-06-23T03:55:38.168Z] >>> [apiv2][body] POST https://upload-firebasehosting.googleapis.com/upload/sites/abdominalgym-kudus-gym/versions/76351787d5059d4e/files/8851292990bca1067429631a38294fa4f77cba19b1b620811a90d7d8d69020eb [stream]
[debug] [2026-06-23T03:55:39.617Z] [uploadQueue] Retrying task bac394ab350b24de85590acd9cf1fbac4faf771357b011905e11efdad0bd12df
[debug] [2026-06-23T03:55:39.618Z] Checked if tokens are valid: true, expires at: 1782188904082
[debug] [2026-06-23T03:55:39.618Z] Checked if tokens are valid: true, expires at: 1782188904082
[debug] [2026-06-23T03:55:39.618Z] >>> [apiv2][query] POST https://upload-firebasehosting.googleapis.com/upload/sites/abdominalgym-kudus-gym/versions/76351787d5059d4e/files/bac394ab350b24de85590acd9cf1fbac4faf771357b011905e11efdad0bd12df [none]
[debug] [2026-06-23T03:55:39.618Z] >>> [apiv2][body] POST https://upload-firebasehosting.googleapis.com/upload/sites/abdominalgym-kudus-gym/versions/76351787d5059d4e/files/bac394ab350b24de85590acd9cf1fbac4faf771357b011905e11efdad0bd12df [stream]
[info] i  hosting: uploading new files [3/24] (12%) 
[debug] [2026-06-23T03:55:40.973Z] [uploadQueue] Retrying task cd823841744c5237a745c9ef4bb848f33b5acfe4538e8b586f75bd3303c87378
[debug] [2026-06-23T03:55:40.974Z] Checked if tokens are valid: true, expires at: 1782188904082
[debug] [2026-06-23T03:55:40.974Z] Checked if tokens are valid: true, expires at: 1782188904082
[debug] [2026-06-23T03:55:40.974Z] >>> [apiv2][query] POST https://upload-firebasehosting.googleapis.com/upload/sites/abdominalgym-kudus-gym/versions/76351787d5059d4e/files/cd823841744c5237a745c9ef4bb848f33b5acfe4538e8b586f75bd3303c87378 [none]
[debug] [2026-06-23T03:55:40.974Z] >>> [apiv2][body] POST https://upload-firebasehosting.googleapis.com/upload/sites/abdominalgym-kudus-gym/versions/76351787d5059d4e/files/cd823841744c5237a745c9ef4bb848f33b5acfe4538e8b586f75bd3303c87378 [stream]
[debug] [2026-06-23T03:55:41.315Z] [uploadQueue] Retrying task a30210f988be80c1ce0d06b77cc5876681b55504140e8264b71ff8ba23650ca6
[debug] [2026-06-23T03:55:41.316Z] Checked if tokens are valid: true, expires at: 1782188904082
[debug] [2026-06-23T03:55:41.316Z] Checked if tokens are valid: true, expires at: 1782188904082
[debug] [2026-06-23T03:55:41.316Z] >>> [apiv2][query] POST https://upload-firebasehosting.googleapis.com/upload/sites/abdominalgym-kudus-gym/versions/76351787d5059d4e/files/a30210f988be80c1ce0d06b77cc5876681b55504140e8264b71ff8ba23650ca6 [none]
[debug] [2026-06-23T03:55:41.316Z] >>> [apiv2][body] POST https://upload-firebasehosting.googleapis.com/upload/sites/abdominalgym-kudus-gym/versions/76351787d5059d4e/files/a30210f988be80c1ce0d06b77cc5876681b55504140e8264b71ff8ba23650ca6 [stream]
[info] i  hosting: uploading new files [3/24] (12%) 
[debug] [2026-06-23T03:55:43.390Z] [uploadQueue] Retrying task 06781417b22f9c1a46be600625c39d5192f67709c479929f013338dcc42bc32c
[debug] [2026-06-23T03:55:43.391Z] Checked if tokens are valid: true, expires at: 1782188904082
[debug] [2026-06-23T03:55:43.391Z] Checked if tokens are valid: true, expires at: 1782188904082
[debug] [2026-06-23T03:55:43.391Z] >>> [apiv2][query] POST https://upload-firebasehosting.googleapis.com/upload/sites/abdominalgym-kudus-gym/versions/76351787d5059d4e/files/06781417b22f9c1a46be600625c39d5192f67709c479929f013338dcc42bc32c [none]
[debug] [2026-06-23T03:55:43.392Z] >>> [apiv2][body] POST https://upload-firebasehosting.googleapis.com/upload/sites/abdominalgym-kudus-gym/versions/76351787d5059d4e/files/06781417b22f9c1a46be600625c39d5192f67709c479929f013338dcc42bc32c [stream]
[info] i  hosting: uploading new files [3/24] (12%) 
[info] i  hosting: uploading new files [3/24] (12%) 
[debug] [2026-06-23T03:55:46.490Z] [uploadQueue] Retrying task ec5f6992264357f3f447072228c0a1e8e93eae7701e7c80a2e2f80fd4e9308b9
[debug] [2026-06-23T03:55:46.490Z] Checked if tokens are valid: true, expires at: 1782188904082
[debug] [2026-06-23T03:55:46.490Z] Checked if tokens are valid: true, expires at: 1782188904082
[debug] [2026-06-23T03:55:46.491Z] >>> [apiv2][query] POST https://upload-firebasehosting.googleapis.com/upload/sites/abdominalgym-kudus-gym/versions/76351787d5059d4e/files/ec5f6992264357f3f447072228c0a1e8e93eae7701e7c80a2e2f80fd4e9308b9 [none]
[debug] [2026-06-23T03:55:46.491Z] >>> [apiv2][body] POST https://upload-firebasehosting.googleapis.com/upload/sites/abdominalgym-kudus-gym/versions/76351787d5059d4e/files/ec5f6992264357f3f447072228c0a1e8e93eae7701e7c80a2e2f80fd4e9308b9 [stream]
[info] i  hosting: uploading new files [3/24] (12%) 
[debug] [2026-06-23T03:55:48.826Z] [uploadQueue] Retrying task 6576d8e3165cb75b7e188dcab075e61c32016ab24c437d91b161a76b47cb0885
[debug] [2026-06-23T03:55:48.827Z] Checked if tokens are valid: true, expires at: 1782188904082
[debug] [2026-06-23T03:55:48.828Z] Checked if tokens are valid: true, expires at: 1782188904082
[debug] [2026-06-23T03:55:48.828Z] >>> [apiv2][query] POST https://upload-firebasehosting.googleapis.com/upload/sites/abdominalgym-kudus-gym/versions/76351787d5059d4e/files/6576d8e3165cb75b7e188dcab075e61c32016ab24c437d91b161a76b47cb0885 [none]
[debug] [2026-06-23T03:55:48.828Z] >>> [apiv2][body] POST https://upload-firebasehosting.googleapis.com/upload/sites/abdominalgym-kudus-gym/versions/76351787d5059d4e/files/6576d8e3165cb75b7e188dcab075e61c32016ab24c437d91b161a76b47cb0885 [stream]
[info] i  hosting: uploading new files [3/24] (12%) 
[info] i  hosting: uploading new files [3/24] (12%) 
[debug] [2026-06-23T03:55:52.810Z] *** [apiv2] error from fetch(https://upload-firebasehosting.googleapis.com/upload/sites/abdominalgym-kudus-gym/versions/76351787d5059d4e/files/79d793e4d22a374810db05418b5135b1e4047959add669a7e2ef05bbd483c810, {"headers":{},"method":"POST","signal":{"reason":""},"body":{"_writeState":{"0":13030,"1":0},"_events":{},"_readableState":{"highWaterMark":16384,"buffer":[],"bufferIndex":0,"length":0,"pipes":[],"awaitDrainWriters":null},"_writableState":{"highWaterMark":16384,"length":0,"corked":0,"writelen":0,"bufferedIndex":0,"pendingcb":0},"allowHalfOpen":true,"_eventsCount":2,"bytesWritten":3559470,"_handle":null,"_outBuffer":{"type":"Buffer","data":[219,251,129,2,4,203,23,194,167,7,161,39,142,195,240,172,11,205,115,79,141,143,246,147,195,36,4,239,134,107,81,192,66,14,57,4,134,227,240,230,175,248,226,195,67,241,43,194,215,246,49,8,239,28,172,17,72,129,190,96,14,113,145,193,219,147,158,49,235,235,142,223,9,60,95,165,233,90,111,138,60,9,174,89,106,250,21,252,110,16,137,7,4,19,186,62,164,110,4,48,250,169,205,92,82,147,18,124,205,216,232,60,61,174,120,121,109,37,210,53,27,212,62,86,37,138,98,185,249,58,5,30,217,231,241,171,99,197,58,229,133,189,191,246,126,188,214,214,234,115,114,236,251,80,39,247,191,207,92,215,33,224,77,46,219,197,143,117,107,113,117,61,168,82,162,9,132,65,145,113,146,71,92,147,216,140,112,59,243,129,21,238,133,171,248,142,222,77,28,93,201,58,216,54,198,183,18,4,69,32,144,164,100,115,208,145,147,145,248,85,114,185,74,197,65,104,238,106,143,20,248,97,239,141,206,143,174,37,227,74,198,73,100,109,229,140,132,228,146,95,230,62,191,141,111,248,107,197,247,151,237,44,81,104,19,77,52,32,148,150,4,44,88,125,7,38,188,247,70,240,149,135,135,213,245,31,18,94,139,105,73,33,218,24,188,197,3,56,3,229,250,99,60,227,62,217,175,67,119,111,134,218,77,174,161,43,181,195,222,74,33,49,162,237,49,184,14,118,231,248,134,23,211,189,103,56,217,187,19,7,125,205,93,63,198,222,32,212,60,46,218,166,163,162,164,143,177,154,4,133,74,125,165,71,32,115,146,164,224,131,245,200,29,169,158,49,135,194,94,49,180,178,212,45,180,255,0,33,153,87,201,198,124,216,193,231,105,231,167,92,254,98,150,77,114,109,77,45,227,77,57,98,131,236,167,204,1,135,14,88,156,254,181,86,225,64,152,188,55,4,113,209,151,189,102,93,204,13,19,194,151,250,30,187,121,125,111,163,197,110,39,39,50,166,210,242,158,236,72,228,119,252,207,21,110,233,160,73,227,138,82,60,192,126,235,14,63,95,106,214,211,53,217,86,19,97,169,218,38,210,48,92,1,249,116,230,163,211,159,73,241,22,162,46,163,183,232,10,133,145,70,70,63,253,102,181,98,145,159,225,56,91,76,181,147,69,138,71,97,21,203,200,158,99,19,183,44,88,96,154,234,173,60,67,168,218,63,217,46,225,138,88,164,254,18,114,48,70,61,235,43,54,145,222,95,35,90,71,139,104,204,140,84,109,36,0,79,244,170,222,23,241,29,143,136,44,160,212,188,149,67,49,35,0,246,12,71,244,164,74,40,106,30,21,187,209,113,227,29,7,66,182,151,50,239,157,19,47,176,2,65,56,4,156,240,62,158,157,13,96,207,225,29,87,196,58,92,183,250,141,181,218,218,221,49,243,174,74,108,46,204,114,221,184,228,246,24,237,93,54,143,125,117,119,37,237,214,131,120,246,194,25,164,117,49,55,222,61,48,125,71,203,208,228,126,85,13,167,196,109,95,84,211,94,195,95,184,86,133,70,200,85,99,28,117,29,128,255,0,56,167,22,226,238,133,101,107,14,248,59,240,126,219,194,190,15,62,26,186,212,12,230,91,201,30,222,116,202,152,208,250,142,133,186,254,117,91,198,95,11,124,101,161,105,166,27,9,162,156,60,140,208,34,62,210,248,60,142,64,10,72,35,25,56,62,160,245,209,209,252,85,47,134,244,41,237,65,119,243,9,49,204,163,37,15,79,254,189,99,90,120,158,254,91,193,117,59,205,41,185,39,36,177,4,129,219,175,60,80,229,41,75,154,78,236,113,73,45,12,239,2,120,39,197,158,7,213,181,95,24,65,119,114,33,154,48,151,118,126,105,116,56,7,167,211,177,250,142,134,186,77,43,75,147,198,182,179,175,140,252,60,45,238,80,121,150,23,71,149,117,200,1,29,122,231,31,200,244,199,58,26,30,173,13,204,113,234,154,126,161,35,219,62,237,152,227,113,12,65,31,158,127,207,53,133,113,226,139,143,26,37,246,141,122,151,22,209,48,41,4,241,75,146,57,3,230,31,90,27,109,221,134,157,8,37,240,4,150,23,140,195,71,9,142,18,104,27,160,60,19,129,84,182,91,217,234,199,73,213,37,145,60,135,93,219,71,206,23,57,4,30,190,224,214,190,155,121,174,218,76,218,76,119,36,75,111,110,36,140,73,243,135,64,118,242,79,255,0,175,250,245,3,64,208,60,83,162,88,221,235,144,35,222,8,203,67,113,108,158,91,32,25,202,156,150,220,189,78,63,44,26,74,92,186,141,43,153,58,199,130,53,88,237,151,89,154,212,79,111,113,25,101,188,180,234,233,207,44,58,134,3,159,199,212,28,102,120,18,255,0,251,55,72,154,45,106,250,121,110,111,37,88,213,139,110,80,23,56,199,36,242,88,254,156,119,59,182,126,43,212,60,43,3,0,17,33,80,115,28,96,226,67,215,113,30,190,244,190,1,241,159,135,252,60,137,168,106,122,61,180,196,78,118,74,169,135,136,59,115,183,32,241,212,255,0,145,78,85,163,24,187,149,24,201,196,230,188,93,45,158,134,201,111,125,28,164,220,191,146,251,95,12,51,145,144,122,241,205,113,241,49,240,103,154,246,242,220,221,219,75,43,121,169,112,229,247,171,19,134,7,183,111,111,231,94,185,241,79,194,90,54,175,119,116,182,54,18,75,167,222,194,100,156,73,32,89,45,92,12,124,156,228,247,250,119,206,107,157,240,119,194,123,91,223,14,166,129,226,127,19,129,36,48,183,246,125,252,77,251,224,67,229,67,198,70,28,4,32,31,152,28,175,29,50,46,21,33,236,238,103,236,234,115,88,161,225,101,251,63,132,84,92,198,207,63,152,216,33,114,227,146,122,14,65,246,171,186,119,138,124,79,164,56,184,91,105,166,8,115,21,163,101,179,237,142,127,150,106,43,207,134,222,53,209,181,199,215,188,9,241,66,214,250,75,7,81,123,161,95,105,198,217,101,140,128,73,87,85,102,223,128,8,234,164,159,207,166,240,223,135,237,239,236,142,177,111,168,189,162,204,187,161,132,198,89,178,14,14,78,112,48,65,255,0,61,121,229,120,251,201,221,126,69,70,250,166,121,28,30,49,26,148,142,247,26,114,104,211,79,112,177,201,4,74,201,20,50,2,113,128,57,76,117,207,24,60,230,172,219,106,154,196,81,180,211,199,12,200,15,205,242,28,231,158,231,173,122,15,140,62,23,197,173,234,6,254,5,142,59,220,254,240,145,133,144,142,132,158,199,223,255,0,215,92,36,26,116,146,105,179,106,16,93,187,91,180,190,83,35,96,108,114,50,123,126,63,141,92,106,83,169,27,196,83,140,233,154,86,26,193,212,33,242,17,89,6,56,216,199,145,237,90,178,120,110,43,255,0,8,157,68,187,66,34,191,242,110,25,27,209,73,71,232,122,114,58,127,17,174,115,72,132,105,239,190,75,130,236,89,64,80,152,192,193,252,48,125,43,172,240,214,189,61,205,142,177,225,139,233,11,70,139,20,177,156,125,211,185,186,126,31,202,146,181,244,4,244,57,235,132,241,30,129,167,66,124,54,242,106,54,45,24,49,75,35,9,50,3,97,151,10,1,221,129,250,250,130,42,89,60,108,187,227,26,134,153,52,101,163,13,14,33,59,74,130,70,71,98,50,24,103,60,96,142,213,123,193,94,24,208,117,29,34,235,195,222,12,214,175,30,228,199,231,201,103,119,22,35,73,1,234,167,176,36,14,252,103,234,40,210,53,61,107,87,186,139,225,238,185,171,73,53,162,68,62,207,28,152,111,39,248,198,214,35,112,3,60,12,241,211,218,169,180,129,38,202,122,47,136,174,117,93,218,166,160,236,240,32,116,68,217,199,222,192,198,58,241,223,154,214,240,87,132,164,241,31,140,31,86,240,246,163,229,125,158,33,20,158,96,249,149,36,45,147,199,98,1,247,227,21,207,79,121,7,131,117,219,45,32,161,16,179,178,198,16,103,143,155,61,79,214,187,143,5,248,195,71,147,77,185,178,210,163,146,210,246,233,195,188,201,14,221,234,6,2,134,29,49,130,113,199,222,62,180,43,173,80,43,108,206,196,252,8,210,39,240,85,230,145,31,138,174,140,140,160,164,178,206,159,222,220,21,64,29,7,191,248,215,19,172,120,71,86,240,158,149,13,134,149,172,169,251,52,198,41,13,224,80,204,121,60,228,128,121,224,10,214,240,190,163,101,226,141,66,218,194,239,83,158,72,156,76,208,172,23,101,97,186,219,149,56,145,72,216,232,195,39,158,195,158,120,202,248,196,111,245,173,94,239,69,154,97,155,41,219,149,25,39,10,70,73,36,228,227,191,243,172,189,163,246,142,156,139,169,24,251,59,162,189,151,136,188,108,116,161,166,220,32,184,149,14,224,96,76,17,237,253,127,62,180,221,15,197,211,218,63,219,110,18,205,230,137,136,217,50,254,246,34,122,149,233,207,3,215,167,110,107,11,193,90,173,228,122,28,10,214,190,75,70,251,109,218,51,196,177,142,228,122,231,32,253,42,252,222,22,183,185,69,241,52,242,175,146,183,165,103,70,94,188,2,27,220,115,207,211,191,74,183,40,166,239,177,204,229,125,78,198,218,203,86,215,236,165,214,161,185,105,25,84,54,203,169,118,158,121,25,99,219,0,144,73,228,98,186,93,55,198,118,247,122,124,30,14,241,250,24,94,224,108,180,191,218,89,81,192,200,243,49,244,198,225,219,175,115,92,231,134,60,113,39,141,188,51,173,195,170,90,34,79,167,92,195,44,114,91,179,42,75,30,226,48,65,36,140,41,39,7,174,7,214,185,255,0,15,107,58,231,136,90,240,127,194,78,194,59,153,10,233,214,55,24,37,149,93,134,226,8,249,120,3,3,61,106,37,73,79,86,92,42,65,202,198,231,138,226,188,184,212,237,34,51,180,22,240,204,222,117,169,132,33,145,148,178,134,220,164,229,24,13,195,212,48,207,181,61,47,193,23,9,36,154,151,132,252,116,45,136,118,105,32,107,92,176,13,156,168,44,79,29,191,173,95,147,199,235,226,11,121,237,60,109,2,199,62,140,99,130,242,104,64,220,67,182,213,39,241,25,227,63,78,199,70,95,11,235,63,15,206,165,47,136,53,107,25,173,133,175,238,22,207,115,56,93,196,22,109,192,123,1,140,231,7,166,57,206,240,138,229,66,156,108,223,99,157,178,209,52,43,63,10,94,248,94,247,198,250,228,247,87,34,84,19,222,202,37,221,28,155,129,80,202,7,203,146,78,24,244,227,181,121,215,140,124,63,226,239,11,92,90,233,126,22,214,5,188,87,142,12,114,68,20,161,116,108,237,108,130,10,156,46,122,28,100,122,231,169,155,199,94,28,185,241,13,142,139,102,30,226,59,231,120,154,70,82,158,91,4,44,167,7,174,72,3,241,170,126,37,213,244,237,79,81,184,240,234,43,19,166,192,160,76,70,11,74,219,137,11,236,48,43,122,116,231,9,243,52,40,52,209,103,225,215,137,60,89,163,7,184,190,210,237,108,110,109,147,108,77,106,184,141,199,205,149,35,39,35,233,245,199,74,207,187,248,201,119,171,91,207,61,221,197,156,182,147,74,208,74,46,237,8,104,159,149,220,25,74,240,114,49,215,211,174,105,254,4,214,53,93,127,84,131,195,215,250,69,180,108,187,149,103,94,178,5,82,216,97,223,167,183,122,204,241,230,155,224,171,169,239,91,195,241,195,51,216,72,98,212,108,164,132,148,73,6,224,172,51,129,159,148,142,61,59,83,132,34,234,93,162,254,201,107,194,186,190,183,173,104,145,255,0,105,91,135,182,152,98,217,30,44,49,140,158,27,0,103,158,217,63,253,124,15,24,248,127,89,241,91,92,78,154,203,190,143,29,185,54,210,105,82,36,113,38,220,141,175,27,18,205,130,15,66,71,126,50,113,185,224,129,117,6,167,14,163,113,121,35,65,29,154,194,145,23,202,169,235,192,250,10,193,210,188,59,161,91,235,87,58,118,189,226,75,155,77,51,75,133,36,120,209,206,201,139,187,13,167,7,129,242,114,122,156,246,173,33,30,90,151,68,84,154,81,39,240,254,171,170,29,10,4,212,103,251,64,180,202,195,49,234,23,61,207,124,113,207,245,4,214,239,132,173,236,110,190,29,90,93,91,72,37,69,186,185,153,27,119,95,222,55,255,0,92,87,23,101,227,111,13,120,70,69,93,30,226,242,235,68,131,81,69,154,229,208,110,77,196,140,224,227,43,184,99,56,31,79,95,75,176,176,240,110,145,165,91,31,7,75,17,211,46,238,204,81,199,14,54,163,20,102,108,122,125,195,193,245,167,138,126,205,93,162,97,106,137,180,202,81,248,115,194,218,192,19,36,19,189,226,47,14,36,0,143,207,233,218,150,211,73,213,224,213,221,53,31,135,186,142,247,136,67,29,253,181,131,9,68,36,238,216,92,142,83,60,224,156,100,126,87,180,143,12,203,115,253,161,53,156,251,30,40,30,68,112,7,80,164,129,237,156,118,245,174,149,19,196,90,102,134,52,237,98,252,75,37,186,128,101,83,156,254,131,24,228,15,96,62,181,199,25,93,9,187,25,150,222,20,176,210,226,121,229,186,185,10,193,118,67,123,26,110,30,199,29,122,118,197,95,179,208,236,117,95,43,94,109,50,75,121,97,156,168,99,1,17,203,24,235,134,232,122,142,159,79,122,227,181,45,87,89,214,245,137,116,251,9,54,162,29,162,66,127,213,243,201,207,122,207,241,29,254,177,107,60,94,29,147,87,186,195,76,115,229,92,50,170,124,185,102,11,211,63,40,29,42,146,236,52,236,115,62,43,240,159,196,173,95,94,213,117,6,180,183,211,33,134,101,107,31,42,85,225,67,127,173,105,62,157,49,211,29,70,57,239,188,47,123,225,143,22,73,113,162,235,246,214,238,110,37,105,172,141,227,143,38,73,135,27,91,7,7,175,28,145,147,220,226,185,221,115,80,212,175,32,125,18,242,225,190,68,82,24,156,229,89,65,207,255,0,91,235,245,169,180,81,174,105,26,110,223,13,223,8,231,141,73,89,66,13,204,58,28,19,156,112,79,78,166,186,92,175,21,126,134,169,90,246,59,109,99,224,95,195,79,15,24,181,157,66,214,214,194,246,64,205,42,74,234,177,70,67,176,0,5,124,28,128,24,14,191,174,33,179,215,60,43,160,207,229,79,227,91,134,11,133,88,44,45,140,96,14,220,144,115,249,215,41,173,248,210,255,0,74,209,211,80,241,164,243,95,172,146,164,80,207,117,30,246,66,199,168,3,4,254,191,210,170,90,105,86,94,42,187,154,101,121,80,128,6,208,160,109,198,121,239,199,79,79,240,150,157,174,138,73,61,25,255,217,94,76,24,66,46,80,54,0,183,147,242,117,105,201,179,244,78,139,38,122,80,79,146,101,84,181,114,244,64,79,125,5,236,246,210,250,213,223,180,188,246,79,101,5,59,162,164,205,7,205,52,41,254,12,127,5,163,116,186,197,104,16,111,210,138,61,233,61,8,197,197,208,138,120,202,123,129,211,149,4,241,95,18,18,151,123,16,232,71,128,248,247,65,197,197,112,220,192,252,177,210,183,103,103,170,169,41,34,100,199,24,225,177,240,164,197,159,138,200,70,192,104,207,32,173,112,221,119,121,50,226,190,163,187,82,250,221,97,183,229,1,175,113,129,53,12,37,15,57,162,203,70,140,17,206,223,161,141,251,233,40,192,117,45,100,233,63,142,120,118,169,159,35,242,151,235,209,71,30,201,143,207,225,33,36,232,93,83,73,131,67,245,16,144,175,26,81,78,252,135,171,178,146,102,207,112,204,251,192,11,150,251,71,64,2,1,225,103,128,71,86,114,226,221,91,61,3,213,227,244,79,221,98,52,16,139,147,74,223,58,225,164,198,131,46,46,82,154,178,110,246,52,51,55,214,20,254,165,36,165,217,71,64,181,12,229,253,103,191,200,145,164,35,57,73,175,124,215,91,29,250,175,176,170,172,171,218,39,0,113,142,197,55,96,207,223,241,214,182,146,34,235,114,164,248,193,62,229,204,49,206,130,155,128,90,218,221,153,108,35,108,2,189,65,34,50,104,199,90,228,106,226,233,78,131,207,47,95,141,103,58,84,234,177,60,245,140,176,87,42,209,56,117,82,158,82,210,77,45,174,93,182,134,42,47,88,69,20,53,188,111,103,195,75,167,59,244,124,175,58,95,97,144,102,73,17,79,251,203,178,223,166,165,182,230,142,198,123,75,68,78,157,77,230,46,248,178,173,44,188,204,134,125,186,228,174,124,190,95,88,16,101,230,76,116,4,25,102,217,55,21,105,49,242,30,32,159,89,206,202,9,174,168,240,214,42,237,82,29,157,228,179,80,141,59,226,166,213,85,112,105,168,151,17,235,94,3,105,153,26,213,253,181,141,163,21,214,34,215,178,213,14,61,31,78,244,211,155,78,146,197,201,15,156,157,151,116,38,75,171,250,64,53,43,113,216,223,231,194,254,249,211,230,96,82,57,14,192,161,84,10,118,123,9,123,139,25,87,155,9,162,5,100,198,43,39,183,232,131,189,165,32,72,231,141,232,172,211,39,53,70,26,239,180,14,189,204,137,120,174,206,146,44,242,127,46,3,112,224,157,37,77,85,210,180,254,225,47,89,79,159,44,183,54,199,118,250,152,204,47,213,214,113,31,206,109,52,124,96,158,205,106,100,245,157,125,153,173,244,84,199,145,149,236,71,66,190,175,192,208,35,128,240,239,100,163,241,145,176,217,226,231,241,164,6,230,67,92,60,49,212,49,241,202,202,35,32,10,106,120,104,231,246,250,11,125,85,138,220,32,185,24,179,184,213,34,164,248,195,10,197,201,202,23,222,219,253,151,251,29,45,26,238,193,153,109,132,101,33,33,90,56,137,103,254,37,57,194,194,49,29,10,235,251,33,122,42,217,226,188,180,19,53,159,34,120,115,232,139,54,65,137,148,171,255,58,129,6,41,82,197,241,35,79,125,237,233,52,37,54,227,70,166,58,196,253,42,111,74,102,117,94,6,149,91,1,61,95,228,126,146,79,81,45,219,108,27,66,156,213,254,132,88,229,207,237,175,107,193,49,12,230,193,239,110,98,215,175,126,82,207,38,184,149,204,13,243,219,41,219,0,132,82,240,188,45,196,254,201,232,236,143,244,104,86,120,69,78,151,190,121,18,224,26,156,110,181,118,241,51,230,176,65,133,99,172,155,171,96,107,163,249,63,14,121,253,156,106,175,38,145,49,65,73,122,193,82,81,60,125,81,206,102,221,254,66,231,104,12,230,105,207,201,142,125,107,80,34,208,249,41,125,255,212,16,125,7,89,153,113,82,29,87,88,146,74,119,55,146,94,194,112,44,255,17,128,123,123,35,100,231,62,83,189,161,225,150,148,71,201,254,9,11,61,224,88,250,177,234,251,107,143,24,51,16,205,220,205,203,9,27,139,6,179,174,236,253,84,110,1,186,186,203,53,223,74,223,80,50,167,233,30,238,240,166,122,81,184,236,177,133,139,113,232,239,46,92,55,59,19,246,182,25,14,125,154,121,222,145,32,173,89,178,72,51,195,71,64,61,168,219,24,143,36,106,39,181,5,25,194,113,193,92,188,86,209,246,46,245,176,108,238,38,112,182,39,195,233,85,171,10,240,16,231,233,128,160,208,152,243,214,75,92,162,20,165,157,163,197,200,223,192,230,192,240,219,217,229,151,176,3,228,137,168,150,252,182,63,3,62,15,158,250,164,228,197,109,246,120,226,154,67,207,191,79,182,55,126,197,185,191,4,28,11,33,165,144,4,142,240,180,38,239,151,125,19,113,19,32,188,71,192,111,9,119,213,195,230,215,156,6,11,44,192,248,248,205,130,173,15,8,240,132,219,55,112,27,220,127,139,3,252,106,109,118,53,99,245,105,40,213,130,195,208,77,80,209,235,114,12,50,17,242,167,198,196,159,186,135,234,89,115,111,207,130,43,228,242,207,40,53,154,176,56,194,201,116,227,118,36,8,148,63,126,163,234,63,113,184,53,105,219,70,214,41,63,208,222,13,184,102,41,149,53,116,237,4,185,188,172,19,148,95,71,47,211,101,164,153,128,51,25,34,157,183,140,254,81,118,198,22,153,158,186,20,46,34,224,95,25,117,30,184,236,154,99,33,127,205,10,174,159,233,214,111,83,143,142,64,170,139,139,19,195,221,48,228,254,147,152,39,152,193,19,169,251,170,82,186,181,169,109,166,24,41,207,14,216,229,222,97,87,183,69,108,75,191,219,236,250,85,163,113,14,192,149,86,223,231,104,24,177,225,114,76,70,51,68,135,191,61,147,195,196,152,47,59,69,89,241,77,197,189,175,206,253,150,101,189,12,102,135,140,39,105,53,189,23,237,176,105,39,152,125,254,50,66,74,153,227,54,187,171,52,116,16,244,146,175,196,229,51,18,191,130,180,208,121,200,51,140,56,240,121,149,215,35,96,182,182,41,184,94,236,245,173,78,93,34,32,30,53,153,88,57,229,17,244,229,178,188,51,6,65,101,81,231,49,240,108,36,171,67,188,116,17,85,154,27,58,127,63,221,228,168,116,247,252,222,36,152,170,125,194,40,140,176,169,55,5,2,226,235,108,81,112,13,153,218,157,204,5,42,177,121,122,43,89,140,229,215,23,206,39,157,82,26,14,162,77,87,175,94,222,164,52,176,214,187,100,51,63,1,208,140,76,89,61,140,145,55,30,192,172,96,100,81,253,215,125,146,198,3,208,122,110,197,224,23,211,182,63,88,141,38,247,93,45,86,65,9,28,115,230,169,103,249,238,77,92,112,122,199,129,186,55,243,231,99,95,239,8,251,93,4,90,83,55,220,6,14,62,192,251,5,242,111,168,180,246,141,120,187,172,18,137,120,60,30,138,55,23,119,159,181,241,156,254,142,211,106,145,223,125,127,77,255,241,99,186,129,52,166,241,242,71,18,54,184,97,234,151,72,153,91,113,28,156,133,244,103,30,167,205,29,101,176,112,147,12,117,95,224,56,151,18,167,23,205,150,223,35,192,200,168,26,102,159,31,133,161,85,108,254,172,158,253,112,149,194,218,105,197,68,203,122,1,32,110,218,31,42,81,107,97,22,65,37,135,207,228,100,235,214,13,247,231,228,137,26,73,153,126,96,163,227,165,89,55,252,233,150,167,231,113,39,26,204,56,227,110,211,54,29,204,90,193,43,187,144,148,74,26,178,236,231,38,46,133,175,103,154,145,223,224,215,125,167,222,97,65,226,250,53,103,199,13,249,8,248,246,226,125,252,79,179,67,68,106,20,232,32,63,208,96,114,245,251,219,128,221,158,55,250,165,132,158,117,207,103,83,59,75,159,121,156,104,173,83,214,177,67,162,127,10,32,20,221,164,69,32,89,148,129,189,235,93,189,163,146,144,121,12,222,228,6,239,52,194,230,37,170,182,160,166,77,216,37,90,76,228,24,241,253,2,227,35,204,64,223,158,105,47,41,14,57,134,195,136,197,203,210,3,189,126,69,167,187,31,160,120,47,52,168,198,64,204,139,138,205,10,200,101,99,125,146,97,74,107,201,32,99,106,91,145,178,48,95,227,238,234,155,96,129,224,189,69,94,219,205,113,6,226,208,180,234,245,160,62,116,54,222,63,105,203,34,28,244,140,87,237,147,178,191,156,82,71,208,189,214,33,227,152,181,198,53,96,100,230,233,113,220,191,181,19,251,2,35,175,38,59,115,207,192,252,97,74,251,213,245,149,46,111,53,249,226,63,123,248,43,164,205,144,116,72,213,149,186,84,202,59,216,139,84,50,101,69,185,212,11,138,239,207,162,245,198,164,11,179,15,94,172,127,249,100,236,112,199,96,81,154,210,13,227,106,242,56,73,236,171,119,112,207,41,35,192,176,227,160,167,131,84,27,126,38,136,96,212,205,127,152,13,133,252,91,15,69,242,139,45,57,25,206,232,165,166,222,204,22,40,157,248,245,73,42,103,143,106,6,186,166,99,81,130,33,120,62,1,196,182,103,73,176,22,70,228,63,206,1,177,177,180,213,37,45,17,90,143,55,215,121,222,205,208,36,127,142,243,210,226,216,33,86,6,18,93,238,169,181,27,246,61,88,80,153,66,132,4,209,233,173,65,102,231,51,19,38,166,38,72,161,43,199,197,96,53,75,204,8,123,237,193,92,174,235,75,139,151,224,18,73,90,186,240,48,173,208,233,203,201,165,136,229,128,127,88,143,0,194,203,214,80,82,167,137,83,246,242,14,208,177,25,17,6,55,143,203,63,244,197,63,129,45,240,72,247,173,34,86,53,213,11,65,152,195,169,197,142,195,101,60,249,157,69,36,56,68,184,13,139,195,10,100,26,184,235,77,212,146,34,70,187,251,126,148,186,23,66,216,15,250,178,37,9,107,244,69,161,245,39,130,33,39,69,242,248,26,203,249,199,226,152,244,70,126,154,171,218,239,232,212,203,165,151,199,215,12,175,137,19,121,114,138,28,202,6,40,166,6,98,60,85,20,116,149,105,23,27,81,213,65,230,161,132,39,85,154,239,132,29,207,122,241,121,16,183,211,73,55,70,189,205,104,1,39,1,162,203,181,124,148,126,253,65,80,224,80,40,100,75,30,177,158,49,132,193,255,84,18,43,237,121,117,32,126,148,255,224,156,13,121,254,94,140,199,205,156,120,149,137,246,129,123,9,47,177,136,235,227,203,119,157,248,90,75,181,55,250,201,11,166,114,2,207,171,156,48,123,88,166,60,149,164,215,217,212,87,9,148,87,160,21,255,8,127,37,109,59,38,55,99,0,158,10,13,226,230,111,102,240,179,50,101,53,182,74,144,204,68,30,140,200,168,73,71,110,104,207,194,52,63,230,158,12,230,172,224,70,130,192,96,109,158,220,11,157,18,37,3,157,26,152,144,88,133,98,24,3,48,136,16,172,142,218,249,1,190,90,193,63,175,53,249,94,109,59,62,155,237,154,127,168,178,168,204,50,172,244,219,130,44,76,205,105,189,1,113,187,69,115,207,21,4,139,188,109,143,96,143,101,25,92,203,162,8,71,27,21,79,104,216,54,190,184,217,190,126,4,116,179,220,233,182,40,215,238,239,4,220,91,60,217,81,30,216,255,119,237,135,70,62,2,94,24,90,221,188,241,104,184,190,173,153,202,211,87,106,5,77,195,184,14,255,85,219,164,89,189,246,243,59,103,218,49,46,253,27,130,0,81,247,60,176,97,61,47,23,191,232,147,79,28,43,142,92,231,139,37,147,182,91,108,101,249,22,111,100,164,160,251,199,147,243,30,242,249,63,152,165,213,231,255,96,150,224,124,162,14,193,220,98,200,187,82,116,181,113,76,183,52,213,199,173,221,245,71,192,10,226,130,178,65,193,133,168,253,201,243,130,46,65,6,33,10,204,162,96,76,68,240,43,60,188,4,154,71,64,184,232,205,244,196,141,69,239,143,135,81,102,96,32,229,224,125,130,197,247,106,203,31,159,49,239,106,219,72,79,41,87,206,97,1,239,233,89,84,90,44,175,110,223,253,228,255,55,68,24,1,81,205,126,101,21,238,43,79,94,64,143,93,243,68,34,110,134,194,177,119,61,206,130,153,94,229,215,34,225,171,239,213,138,220,223,68,173,20,40,12,92,25,255,63,114,242,127,49,57,233,235,89,24,47,122,65,131,40,252,247,59,101,32,89,5,190,174,25,113,99,30,212,254,42,210,215,113,31,214,47,127,105,157,86,248,129,94,128,177,220,242,133,250,13,75,65,231,163,159,31,1,255,24,39,189,227,150,211,15,246,124,237,15,41,71,134,78,63,175,215,115,90,109,200,204,29,52,159,65,31,1,240,191,116,137,137,22,36,5,143,0,163,55,75,93,151,99,36,152,87,113,249,78,90,63,57,117,42,174,62,75,170,114,71,228,95,197,156,188,149,23,152,183,16,253,75,10,59,24,40,211,184,83,217,117,97,50,243,120,246,103,179,206,37,169,244,108,193,69,52,182,23,17,80,219,209,20,213,7,169,15,180,163,220,54,178,104,204,9,195,113,91,87,80,127,4,32,205,82,96,41,113,200,47,87,41,167,210,79,19,21,235,0,249,105,81,208,71,64,131,161,55,98,109,189,99,66,167,199,154,163,94,42,35,238,164,178,118,225,245,128,86,187,221,118,135,197,229,216,18,48,52,160,98,50,56,228,116,184,196,246,148,171,34,111,223,53,18,4,95,64,220,153,1,114,219,254,24,19,41,217,172,150,213,230,184,135,190,185,153,60,21,21,253,92,186,217,33,72,121,127,21,174,95,114,83,189,161,22,61,255,58,254,13,62,208,54,164,248,17,48,144,118,238,138,75,185,52,106,243,69,63,168,29,164,49,197,222,218,210,66,219,218,250,22,255,155,47,14,122,246,79,189,255,74,80,132,250,109,252,152,202,144,53,34,245,242,141,201,189,13,40,171,133,92,200,230,110,45,110,251,17,96,204,111,186,176,93,85,111,49,18,162,243,58,14,252,26,135,226,107,95,6,129,146,246,172,163,192,237,95,151,68,134,27,230,217,7,143,184,42,173,187,47,132,171,131,217,104,119,45,218,143,188,153,131,64,183,213,36,252,109,157,150,120,223,62,227,31,52,123,66,217,191,131,85,162,212,148,27,140,183,157,142,144,165,118,55,13,39,59,47,154,238,117,200,30,1,222,28,86,183,188,6,173,55,243,39,87,164,234,18,105,83,155,141,134,135,143,128,6,235,78,59,105,193,207,60,229,92,241,137,138,174,152,244,103,55,205,70,177,145,164,114,143,0,90,58,149,170,194,190,198,237,198,231,84,122,26,238,243,23,133,247,161,39,186,229,156,118,101,2,56,24,255,2,208,45,189,246,215,171,132,137,222,131,166,147,173,122,144,98,43,33,76,198,5,197,126,154,105,224,20,31,175,159,124,206,147,11,65,82,2,49,194,115,237,14,63,255,92,17,63,69,157,84,109,247,165,184,255,97,171,170,143,56,151,142,253,122,149,168,190,177,250,187,27,58,169,246,93,229,17,128,80,112,88,10,157,148,152,243,102,154,112,77,242,61,87,203,127,200,52,10,123,253,121,121,192,170,85,202,159,64,11,148,43,183,194,107,172,184,218,204,167,164,173,164,21,56,252,96,91,213,162,92,252,69,59,81,126,5,245,80,24,172,35,113,152,32,124,19,66,207,108,147,63,154,160,215,122,243,176,25,237,138,168,150,201,58,224,213,39,185,247,55,138,86,217,196,3,240,183,197,162,215,101,241,247,100,238,185,104,239,29,176,35,222,111,2,108,82,201,56,46,203,48,43,253,163,187,104,170,31,194,228,55,90,206,29,55,171,155,67,189,248,167,242,97,90,247,245,9,70,143,0,89,211,177,212,141,227,56,184,225,102,255,53,74,202,232,144,79,104,182,142,185,35,204,127,40,150,124,81,125,91,101,61,103,141,4,25,174,93,251,121,67,158,121,212,143,142,28,122,62,34,133,222,53,214,18,27,24,51,253,51,48,76,162,73,54,201,81,185,236,127,182,179,5,106,220,123,209,5,110,207,224,64,255,101,218,216,88,12,75,207,33,94,199,28,6,4,222,140,154,91,63,101,197,95,30,32,184,4,78,195,78,190,86,101,145,169,70,58,172,216,133,22,46,17,25,106,241,247,15,221,171,103,254,206,249,80,183,139,234,191,234,5,183,121,92,119,221,78,15,129,77,26,115,251,149,196,122,196,89,206,106,249,30,1,31,151,139,221,42,238,190,250,65,35,240,165,156,95,223,168,51,73,126,29,155,111,171,75,242,20,133,46,129,156,117,251,140,202,59,254,212,75,201,105,209,8,16,25,228,41,224,19,126,11,191,197,52,17,133,242,101,101,54,170,127,62,67,209,105,1,175,7,247,71,3,146,79,61,241,175,157,141,241,112,81,157,36,181,206,112,24,181,178,113,71,113,234,136,187,1,219,16,78,11,13,16,22,37,166,217,132,97,166,75,168,10,212,189,233,255,122,244,62,73,201,64,191,159,197,191,59,243,126,167,157,213,157,75,236,248,6,186,208,49,166,69,33,27,77,118,228,7,242,241,246,66,79,203,15,80,83,21,110,135,73,10,16,119,137,111,50,116,254,114,113,209,247,48,84,243,148,98,235,48,173,143,206,16,95,202,177,109,219,29,112,166,189,183,36,187,143,102,84,129,87,191,190,232,15,104,247,255,205,161,123,77,253,137,70,84,102,222,234,134,48,26,70,197,242,45,19,115,98,67,107,255,16,24,154,94,44,161,57,67,238,116,20,168,115,234,141,107,159,208,251,3,151,223,112,136,33,134,126,143,253,52,39,242,137,251,103,34,171,22,144,133,213,205,236,215,71,128,199,206,18,126,26,143,43,14,45,112,205,166,5,253,134,40,143,53,200,152,213,67,24,119,112,65,118,39,214,106,39,214,253,213,69,44,216,10,240,238,187,37,193,93,105,82,224,229,214,244,11,255,222,237,115,230,95,56,56,59,6,158,91,231,239,93,131,13,162,159,56,136,207,55,101,197,148,63,2,246,117,57,98,117,100,98,109,87,195,7,73,6,171,119,39,166,244,24,236,160,147,144,117,1,251,132,184,37,165,182,128,75,142,203,178,194,83,195,155,94,105,65,68,69,106,248,141,81,222,235,79,58,38,145,223,122,32,124,27,66,114,55,97,173,103,95,188,46,237,192,179,10,96,112,113,235,175,122,165,130,68,138,244,215,173,71,61,88,190,241,186,67,27,10,111,71,166,184,69,129,66,54,181,103,181,96,137,165,63,130,117,245,155,223,144,204,89,12,77,228,149,84,222,22,226,232,202,10,49,227,69,61,106,147,11,135,130,71,192,111,205,17,146,47,190,21,212,57,220,238,8,211,180,155,18,118,207,234,14,1,28,54,101,196,250,104,192,22,3,83,242,149,112,50,46,126,107,176,67,142,158,195,108,138,112,242,183,45,247,223,53,94,200,255,106,40,18,16,132,205,138,238,223,247,2,159,158,74,179,17,180,90,134,104,9,111,157,114,7,184,158,65,50,176,182,227,114,17,103,148,168,225,13,209,100,72,96,5,1,78,120,14,198,71,56,240,143,216,82,41,232,181,182,215,152,75,9,5,197,7,65,31,178,69,68,45,109,122,188,222,38,112,171,108,119,127,84,68,202,246,103,138,157,239,32,173,37,158,75,236,59,103,199,24,193,231,133,181,147,197,45,179,243,133,62,113,193,68,151,187,45,11,77,250,63,89,68,181,247,23,141,115,11,29,183,188,85,32,220,36,219,26,45,179,28,31,143,226,236,122,246,226,37,102,133,30,190,137,80,170,39,132,137,141,106,121,4,156,123,156,139,212,29,40,239,180,148,70,125,86,18,222,127,51,189,11,105,206,144,177,117,122,202,2,4,85,27,71,154,125,74,136,149,200,129,199,48,183,21,167,9,6,39,134,231,181,86,138,164,62,113,141,49,228,9,192,253,80,83,97,44,225,180,132,242,143,246,80,10,172,241,21,235,185,120,99,77,247,101,65,206,135,126,232,208,120,166,63,70,239,178,154,78,176,207,93,39,231,130,201,101,60,129,210,38,195,63,195,213,68,121,138,49,169,4,176,9,184,172,150,124,197,10,77,94,10,52,120,206,222,19,174,75,225,64,107,13,171,69,189,99,79,40,165,37,94,110,111,216,93,172,165,156,215,140,139,231,11,184,172,19,245,21,14,166,47,125,242,19,198,227,65,135,255,254,239,220,252,220,224,240,167,217,169,124,189,81,217,53,173,167,239,156,225,195,165,38,29,165,9,253,65,161,62,187,166,74,189,148,112,254,235,73,92,247,2,160,248,45,217,212,74,135,185,43,197,158,208,120,143,166,59,62,9,101,100,122,143,186,205,84,254,88,150,72,206,136,72,58,248,116,80,188,86,247,115,247,2,208,243,83,142,164,215,44,99,168,185,151,26,116,45,151,106,91,100,104,135,28,15,203,154,228,162,86,114,15,229,209,101,211,125,169,65,223,63,146,41,31,191,230,219,189,83,207,87,101,128,229,128,159,168,122,5,163,8,102,111,125,82,60,57,177,163,221,134,31,255,32,48,139,158,205,119,249,73,212,188,184,153,77,90,4,36,85,20,175,245,120,110,120,170,146,71,239,175,41,232,128,31,96,171,253,101,133,56,0,137,50,49,154,224,212,253,156,162,37,39,97,164,84,225,244,39,133,98,200,220,147,152,155,248,108,70,46,97,10,158,219,62,91,240,239,156,59,39,169,175,245,15,66,28,42,240,129,5,76,56,152,247,207,149,35,69,40,213,76,34,158,147,214,18,203,156,200,107,64,98,22,18,226,190,158,101,99,19,15,12,156,244,55,219,243,211,235,11,72,227,107,2,60,35,39,249,81,85,126,233,146,57,196,19,149,222,21,233,7,208,191,86,97,1,70,65,76,71,178,89,98,210,68,197,122,137,123,105,171,86,168,16,111,157,219,8,223,80,157,105,14,44,204,35,52,211,113,179,195,159,55,1,88,177,12,220,57,62,145,79,214,61,81,162,217,41,163,155,37,58,123,123,164,164,254,163,170,179,198,181,82,58,250,227,172,85,75,232,197,131,254,101,5,181,209,167,138,69,237,23,240,182,138,73,139,227,175,131,241,135,230,231,199,6,22,218,81,27,246,44,240,204,55,159,123,207,126,105,86,248,184,75,187,172,133,234,106,200,179,157,123,130,167,162,88,176,203,151,150,40,135,11,183,125,225,223,203,180,252,49,54,174,239,11,243,2,207,181,230,217,93,191,190,214,168,18,33,130,175,246,143,135,190,121,230,92,49,117,232,84,239,133,112,53,212,111,57,122,138,21,154,183,236,156,59,122,54,32,175,188,158,24,236,91,19,160,167,60,161,82,104,173,97,162,38,224,146,248,211,255,118,90,208,185,62,73,189,130,0,167,9,122,109,154,90,240,193,149,18,88,35,9,119,166,252,139,207,195,206,49,75,187,209,182,80,87,100,63,22,238,163,111,105,73,238,134,208,248,11,252,89,100,69,100,185,133,170,45,134,158,57,175,88,57,137,68,113,212,237,41,200,221,158,232,115,233,183,253,19,92,230,22,125,150,205,41,226,158,171,54,12,18,142,15,105,136,43,135,86,186,241,114,5,23,228,225,155,27,170,238,253,235,245,221,190,189,46,43,237,52,122,55,120,87,183,208,182,164,203,41,249,101,213,56,91,99,64,37,159,206,235,44,7,91,234,84,31,94,70,74,90,165,22,52,99,187,16,241,188,175,110,31,137,210,183,157,238,230,0,218,212,4,77,123,179,187,80,140,78,84,144,191,84,33,6,92,188,193,109,57,171,15,41,174,39,101,192,58,54,118,171,240,8,165,91,204,102,157,62,74,75,79,24,144,116,72,94,41,209,81,174,20,210,120,243,239,155,55,177,50,11,237,126,226,239,236,236,17,33,146,229,225,36,101,49,198,196,93,99,108,204,171,228,153,13,203,49,100,78,109,233,197,35,96,127,10,214,104,125,119,114,14,47,184,190,119,230,49,157,91,213,120,207,123,208,174,185,222,45,221,149,206,243,243,247,22,87,203,48,60,180,11,133,158,229,203,206,27,105,255,192,34,78,187,53,153,96,45,138,225,33,238,206,211,144,123,245,143,99,246,153,149,221,18,89,208,235,153,204,133,233,195,182,239,95,61,106,196,54,39,127,148,76,127,97,141,225,104,169,22,104,194,199,121,74,3,244,61,52,94,54,159,74,167,75,113,137,177,159,253,138,223,118,89,166,167,47,198,67,147,115,221,111,249,80,221,98,73,174,188,39,164,236,113,37,176,176,28,228,176,175,50,231,100,188,20,162,190,246,105,21,167,147,139,125,58,34,127,69,252,22,37,94,21,89,206,2,188,64,6,194,131,198,241,71,110,112,128,211,194,209,46,205,77,12,27,85,165,123,175,36,226,33,65,35,160,216,42,80,51,39,107,192,131,20,103,109,0,13,110,64,174,192,205,76,112,167,29,157,238,190,14,176,70,150,254,7,215,139,50,196,43,123,114,184,164,33,100,97,214,94,222,19,166,154,120,216,175,178,48,223,47,31,53,144,16,89,17,37,71,154,26,185,58,243,237,206,53,39,45,179,118,252,193,69,160,86,101,136,101,167,8,174,228,250,133,17,190,92,201,167,83,238,157,109,163,231,24,75,77,205,23,4,77,221,87,245,161,34,180,85,17,36,105,230,166,45,238,139,65,141,73,144,32,239,95,137,222,60,161,128,71,66,80,194,85,192,157,214,233,167,146,69,226,20,187,181,245,31,177,16,186,33,220,148,181,190,156,146,167,26,239,172,233,139,196,57,246,87,74,70,138,166,20,191,143,157,193,200,196,232,145,206,225,238,216,205,224,137,158,138,230,235,171,89,222,45,37,49,93,88,7,9,250,208,160,244,215,91,30,114,245,40,49,164,71,141,227,108,29,39,181,194,217,177,27,18,225,26,151,120,184,61,255,195,159,254,212,164,203,209,73,86,27,141,192,167,96,27,126,101,103,68,187,59,84,177,229,187,244,12,233,253,116,193,2,55,79,208,137,106,235,7,135,223,31,72,71,208,140,99,187,62,110,27,171,159,88,25,102,161,1,95,65,23,64,187,68,50,219,228,112,32,51,30,116,98,59,223,224,73,31,148,170,110,50,232,174,130,115,215,90,241,84,72,174,157,119,213,163,124,63,219,170,45,231,126,82,93,107,250,193,209,83,110,135,175,17,158,66,206,42,134,84,213,159,214,225,157,163,197,51,14,132,206,52,108,253,74,158,117,18,71,86,11,20,143,104,48,89,139,13,144,132,58,245,83,92,240,41,249,116,106,192,181,238,159,118,33,155,88,103,39,153,211,20,237,24,16,213,218,209,33,245,212,95,146,36,44,49,141,179,109,25,218,106,2,140,152,166,224,102,188,3,115,248,177,37,151,154,136,18,112,138,78,199,173,207,91,193,225,115,129,96,188,16,98,245,186,136,154,224,115,235,218,213,16,101,109,131,33,185,125,204,85,99,242,145,113,174,50,189,44,197,192,47,187,79,237,252,180,40,128,1,25,215,243,126,101,166,159,117,32,211,90,214,66,158,148,206,19,45,124,177,126,135,82,75,61,187,171,159,140,30,246,184,32,153,87,45,237,25,34,204,156,2,240,182,219,25,235,81,230,173,47,188,83,181,170,31,140,196,19,81,7,254,215,135,114,219,220,239,119,194,167,141,149,141,45,31,1,9,170,62,42,172,3,190,137,158,220,175,198,244,83,10,203,104,145,154,23,159,189,229,239,151,226,111,39,157,4,211,178,223,188,220,124,134,18,231,145,96,112,98,233,88,40,26,196,111,86,176,151,66,142,166,175,97,33,127,129,151,10,228,243,136,241,136,157,107,164,173,79,167,133,146,40,146,47,247,53,82,174,248,159,226,64,102,202,216,86,181,53,149,202,165,56,243,221,4,182,251,178,144,178,42,108,66,124,214,39,29,150,170,130,124,74,224,107,138,233,46,57,25,178,205,60,241,170,230,153,12,118,178,63,61,242,73,21,106,222,42,229,91,173,217,211,148,198,242,182,161,216,41,78,216,201,62,199,20,247,9,57,119,250,106,129,58,113,237,155,83,75,6,70,237,164,125,182,44,73,5,233,251,112,231,162,134,227,228,207,2,172,151,183,122,31,249,132,47,132,109,219,147,234,186,239,86,166,103,58,252,189,50,240,23,103,234,251,135,127,23,125,64,208,41,189,47,61,43,205,149,17,54,203,177,133,199,76,214,166,142,240,57,209,237,214,80,123,162,61,61,197,193,211,246,187,243,202,222,115,72,218,170,121,247,249,191,180,230,0,226,16,200,75,242,253,128,85,58,224,35,32,224,231,228,85,168,237,220,68,202,150,45,243,55,142,182,178,205,118,189,140,158,205,2,134,38,19,62,193,2,172,104,247,204,173,201,87,250,114,72,246,131,77,113,49,142,251,141,239,147,90,150,26,133,114,116,232,132,118,118,47,184,144,156,250,75,193,222,22,122,23,240,50,213,187,77,58,149,1,5,198,60,163,225,1,111,213,173,243,68,83,79,243,126,78,193,147,156,8,63,156,1,129,22,241,82,214,205,145,39,139,222,167,211,231,217,99,119,94,30,203,195,84,154,1,136,106,65,201,114,10,82,61,250,48,233,182,251,118,88,222,229,208,206,219,34,103,161,179,213,206,1,129,129,16,103,145,159,92,170,57,62,221,215,251,38,99,242,109,222,135,103,112,146,234,215,153,104,180,190,67,179,150,42,11,69,11,155,126,221,183,231,189,220,47,56,184,148,254,104,217,104,6,53,90,92,58,112,116,161,71,237,107,108,189,71,230,145,86,139,213,210,226,133,143,0,35,238,176,110,175,156,241,111,161,197,3,126,138,97,185,57,238,246,52,8,89,93,5,137,116,22,127,92,98,28,88,254,121,220,40,117,24,104,185,238,94,235,102,10,60,192,42,173,44,134,164,71,239,107,165,142,84,102,51,31,202,83,44,145,72,65,117,135,132,45,83,194,136,54,89,164,156,63,122,231,4,132,209,23,161,24,26,215,63,152,168,146,250,139,211,86,153,182,182,13,147,171,230,68,204,115,76,95,150,52,205,201,232,39,209,221,253,114,22,144,248,142,206,66,199,168,199,149,28,169,8,138,8,6,77,132,254,254,53,172,103,174,58,31,171,7,132,30,57,127,95,1,187,26,160,134,112,192,147,207,98,77,66,237,143,103,41,105,44,17,208,20,232,210,75,239,207,159,170,109,18,163,124,177,99,64,81,44,28,96,16,230,151,26,123,191,239,2,116,53,89,243,44,210,33,183,21,188,102,52,110,126,162,188,158,76,105,202,72,241,160,196,156,110,224,233,173,24,194,185,143,55,143,227,67,127,6,225,82,252,244,125,155,88,233,23,150,149,85,124,154,101,98,252,143,193,131,208,38,156,74,232,128,192,190,238,57,205,18,235,32,164,143,179,204,240,45,81,199,45,153,28,182,216,38,219,51,226,176,77,225,213,44,44,46,4,125,130,42,129,58,162,61,154,145,12,222,49,197,178,128,181,68,28,100,160,48,247,4,159,59,21,193,144,246,205,56,161,32,231,78,151,138,160,56,81,86,53,78,87,150,105,139,248,115,220,143,23,184,118,8,142,233,184,248,6,85,191,214,97,172,221,201,18,111,154,8,234,125,157,53,37,50,156,156,211,252,177,176,23,65,21,27,162,224,135,53,231,206,209,174,87,107,119,127,63,202,237,205,129,52,157,91,207,5,135,153,243,72,112,47,153,243,101,104,254,200,204,197,234,252,96,137,6,132,239,113,117,199,118,175,24,133,137,179,78,91,48,71,227,31,3,201,246,209,186,88,17,172,150,222,50,44,37,0,74,194,126,20,213,3,138,158,0,97,33,175,215,207,13,236,163,8,196,86,80,252,186,153,212,255,178,115,61,143,20,152,31,10,33,116,50,47,67,100,190,92,25,44,205,34,194,82,65,5,184,63,127,203,107,19,159,185,37,99,52,238,165,139,214,141,58,223,176,236,141,47,127,31,157,219,24,224,239,51,72,168,204,82,91,142,247,153,242,224,126,208,109,180,17,74,176,73,99,40,54,6,133,119,156,171,39,176,54,180,38,225,180,151,199,151,3,49,111,120,154,135,127,100,222,70,70,148,214,6,198,73,213,191,101,103,138,215,12,8,246,129,36,22,179,31,0,243,236,252,107,89,51,68,35,160,173,84,127,34,167,129,23,101,213,182,121,184,222,216,103,94,173,231,241,246,53,197,29,92,135,29,120,122,131,73,12,178,21,190,221,73,19,60,108,127,114,82,145,244,129,27,217,66,4,223,227,243,165,108,121,182,238,231,129,155,11,133,88,218,59,203,32,92,148,139,136,244,175,160,191,105,201,158,154,191,219,149,129,87,247,156,201,49,214,94,137,231,217,79,109,222,83,48,189,228,97,73,62,39,58,225,106,201,76,116,99,76,48,27,49,90,8,24,224,215,116,158,6,57,164,178,155,8,66,187,143,111,12,228,185,26,15,189,162,20,137,168,148,135,137,211,24,183,25,205,2,190,45,243,76,52,207,88,13,120,67,72,206,87,114,133,73,216,234,146,204,190,187,121,202,175,49,40,58,119,167,14,251,10,252,176,181,138,168,18,66,194,78,202,166,92,113,5,221,101,130,202,119,209,227,177,92,42,254,237,69,57,50,162,170,29,14,97,203,74,44,147,145,30,91,61,219,189,238,139,44,180,188,243,33,99,202,151,183,218,172,119,110,55,6,88,241,242,46,199,248,226,28,45,232,67,61,213,195,43,121,39,238,116,116,167,61,62,46,180,251,254,31,214,204,68,193,50,125,223,139,30,70,207,83,161,36,191,114,218,49,200,24,20,93,175,252,45,136,150,143,29,79,209,104,173,245,112,46,127,248,242,251,12,173,59,237,90,66,236,156,180,189,183,16,28,241,8,168,85,101,15,50,244,113,177,17,118,193,252,176,41,45,157,132,135,57,84,241,190,62,98,138,106,57,68,207,104,70,169,236,103,231,45,16,80,225,54,47,152,193,37,159,119,108,138,75,113,41,223,163,115,70,185,173,196,22,169,105,244,144,194,110,80,78,242,193,183,54,53,43,143,0,83,175,47,175,158,209,25,143,122,15,81,136,159,77,185,224,109,133,194,80,213,14,131,51,51,231,52,158,190,39,88,24,96,62,234,230,111,145,11,108,5,65,217,170,104,45,237,241,254,254,92,163,69,45,218,232,131,124,187,100,22,29,40,179,58,172,250,73,109,58,247,23,157,169,104,80,255,180,190,23,79,70,10,247,219,184,117,18,69,220,8,41,169,1,72,174,42,75,134,75,233,210,182,4,37,82,17,178,142,17,110,78,220,81,157,57,47,35,233,86,255,80,64,56,201,234,124,128,13,74,175,167,0,30,138,67,114,149,174,252,135,27,84,132,128,231,241,215,143,0,194,60,147,181,6,190,93,71,83,69,247,80,243,232,7,216,24,151,232,217,242,208,103,66,41,161,28,109,236,183,19,177,224,114,44,125,144,207,108,182,199,124,178,166,149,187,236,191,32,40,134,182,18,91,76,91,104,105,153,43,117,156,27,7,254,203,75,39,76,94,0,81,26,8,136,243,96,178,145,150,33,90,140,69,91,208,236,9,161,167,199,211,141,23,200,59,93,19,38,134,186,129,87,20,159,196,150,91,115,48,180,197,22,105,71,239,73,202,10,240,2,28,237,152,40,82,148,113,107,96,58,122,34,191,251,205,63,117,91,164,145,6,128,167,72,0,155,23,229,150,211,174,106,1,186,138,182,221,239,31,2,79,101,72,77,7,40,104,228,185,242,84,175,142,252,75,21,233,25,25,130,182,127,130,160,143,128,217,34,237,176,31,139,97,243,98,251,55,186,125,218,212,38,58,185,114,94,141,107,229,151,143,0,233,70,192,49,47,83,223,224,54,252,25,160,55,12,48,22,136,17,254,177,88,175,204,230,195,54,151,7,192,167,15,60,215,37,120,105,153,53,56,135,213,75,10,33,108,160,28,153,138,206,83,49,124,154,199,60,182,102,123,132,162,69,232,97,66,11,40,237,91,50,51,96,175,113,203,4,1,18,14,57,127,245,220,200,147,129,54,37,130,82,136,218,95,239,185,3,60,119,44,154,26,63,130,178,229,62,186,163,198,207,56,77,23,157,120,202,42,2,215,124,10,8,172,91,28,171,151,39,168,93,188,26,196,134,164,27,235,138,202,170,155,210,72,214,143,160,104,40,38,132,203,113,93,128,90,221,102,20,210,161,43,142,139,147,56,78,24,252,202,18,23,15,162,27,218,136,101,186,58,210,28,39,207,106,162,45,139,235,179,63,68,73,154,56,146,191,147,24,58,35,46,59,155,39,40,20,153,188,136,54,136,101,186,227,193,64,177,89,146,189,215,200,16,223,174,118,111,67,133,83,23,35,162,93,130,25,148,184,240,180,56,78,241,107,53,27,177,52,111,41,12,157,152,241,153,194,144,232,235,162,8,18,206,145,20,200,8,62,161,164,131,148,211,225,221,5,79,109,180,77,210,202,197,16,89,240,166,31,107,129,39,62,78,169,243,23,186,112,137,222,151,200,38,86,109,73,95,10,238,19,147,79,67,238,120,142,43,234,65,248,50,254,144,210,139,130,94,40,43,158,241,244,19,14,247,211,120,18,204,47,7,168,108,12,52,254,150,56,164,98,68,93,92,17,242,129,56,47,183,188,156,80,174,40,69,236,129,115,187,33,53,69,73,39,50,255,252,63,89,152,56,41,137,175,61,94,3,54,119,54,119,74,148,88,227,87,5,95,180,125,66,224,56,210,195,114,165,9,58,134,192,143,0,86,123,17,177,238,65,175,169,252,222,38,170,58,81,10,79,129,133,168,182,20,254,224,226,37,253,148,61,175,238,203,178,205,54,33,214,196,109,129,15,140,105,28,180,163,207,61,120,74,253,239,90,105,173,75,119,174,17,206,228,71,204,219,141,117,210,193,27,163,103,219,4,155,28,51,185,64,210,216,252,67,113,70,128,39,181,167,213,24,73,11,77,197,76,157,10,203,65,178,31,115,158,16,38,208,32,147,131,115,135,125,210,175,134,38,242,242,159,211,75,18,253,88,178,229,210,39,45,158,88,224,64,155,251,144,127,225,239,157,144,11,50,115,127,8,59,37,47,30,1,204,69,240,73,48,158,85,238,126,155,161,250,135,75,138,181,113,182,223,49,30,153,54,78,56,37,142,216,77,67,109,122,168,1,121,46,209,63,74,53,129,54,77,170,114,29,228,20,251,137,73,196,34,57,31,254,219,55,13,199,39,125,159,129,40,112,6,126,120,4,52,245,95,72,121,120,206,160,93,252,145,254,111,120,96,77,200,63,236,195,6,230,215,25,171,251,34,100,173,121,109,87,149,164,216,47,88,240,227,47,110,31,1,9,218,49,7,27,176,139,244,244,179,76,19,50,44,154,33,177,55,62,118,38,88,254,117,77,74,166,128,96,245,74,142,220,169,46,138,84,214,60,155,162,132,38,179,200,112,196,186,33,207,228,56,216,187,195,54,44,16,244,222,81,160,74,249,116,152,209,9,32,105,144,24,124,158,239,206,89,192,189,176,80,33,99,77,253,21,61,40,233,117,163,159,249,44,201,140,131,166,91,170,156,108,194,134,5,2,1,156,78,173,164,48,30,5,184,162,74,96,47,1,224,62,50,215,63,121,252,252,226,183,227,9,128,120,20,43,28,154,127,142,209,96,142,208,28,239,187,189,155,140,230,106,123,150,68,66,17,102,220,162,90,250,33,183,85,108,87,7,253,222,166,17,41,190,162,60,134,247,68,117,236,142,32,161,190,244,232,116,38,83,191,140,187,213,83,16,63,244,34,199,29,55,99,46,69,33,66,152,167,143,84,234,166,128,113,64,213,193,67,39,206,204,119,145,125,59,84,10,122,107,80,144,156,14,198,235,6,224,1,129,51,46,86,223,50,234,120,251,11,205,223,32,51,138,238,227,176,134,239,178,141,245,6,19,82,172,206,201,226,225,247,91,208,27,131,207,142,201,100,233,221,56,78,28,14,179,247,152,15,119,118,241,41,7,120,71,57,150,167,234,75,85,19,139,195,180,184,164,195,9,221,143,0,9,231,94,82,186,235,39,11,252,74,181,55,127,235,177,11,85,107,162,248,177,198,72,170,245,206,56,162,230,171,225,1,98,138,174,164,33,10,0,238,185,170,202,187,182,48,204,21,160,95,132,206,174,233,53,150,143,79,178,56,91,32,240,52,174,126,102,219,214,196,6,75,91,41,67,126,90,224,250,126,239,89,6,219,148,19,218,23,216,34,155,163,141,43,88,21,244,12,39,44,48,239,119,54,51,220,81,235,56,220,109,238,149,80,126,53,143,11,197,73,135,183,180,249,26,255,226,229,214,127,73,132,61,23,151,0,112,9,90,134,115,96,67,101,5,70,8,151,49,165,157,253,233,236,28,174,187,225,89,21,73,48,223,51,160,169,132,126,4,92,174,57,99,158,116,240,231,182,60,19,100,208,21,244,236,205,11,122,4,228,144,152,30,70,197,171,86,103,166,161,146,230,198,196,193,88,6,37,81,54,169,168,143,192,28,34,98,163,93,221,82,177,95,34,244,133,108,54,163,14,19,175,93,239,209,118,77,28,131,114,47,165,101,67,31,8,192,107,94,218,78,135,192,153,79,228,236,90,95,120,8,182,94,172,166,238,63,2,246,106,213,190,40,55,181,127,68,120,155,202,183,38,141,45,133,35,41,179,87,136,44,4,142,88,54,24,13,76,100,233,218,164,20,181,208,163,78,135,214,45,228,49,92,227,155,58,108,113,74,9,107,150,243,11,165,56,181,194,119,42,157,99,152,224,240,28,27,155,130,247,145,179,247,183,51,157,197,107,213,138,147,122,148,141,106,226,75,68,60,153,184,240,160,15,87,183,113,163,100,221,140,184,5,196,173,207,219,190,114,5,66,243,183,77,203,21,103,101,45,29,140,130,153,150,132,102,65,126,181,22,170,121,4,20,50,231,202,107,192,147,34,111,88,111,177,81,139,139,239,18,89,175,216,209,159,16,116,191,26,221,208,22,138,240,126,59,91,0,1,171,22,155,235,169,36,142,167,101,17,148,252,64,187,59,123,127,170,25,166,252,201,120,43,122,192,8,8,239,72,156,249,10,220,230,93,28,142,50,222,220,122,183,138,188,40,53,253,213,120,53,178,131,122,162,104,66,23,81,186,187,139,17,46,170,249,40,69,188,77,76,128,74,146,135,229,59,123,6,96,167,47,105,6,93,151,152,141,196,58,50,159,245,216,177,108,235,122,146,72,193,30,62,68,56,38,213,143,166,104,137,163,64,234,134,206,3,19,230,101,201,118,2,76,122,212,122,189,56,183,249,231,11,25,43,178,194,188,59,74,97,196,248,163,61,210,141,139,246,108,195,156,60,213,189,238,154,233,130,92,101,4,69,175,128,182,23,32,212,237,184,46,200,49,145,54,212,143,165,206,53,57,50,231,92,55,49,205,42,209,221,147,75,76,45,202,46,5,26,239,254,94,28,97,177,125,191,103,236,153,106,251,138,71,211,55,239,166,160,238,100,240,36,226,41,75,146,145,120,165,97,138,210,78,70,22,114,121,136,102,23,227,95,161,206,158,149,73,174,60,71,221,66,201,63,255,50,172,225,7,171,213,208,251,143,12,4,136,247,249,213,242,227,230,253,221,85,147,152,173,8,21,192,209,110,156,255,18,194,133,125,86,111,16,161,90,233,194,82,222,119,240,14,154,162,232,79,177,46,81,143,51,70,71,67,231,41,139,148,227,210,107,101,207,242,111,61,251,205,140,183,36,119,122,177,53,201,76,65,107,183,220,131,146,34,24,125,195,250,117,200,230,89,69,198,128,26,34,47,235,154,210,158,8,79,16,64,12,35,154,122,57,173,156,161,93,252,44,120,121,14,238,172,220,251,179,78,159,145,248,99,54,149,104,114,36,62,119,228,52,22,178,101,178,138,139,60,106,149,27,185,252,76,131,155,78,193,251,27,57,11,179,192,242,160,148,64,118,3,208,57,233,216,114,254,31,224,193,137,119,141,203,151,79,205,97,182,218,36,202,228,68,237,188,209,46,209,116,135,140,72,121,195,18,252,247,17,240,161,212,194,249,3,213,105,71,219,11,110,43,79,175,227,236,44,43,39,107,123,109,79,127,233,135,242,113,166,164,39,137,180,0,34,172,120,66,128,91,110,117,71,80,198,91,87,6,127,176,195,74,41,89,163,146,199,151,240,69,156,227,160,115,45,53,195,195,188,144,64,251,232,70,251,165,40,58,214,117,191,23,97,33,210,233,124,162,156,100,3,41,92,159,182,146,220,23,4,226,161,70,150,203,60,150,42,61,218,138,155,187,234,113,127,35,209,222,97,222,109,127,136,18,123,23,170,138,59,106,162,146,5,11,167,208,122,113,219,10,231,73,17,38,79,181,85,107,11,246,85,127,100,18,179,50,82,191,219,194,153,154,189,191,155,62,93,84,39,238,87,120,87,72,3,246,66,138,149,91,78,109,245,164,229,117,5,225,183,236,98,52,158,155,167,115,19,55,38,40,52,180,247,201,130,95,45,73,224,44,78,53,201,211,188,166,19,72,125,112,6,224,9,132,27,217,152,48,240,101,117,95,148,201,185,107,140,169,217,148,35,84,29,203,164,6,173,34,100,76,244,129,100,57,56,57,103,33,48,228,27,222,42,57,21,74,45,70,254,45,226,142,236,144,95,141,240,145,9,108,207,54,233,222,55,60,34,95,73,158,53,224,112,56,212,104,237,107,246,155,23,74,196,228,20,85,183,227,243,180,119,90,75,137,151,246,16,190,226,82,93,35,107,20,36,74,60,239,215,18,150,169,179,198,59,202,162,47,119,61,92,238,242,97,98,173,85,191,44,218,200,28,160,49,220,140,101,25,92,156,229,144,114,161,214,108,248,201,192,97,236,81,248,194,120,72,68,163,195,124,16,235,48,223,27,242,240,214,254,167,241,129,169,17,135,239,95,187,205,253,253,119,162,17,247,110,62,39,104,190,75,13,81,217,150,84,237,108,182,184,21,116,170,87,24,81,106,20,99,132,22,40,221,77,85,98,57,229,10,220,219,247,83,20,222,73,191,39,248,111,133,239,164,125,65,88,70,130,69,198,88,144,127,144,41,166,108,104,203,103,115,154,184,183,187,147,106,252,40,148,240,253,61,244,84,179,150,45,55,236,175,213,100,227,47,41,38,60,181,246,12,79,86,226,132,8,3,217,189,210,120,129,158,110,188,195,146,210,83,151,254,78,230,206,217,175,122,121,183,42,127,109,126,158,23,235,36,181,113,85,8,98,111,122,173,121,250,49,144,152,162,46,143,111,212,14,107,88,126,76,95,12,185,241,86,23,167,248,243,170,30,234,176,172,73,134,231,149,58,163,128,160,26,149,73,3,253,154,17,253,162,249,98,155,245,67,146,17,13,89,141,105,170,29,207,1,126,165,99,25,169,250,167,56,96,135,189,39,62,47,69,163,120,154,158,106,244,143,181,177,102,120,254,17,121,219,37,28,13,222,138,16,10,127,4,204,212,104,245,90,80,22,223,89,53,156,226,101,166,86,12,212,197,70,255,21,136,162,11,180,36,242,26,199,52,237,194,8,45,148,78,13,142,138,173,158,39,180,171,248,21,131,125,185,95,217,105,244,61,28,167,69,15,226,220,40,75,185,192,125,154,36,172,158,138,101,52,122,0,238,193,48,10,149,32,187,74,209,121,19,57,4,91,11,157,26,96,145,206,147,137,96,140,0,84,194,93,63,137,161,11,150,12,255,30,115,56,27,191,253,214,113,148,93,17,255,228,164,195,72,105,29,18,222,69,124,184,34,165,164,53,201,254,220,203,131,208,92,129,34,252,237,200,167,23,1,132,98,214,248,28,210,93,137,227,143,128,250,210,3,244,9,212,100,134,106,22,33,241,234,39,214,123,16,223,91,52,241,1,233,179,240,164,181,200,115,62,18,157,201,142,42,77,43,77,149,38,104,73,2,85,94,173,124,127,199,235,53,13,226,91,221,153,219,218,35,93,65,93,177,159,238,99,216,151,72,57,152,234,93,239,149,244,132,205,120,151,67,181,144,198,39,0,213,158,239,230,116,167,242,85,207,224,61,119,221,137,195,193,175,59,193,94,119,93,16,182,99,198,228,33,97,158,221,247,46,249,165,206,128,7,13,159,192,215,225,194,110,84,254,29,44,107,220,31,82,56,220,126,200,226,114,197,85,65,219,1,68,54,157,129,88,23,85,222,7,110,18,83,219,37,185,99,57,182,175,36,56,21,178,50,78,50,212,177,3,125,250,181,232,63,86,181,55,167,238,135,191,79,45,185,127,210,166,44,211,117,10,116,156,163,53,174,190,78,28,73,190,175,148,123,29,33,97,45,122,252,166,212,106,149,20,0,203,13,234,200,92,52,121,123,70,175,206,26,58,177,173,102,125,195,50,12,58,97,25,149,18,190,218,58,24,68,190,57,16,121,4,16,128,217,8,195,95,231,51,225,148,123,33,215,227,242,72,162,48,228,49,76,213,91,169,83,1,192,80,25,125,196,179,132,160,197,99,146,170,181,89,139,238,211,111,165,170,165,31,7,36,108,245,190,168,39,165,14,224,187,11,100,95,181,98,24,252,69,216,16,87,92,117,151,78,116,144,177,98,45,92,127,77,126,236,127,117,107,68,150,13,160,29,167,42,6,193,219,198,215,213,235,84,67,143,0,11,161,190,194,137,157,208,183,38,151,218,49,144,63,121,217,148,195,216,10,13,150,62,76,36,160,226,160,143,12,212,39,151,245,135,159,85,62,226,204,213,192,114,85,133,121,159,107,26,41,54,225,79,155,213,222,104,159,221,171,193,200,239,85,140,15,36,238,94,159,128,121,133,105,223,169,144,181,76,87,75,67,136,151,45,51,221,114,194,87,135,193,179,63,217,179,74,250,160,12,249,216,143,128,118,82,74,49,44,69,10,128,84,69,87,67,229,35,0,137,236,214,2,41,161,45,86,252,133,223,3,219,236,187,27,83,243,176,184,195,13,215,78,68,154,56,71,76,93,225,36,26,133,126,152,200,236,171,189,87,38,182,135,213,90,221,137,181,253,82,76,255,67,167,51,15,22,63,229,19,20,86,25,146,130,120,63,2,254,58,7,89,68,229,113,38,171,38,188,170,133,156,77,177,220,26,253,152,48,85,226,137,51,29,253,242,80,50,51,174,148,182,120,207,116,42,224,218,20,102,0,22,177,215,84,66,245,27,71,174,237,116,16,40,26,3,88,202,189,16,179,113,23,123,156,85,245,9,71,91,35,43,54,6,135,148,55,143,128,44,148,246,61,213,180,64,150,71,117,207,109,203,5,37,216,226,73,145,66,175,115,29,170,249,69,56,178,181,230,54,110,194,110,206,189,252,97,11,230,104,116,118,7,103,126,29,113,245,135,228,107,141,251,237,162,3,232,230,82,3,212,51,202,102,116,253,51,85,252,32,56,9,127,235,185,175,176,118,253,18,253,241,240,77,29,56,148,163,107,13,110,74,242,241,22,215,236,227,23,168,152,39,206,73,199,230,137,88,37,217,61,255,73,145,67,102,177,135,76,191,39,68,245,159,99,165,49,144,235,142,245,1,74,121,63,192,99,65,18,204,68,205,161,98,40,93,252,9,99,92,62,219,19,74,169,213,254,93,254,18,117,239,162,25,215,85,97,213,149,28,210,215,97,200,118,44,122,157,246,226,247,10,189,108,120,81,95,200,156,3,122,122,117,110,65,26,32,97,208,214,189,201,95,142,73,183,143,115,121,30,99,97,21,50,56,58,83,117,157,122,55,200,50,245,97,14,110,61,181,102,113,109,141,115,171,255,167,162,203,71,230,150,208,148,91,129,128,205,54,22,154,186,71,161,163,96,196,197,250,234,123,156,37,133,142,2,224,255,28,61,187,60,2,69,251,44,61,41,81,126,74,67,45,50,127,95,96,150,207,254,155,158,158,101,239,72,80,53,251,228,203,248,188,193,54,5,187,161,77,15,60,57,47,142,207,194,235,143,0,143,88,204,27,197,253,13,68,239,103,200,229,10,79,11,228,114,68,232,63,215,203,244,157,41,108,164,243,236,239,203,90,199,174,214,127,101,53,186,22,9,249,68,54,186,189,125,95,79,32,209,11,90,123,77,170,176,133,23,235,211,226,243,108,91,97,12,229,0,212,185,149,238,254,184,217,80,200,118,213,27,191,70,147,37,157,247,48,200,33,104,77,121,60,211,181,118,57,252,223,4,227,35,96,126,84,167,237,161,228,2,23,49,119,255,198,139,227,238,188,226,17,192,232,194,1,255,173,20,240,125,230,25,57,102,104,119,218,40,77,227,78,219,236,128,157,132,0,120,197,27,144,252,8,40,48,160,203,95,8,50,99,121,160,238,109,142,221,179,181,247,216,82,228,22,205,90,51,186,239,80,64,188,238,135,212,7,241,82,110,136,130,26,91,62,231,122,54,191,12,102,185,91,167,121,4,136,188,145,219,188,138,63,93,12,222,173,88,40,24,131,248,97,3,49,1,111,18,175,198,44,238,183,121,90,200,145,33,223,59,253,96,11,28,136,51,78,139,27,21,82,108,124,53,227,30,20,6,43,187,84,116,224,152,222,28,187,116,224,69,120,158,170,180,192,77,184,201,176,212,240,84,139,128,11,119,159,143,116,218,247,78,139,214,155,182,141,33,131,40,68,92,19,187,124,124,249,79,111,72,62,122,212,126,104,179,125,191,33,203,71,252,93,90,124,44,77,234,253,30,91,190,229,230,175,63,38,239,140,166,111,59,157,214,90,222,157,143,125,146,122,23,6,170,214,255,218,207,64,221,34,233,14,86,177,254,120,65,226,27,137,206,70,203,118,152,19,38,95,101,136,75,189,205,186,127,224,34,185,81,211,25,23,140,232,255,2,17,122,4,196,168,238,148,247,205,41,15,167,43,124,1,150,255,218,10,209,243,59,229,232,22,97,17,186,169,25,63,79,92,86,233,122,4,200,142,234,195,226,97,68,227,135,210,156,114,33,5,73,143,128,131,166,179,233,206,215,88,198,223,180,149,10,109,95,126,186,233,191,229,102,18,23,127,87,152,157,120,153,145,94,251,199,177,190,204,12,186,247,44,17,190,250,124,13,196,87,42,28,51,193,187,120,187,81,33,122,72,114,114,79,95,215,91,38,126,97,230,131,169,181,16,6,209,152,139,178,43,226,72,137,58,80,18,156,166,109,10,170,7,255,144,60,222,131,113,161,190,144,143,222,11,240,137,219,81,182,93,68,161,14,185,215,63,197,222,81,69,249,112,128,3,224,229,249,195,111,116,181,22,188,167,153,28,239,25,230,112,36,179,207,227,97,171,148,231,237,55,125,104,182,236,15,207,242,191,64,47,119,42,135,54,198,199,249,83,118,192,94,225,173,124,90,155,152,128,42,16,249,134,36,139,177,93,107,104,217,45,185,199,130,133,81,112,83,105,244,97,58,180,39,69,17,28,226,205,85,245,8,104,172,141,109,78,55,123,199,7,78,76,111,238,2,125,157,69,214,223,12,45,155,234,49,122,71,70,220,116,67,166,245,149,6,50,74,64,2,124,164,175,235,6,93,125,7,184,51,204,53,18,60,228,50,44,228,164,72,62,180,62,124,15,118,63,240,117,241,157,32,121,27,78,114,142,87,169,113,39,235,127,217,3,58,73,227,195,191,118,219,196,191,48,61,121,4,220,168,219,49,98,121,182,185,27,200,238,223,108,84,170,109,114,251,218,0,83,7,40,82,60,237,108,206,113,166,79,225,15,206,22,164,54,118,87,159,225,36,196,249,191,19,29,219,110,254,110,114,103,240,173,8,116,232,253,75,17,124,4,240,16,22,250,156,42,245,137,134,103,160,250,190,76,174,193,128,91,241,192,71,64,211,123,233,96,183,23,210,186,6,116,112,156,128,66,252,19,230,130,175,3,67,100,218,165,65,103,249,237,169,45,227,132,153,40,227,197,123,163,215,123,211,147,115,151,177,193,238,41,9,245,123,130,117,187,231,202,36,187,217,181,28,241,214,6,75,83,205,36,203,75,202,131,181,156,63,79,115,168,142,242,66,230,116,3,222,85,158,191,216,237,151,11,246,163,40,138,4,127,138,243,62,222,121,130,216,10,40,203,112,137,79,245,75,125,89,168,85,183,87,189,105,60,113,77,75,237,139,69,99,133,224,152,218,213,201,167,217,170,75,116,192,57,198,175,229,126,4,124,188,93,17,225,101,91,16,219,4,164,204,223,43,40,137,38,128,96,105,248,153,4,203,13,190,18,23,135,230,30,116,177,110,11,234,45,4,87,82,186,90,52,226,239,214,242,136,53,41,28,104,32,15,206,209,90,116,110,208,207,221,195,139,60,144,130,205,226,0,245,60,161,76,197,241,33,145,62,240,102,78,228,110,242,76,129,22,93,123,42,133,46,73,146,85,76,166,210,230,177,38,121,223,244,140,222,19,45,53,134,90,209,4,62,173,149,252,29,12,89,71,104,142,65,0,216,124,79,86,173,8,96,185,25,170,34,117,158,31,120,214,94,75,91,177,97,236,190,200,154,176,104,6,8,95,133,55,153,90,80,82,156,179,71,31,112,93,218,227,176,213,135,236,139,115,85,152,45,149,245,87,147,24,192,94,42,1,253,3,254,96,227,17,72,57,227,159,166,169,34,129,162,2,237,155,219,180,67,200,78,200,64,71,93,176,231,58,225,175,129,35,252,140,122,14,208,123,174,134,155,166,97,73,243,31,100,2,232,45,122,232,220,131,132,151,201,27,221,119,198,213,20,129,85,121,111,148,180,219,175,176,114,14,247,180,74,3,63,250,79,114,210,111,54,111,135,49,88,114,100,159,53,108,220,108,197,55,82,71,117,139,97,169]},"_outOffset":3354,"_chunkSize":16384,"_defaultFlushFlag":0,"_finishFlushFlag":4,"_defaultFullFlushFlag":3,"_maxOutputLength":9007199254740991,"_rejectGarbageAfterEnd":false,"_level":9,"_strategy":0,"_mode":3}}): AbortError: The user aborted a request.
[info] i  hosting: uploading new files [3/24] (12%) 
[debug] [2026-06-23T03:55:54.415Z] [uploadQueue] Retrying task 79d793e4d22a374810db05418b5135b1e4047959add669a7e2ef05bbd483c810
[debug] [2026-06-23T03:55:54.416Z] Checked if tokens are valid: true, expires at: 1782188904082
[debug] [2026-06-23T03:55:54.416Z] Checked if tokens are valid: true, expires at: 1782188904082
[debug] [2026-06-23T03:55:54.417Z] >>> [apiv2][query] POST https://upload-firebasehosting.googleapis.com/upload/sites/abdominalgym-kudus-gym/versions/76351787d5059d4e/files/79d793e4d22a374810db05418b5135b1e4047959add669a7e2ef05bbd483c810 [none]
[debug] [2026-06-23T03:55:54.417Z] >>> [apiv2][body] POST https://upload-firebasehosting.googleapis.com/upload/sites/abdominalgym-kudus-gym/versions/76351787d5059d4e/files/79d793e4d22a374810db05418b5135b1e4047959add669a7e2ef05bbd483c810 [stream]
[info] i  hosting: uploading new files [3/24] (12%) 
[info] i  hosting: uploading new files [3/24] (12%) 
[info] i  hosting: uploading new files [3/24] (12%) 
[info] i  hosting: uploading new files [3/24] (12%) 
[info] i  hosting: uploading new files [3/24] (12%) 
[info] i  hosting: uploading new files [3/24] (12%) 
[info] i  hosting: uploading new files [3/24] (12%) 
[info] i  hosting: uploading new files [3/24] (12%) 
[info] i  hosting: uploading new files [3/24] (12%) 
[info] i  hosting: uploading new files [3/24] (12%) 
[debug] [2026-06-23T03:56:14.641Z] <<< [apiv2][status] POST https://upload-firebasehosting.googleapis.com/upload/sites/abdominalgym-kudus-gym/versions/76351787d5059d4e/files/7067416c934cc31e25a462a6e57e34672bc93ca3f99b52ab116b6af738ae0b37 200
[debug] [2026-06-23T03:56:14.641Z] <<< [apiv2][body] POST https://upload-firebasehosting.googleapis.com/upload/sites/abdominalgym-kudus-gym/versions/76351787d5059d4e/files/7067416c934cc31e25a462a6e57e34672bc93ca3f99b52ab116b6af738ae0b37 [stream]
[info] i  hosting: uploading new files [4/24] (16%) 
[debug] [2026-06-23T03:56:17.520Z] <<< [apiv2][status] POST https://upload-firebasehosting.googleapis.com/upload/sites/abdominalgym-kudus-gym/versions/76351787d5059d4e/files/9d9f5273d5be74ecbf10dd7baacf972b3e7979bb55626b00552d141bec1dfb49 200
[debug] [2026-06-23T03:56:17.520Z] <<< [apiv2][body] POST https://upload-firebasehosting.googleapis.com/upload/sites/abdominalgym-kudus-gym/versions/76351787d5059d4e/files/9d9f5273d5be74ecbf10dd7baacf972b3e7979bb55626b00552d141bec1dfb49 [stream]
[info] i  hosting: uploading new files [5/24] (20%) 
[debug] [2026-06-23T03:56:18.067Z] [uploadQueue] Retrying task 98f96eca8a691ebb1da749e9ad88dcae4b387737b8520a3e2f733443ab962109
[debug] [2026-06-23T03:56:18.067Z] Checked if tokens are valid: true, expires at: 1782188904082
[debug] [2026-06-23T03:56:18.067Z] Checked if tokens are valid: true, expires at: 1782188904082
[debug] [2026-06-23T03:56:18.068Z] >>> [apiv2][query] POST https://upload-firebasehosting.googleapis.com/upload/sites/abdominalgym-kudus-gym/versions/76351787d5059d4e/files/98f96eca8a691ebb1da749e9ad88dcae4b387737b8520a3e2f733443ab962109 [none]
[debug] [2026-06-23T03:56:18.068Z] >>> [apiv2][body] POST https://upload-firebasehosting.googleapis.com/upload/sites/abdominalgym-kudus-gym/versions/76351787d5059d4e/files/98f96eca8a691ebb1da749e9ad88dcae4b387737b8520a3e2f733443ab962109 [stream]
[info] i  hosting: uploading new files [5/24] (20%) 
[debug] [2026-06-23T03:56:20.092Z] [uploadQueue] Retrying task 6affdc28c9ad14f56505c34b9e1d52481fd30a9062674b162ba748e1bfa6cbac
[debug] [2026-06-23T03:56:20.093Z] Checked if tokens are valid: true, expires at: 1782188904082
[debug] [2026-06-23T03:56:20.093Z] Checked if tokens are valid: true, expires at: 1782188904082
[debug] [2026-06-23T03:56:20.093Z] >>> [apiv2][query] POST https://upload-firebasehosting.googleapis.com/upload/sites/abdominalgym-kudus-gym/versions/76351787d5059d4e/files/6affdc28c9ad14f56505c34b9e1d52481fd30a9062674b162ba748e1bfa6cbac [none]
[debug] [2026-06-23T03:56:20.093Z] >>> [apiv2][body] POST https://upload-firebasehosting.googleapis.com/upload/sites/abdominalgym-kudus-gym/versions/76351787d5059d4e/files/6affdc28c9ad14f56505c34b9e1d52481fd30a9062674b162ba748e1bfa6cbac [stream]
[info] i  hosting: uploading new files [5/24] (20%) 
[info] i  hosting: uploading new files [5/24] (20%) 
[debug] [2026-06-23T03:56:25.247Z] [uploadQueue] Retrying task 284a56e45c38a4b5a993231a454082668783703d121128d1e7dc44314f04f818
[debug] [2026-06-23T03:56:25.248Z] Checked if tokens are valid: true, expires at: 1782188904082
[debug] [2026-06-23T03:56:25.248Z] Checked if tokens are valid: true, expires at: 1782188904082
[debug] [2026-06-23T03:56:25.248Z] >>> [apiv2][query] POST https://upload-firebasehosting.googleapis.com/upload/sites/abdominalgym-kudus-gym/versions/76351787d5059d4e/files/284a56e45c38a4b5a993231a454082668783703d121128d1e7dc44314f04f818 [none]
[debug] [2026-06-23T03:56:25.248Z] >>> [apiv2][body] POST https://upload-firebasehosting.googleapis.com/upload/sites/abdominalgym-kudus-gym/versions/76351787d5059d4e/files/284a56e45c38a4b5a993231a454082668783703d121128d1e7dc44314f04f818 [stream]
[debug] [2026-06-23T03:56:25.316Z] <<< [apiv2][status] POST https://upload-firebasehosting.googleapis.com/upload/sites/abdominalgym-kudus-gym/versions/76351787d5059d4e/files/a30210f988be80c1ce0d06b77cc5876681b55504140e8264b71ff8ba23650ca6 200
[debug] [2026-06-23T03:56:25.316Z] <<< [apiv2][body] POST https://upload-firebasehosting.googleapis.com/upload/sites/abdominalgym-kudus-gym/versions/76351787d5059d4e/files/a30210f988be80c1ce0d06b77cc5876681b55504140e8264b71ff8ba23650ca6 [stream]
[debug] [2026-06-23T03:56:25.398Z] <<< [apiv2][status] POST https://upload-firebasehosting.googleapis.com/upload/sites/abdominalgym-kudus-gym/versions/76351787d5059d4e/files/cd823841744c5237a745c9ef4bb848f33b5acfe4538e8b586f75bd3303c87378 200
[debug] [2026-06-23T03:56:25.398Z] <<< [apiv2][body] POST https://upload-firebasehosting.googleapis.com/upload/sites/abdominalgym-kudus-gym/versions/76351787d5059d4e/files/cd823841744c5237a745c9ef4bb848f33b5acfe4538e8b586f75bd3303c87378 [stream]
[info] i  hosting: uploading new files [7/24] (29%) 
[debug] [2026-06-23T03:56:25.964Z] <<< [apiv2][status] POST https://upload-firebasehosting.googleapis.com/upload/sites/abdominalgym-kudus-gym/versions/76351787d5059d4e/files/6576d8e3165cb75b7e188dcab075e61c32016ab24c437d91b161a76b47cb0885 200
[debug] [2026-06-23T03:56:25.964Z] <<< [apiv2][body] POST https://upload-firebasehosting.googleapis.com/upload/sites/abdominalgym-kudus-gym/versions/76351787d5059d4e/files/6576d8e3165cb75b7e188dcab075e61c32016ab24c437d91b161a76b47cb0885 [stream]
[debug] [2026-06-23T03:56:26.100Z] [uploadQueue] Retrying task 5eaad130f6219787be437a0443caa1a69d0873455741f08608950f4b580b389d
[debug] [2026-06-23T03:56:26.101Z] Checked if tokens are valid: true, expires at: 1782188904082
[debug] [2026-06-23T03:56:26.101Z] Checked if tokens are valid: true, expires at: 1782188904082
[debug] [2026-06-23T03:56:26.101Z] >>> [apiv2][query] POST https://upload-firebasehosting.googleapis.com/upload/sites/abdominalgym-kudus-gym/versions/76351787d5059d4e/files/5eaad130f6219787be437a0443caa1a69d0873455741f08608950f4b580b389d [none]
[debug] [2026-06-23T03:56:26.101Z] >>> [apiv2][body] POST https://upload-firebasehosting.googleapis.com/upload/sites/abdominalgym-kudus-gym/versions/76351787d5059d4e/files/5eaad130f6219787be437a0443caa1a69d0873455741f08608950f4b580b389d [stream]
[debug] [2026-06-23T03:56:26.976Z] [uploadQueue] Retrying task a05e499a6e05f130ec3a57578dcadb99afdb5cd827eb71a701539e553d0591eb
[debug] [2026-06-23T03:56:26.976Z] Checked if tokens are valid: true, expires at: 1782188904082
[debug] [2026-06-23T03:56:26.977Z] Checked if tokens are valid: true, expires at: 1782188904082
[debug] [2026-06-23T03:56:26.977Z] >>> [apiv2][query] POST https://upload-firebasehosting.googleapis.com/upload/sites/abdominalgym-kudus-gym/versions/76351787d5059d4e/files/a05e499a6e05f130ec3a57578dcadb99afdb5cd827eb71a701539e553d0591eb [none]
[debug] [2026-06-23T03:56:26.977Z] >>> [apiv2][body] POST https://upload-firebasehosting.googleapis.com/upload/sites/abdominalgym-kudus-gym/versions/76351787d5059d4e/files/a05e499a6e05f130ec3a57578dcadb99afdb5cd827eb71a701539e553d0591eb [stream]
[info] i  hosting: uploading new files [8/24] (33%) 
[info] i  hosting: uploading new files [8/24] (33%) 
[debug] [2026-06-23T03:56:31.226Z] [uploadQueue] Retrying task 5700d88a1fce790fe5fcbb5c390a23d7d03161ce8117e507472d4caf773ba14c
[debug] [2026-06-23T03:56:31.226Z] Checked if tokens are valid: true, expires at: 1782188904082
[debug] [2026-06-23T03:56:31.227Z] Checked if tokens are valid: true, expires at: 1782188904082
[debug] [2026-06-23T03:56:31.227Z] >>> [apiv2][query] POST https://upload-firebasehosting.googleapis.com/upload/sites/abdominalgym-kudus-gym/versions/76351787d5059d4e/files/5700d88a1fce790fe5fcbb5c390a23d7d03161ce8117e507472d4caf773ba14c [none]
[debug] [2026-06-23T03:56:31.227Z] >>> [apiv2][body] POST https://upload-firebasehosting.googleapis.com/upload/sites/abdominalgym-kudus-gym/versions/76351787d5059d4e/files/5700d88a1fce790fe5fcbb5c390a23d7d03161ce8117e507472d4caf773ba14c [stream]
[info] i  hosting: uploading new files [8/24] (33%) 
[debug] [2026-06-23T03:56:33.072Z] [uploadQueue] Retrying task d38a16bc5580d7df7887db6845a0c90aa78c60305977c3df93b3101601421bad
[debug] [2026-06-23T03:56:33.073Z] Checked if tokens are valid: true, expires at: 1782188904082
[debug] [2026-06-23T03:56:33.073Z] Checked if tokens are valid: true, expires at: 1782188904082
[debug] [2026-06-23T03:56:33.073Z] >>> [apiv2][query] POST https://upload-firebasehosting.googleapis.com/upload/sites/abdominalgym-kudus-gym/versions/76351787d5059d4e/files/d38a16bc5580d7df7887db6845a0c90aa78c60305977c3df93b3101601421bad [none]
[debug] [2026-06-23T03:56:33.073Z] >>> [apiv2][body] POST https://upload-firebasehosting.googleapis.com/upload/sites/abdominalgym-kudus-gym/versions/76351787d5059d4e/files/d38a16bc5580d7df7887db6845a0c90aa78c60305977c3df93b3101601421bad [stream]
[info] i  hosting: uploading new files [8/24] (33%) 
[info] i  hosting: uploading new files [8/24] (33%) 
[debug] [2026-06-23T03:56:36.020Z] [uploadQueue] Retrying task ecc3c87513dcea536cdfc96a69710e25e0554f435d90da4d92ed842e93702a40
[debug] [2026-06-23T03:56:36.021Z] Checked if tokens are valid: true, expires at: 1782188904082
[debug] [2026-06-23T03:56:36.022Z] Checked if tokens are valid: true, expires at: 1782188904082
[debug] [2026-06-23T03:56:36.022Z] >>> [apiv2][query] POST https://upload-firebasehosting.googleapis.com/upload/sites/abdominalgym-kudus-gym/versions/76351787d5059d4e/files/ecc3c87513dcea536cdfc96a69710e25e0554f435d90da4d92ed842e93702a40 [none]
[debug] [2026-06-23T03:56:36.022Z] >>> [apiv2][body] POST https://upload-firebasehosting.googleapis.com/upload/sites/abdominalgym-kudus-gym/versions/76351787d5059d4e/files/ecc3c87513dcea536cdfc96a69710e25e0554f435d90da4d92ed842e93702a40 [stream]
[info] i  hosting: uploading new files [8/24] (33%) 
[info] i  hosting: uploading new files [8/24] (33%) 
[debug] [2026-06-23T03:56:41.008Z] [uploadQueue] Retrying task b612ab29deea1a7a2209921a8f5188a77f996aa2088cdf89bfd0cd4b26d1f916
[debug] [2026-06-23T03:56:41.009Z] Checked if tokens are valid: true, expires at: 1782188904082
[debug] [2026-06-23T03:56:41.010Z] Checked if tokens are valid: true, expires at: 1782188904082
[debug] [2026-06-23T03:56:41.010Z] >>> [apiv2][query] POST https://upload-firebasehosting.googleapis.com/upload/sites/abdominalgym-kudus-gym/versions/76351787d5059d4e/files/b612ab29deea1a7a2209921a8f5188a77f996aa2088cdf89bfd0cd4b26d1f916 [none]
[debug] [2026-06-23T03:56:41.010Z] >>> [apiv2][body] POST https://upload-firebasehosting.googleapis.com/upload/sites/abdominalgym-kudus-gym/versions/76351787d5059d4e/files/b612ab29deea1a7a2209921a8f5188a77f996aa2088cdf89bfd0cd4b26d1f916 [stream]
[info] i  hosting: uploading new files [8/24] (33%) 
[debug] [2026-06-23T03:56:42.132Z] [uploadQueue] Retrying task 9475af5e39a5f5310b7c27336f849dd0a29802c52e7d1fa4ca467e3dc04a1769
[debug] [2026-06-23T03:56:42.133Z] Checked if tokens are valid: true, expires at: 1782188904082
[debug] [2026-06-23T03:56:42.133Z] Checked if tokens are valid: true, expires at: 1782188904082
[debug] [2026-06-23T03:56:42.133Z] >>> [apiv2][query] POST https://upload-firebasehosting.googleapis.com/upload/sites/abdominalgym-kudus-gym/versions/76351787d5059d4e/files/9475af5e39a5f5310b7c27336f849dd0a29802c52e7d1fa4ca467e3dc04a1769 [none]
[debug] [2026-06-23T03:56:42.133Z] >>> [apiv2][body] POST https://upload-firebasehosting.googleapis.com/upload/sites/abdominalgym-kudus-gym/versions/76351787d5059d4e/files/9475af5e39a5f5310b7c27336f849dd0a29802c52e7d1fa4ca467e3dc04a1769 [stream]
[info] i  hosting: uploading new files [8/24] (33%) 
[info] i  hosting: uploading new files [8/24] (33%) 
[info] i  hosting: uploading new files [8/24] (33%) 
[debug] [2026-06-23T03:56:49.076Z] [uploadQueue] Retrying task bac394ab350b24de85590acd9cf1fbac4faf771357b011905e11efdad0bd12df
[debug] [2026-06-23T03:56:49.077Z] Checked if tokens are valid: true, expires at: 1782188904082
[debug] [2026-06-23T03:56:49.077Z] Checked if tokens are valid: true, expires at: 1782188904082
[debug] [2026-06-23T03:56:49.077Z] >>> [apiv2][query] POST https://upload-firebasehosting.googleapis.com/upload/sites/abdominalgym-kudus-gym/versions/76351787d5059d4e/files/bac394ab350b24de85590acd9cf1fbac4faf771357b011905e11efdad0bd12df [none]
[debug] [2026-06-23T03:56:49.077Z] >>> [apiv2][body] POST https://upload-firebasehosting.googleapis.com/upload/sites/abdominalgym-kudus-gym/versions/76351787d5059d4e/files/bac394ab350b24de85590acd9cf1fbac4faf771357b011905e11efdad0bd12df [stream]
[info] i  hosting: uploading new files [8/24] (33%) 
[info] i  hosting: uploading new files [8/24] (33%) 
[info] i  hosting: uploading new files [8/24] (33%) 
[debug] [2026-06-23T03:56:54.113Z] [uploadQueue] Retrying task 06781417b22f9c1a46be600625c39d5192f67709c479929f013338dcc42bc32c
[debug] [2026-06-23T03:56:54.113Z] Checked if tokens are valid: true, expires at: 1782188904082
[debug] [2026-06-23T03:56:54.114Z] Checked if tokens are valid: true, expires at: 1782188904082
[debug] [2026-06-23T03:56:54.114Z] >>> [apiv2][query] POST https://upload-firebasehosting.googleapis.com/upload/sites/abdominalgym-kudus-gym/versions/76351787d5059d4e/files/06781417b22f9c1a46be600625c39d5192f67709c479929f013338dcc42bc32c [none]
[debug] [2026-06-23T03:56:54.114Z] >>> [apiv2][body] POST https://upload-firebasehosting.googleapis.com/upload/sites/abdominalgym-kudus-gym/versions/76351787d5059d4e/files/06781417b22f9c1a46be600625c39d5192f67709c479929f013338dcc42bc32c [stream]
[info] i  hosting: uploading new files [8/24] (33%) 
[info] i  hosting: uploading new files [8/24] (33%) 
[info] i  hosting: uploading new files [8/24] (33%) 
[info] i  hosting: uploading new files [8/24] (33%) 
[debug] [2026-06-23T03:57:02.632Z] [uploadQueue] Retrying task 42276209c0b88b4ae552be93d2a697fa81928d35d062ce26b33130209c1e1ff3
[debug] [2026-06-23T03:57:02.633Z] Checked if tokens are valid: true, expires at: 1782188904082
[debug] [2026-06-23T03:57:02.633Z] Checked if tokens are valid: true, expires at: 1782188904082
[debug] [2026-06-23T03:57:02.633Z] >>> [apiv2][query] POST https://upload-firebasehosting.googleapis.com/upload/sites/abdominalgym-kudus-gym/versions/76351787d5059d4e/files/42276209c0b88b4ae552be93d2a697fa81928d35d062ce26b33130209c1e1ff3 [none]
[debug] [2026-06-23T03:57:02.633Z] >>> [apiv2][body] POST https://upload-firebasehosting.googleapis.com/upload/sites/abdominalgym-kudus-gym/versions/76351787d5059d4e/files/42276209c0b88b4ae552be93d2a697fa81928d35d062ce26b33130209c1e1ff3 [stream]
[info] i  hosting: uploading new files [8/24] (33%) 
[debug] [2026-06-23T03:57:05.836Z] <<< [apiv2][status] POST https://upload-firebasehosting.googleapis.com/upload/sites/abdominalgym-kudus-gym/versions/76351787d5059d4e/files/5700d88a1fce790fe5fcbb5c390a23d7d03161ce8117e507472d4caf773ba14c 200
[debug] [2026-06-23T03:57:05.837Z] <<< [apiv2][body] POST https://upload-firebasehosting.googleapis.com/upload/sites/abdominalgym-kudus-gym/versions/76351787d5059d4e/files/5700d88a1fce790fe5fcbb5c390a23d7d03161ce8117e507472d4caf773ba14c [stream]
[info] i  hosting: uploading new files [9/24] (37%) 
[debug] [2026-06-23T03:57:07.116Z] <<< [apiv2][status] POST https://upload-firebasehosting.googleapis.com/upload/sites/abdominalgym-kudus-gym/versions/76351787d5059d4e/files/d38a16bc5580d7df7887db6845a0c90aa78c60305977c3df93b3101601421bad 200
[debug] [2026-06-23T03:57:07.116Z] <<< [apiv2][body] POST https://upload-firebasehosting.googleapis.com/upload/sites/abdominalgym-kudus-gym/versions/76351787d5059d4e/files/d38a16bc5580d7df7887db6845a0c90aa78c60305977c3df93b3101601421bad [stream]
[info] i  hosting: uploading new files [10/24] (41%) 
[debug] [2026-06-23T03:57:08.827Z] [uploadQueue] Retrying task 79d793e4d22a374810db05418b5135b1e4047959add669a7e2ef05bbd483c810
[debug] [2026-06-23T03:57:08.827Z] Checked if tokens are valid: true, expires at: 1782188904082
[debug] [2026-06-23T03:57:08.828Z] Checked if tokens are valid: true, expires at: 1782188904082
[debug] [2026-06-23T03:57:08.828Z] >>> [apiv2][query] POST https://upload-firebasehosting.googleapis.com/upload/sites/abdominalgym-kudus-gym/versions/76351787d5059d4e/files/79d793e4d22a374810db05418b5135b1e4047959add669a7e2ef05bbd483c810 [none]
[debug] [2026-06-23T03:57:08.828Z] >>> [apiv2][body] POST https://upload-firebasehosting.googleapis.com/upload/sites/abdominalgym-kudus-gym/versions/76351787d5059d4e/files/79d793e4d22a374810db05418b5135b1e4047959add669a7e2ef05bbd483c810 [stream]
[info] i  hosting: uploading new files [10/24] (41%) 
[info] i  hosting: uploading new files [10/24] (41%) 
[info] i  hosting: uploading new files [10/24] (41%) 
[info] i  hosting: uploading new files [10/24] (41%) 
[info] i  hosting: uploading new files [10/24] (41%) 
[debug] [2026-06-23T03:57:19.212Z] [uploadQueue] Retrying task 8851292990bca1067429631a38294fa4f77cba19b1b620811a90d7d8d69020eb
[debug] [2026-06-23T03:57:19.213Z] Checked if tokens are valid: true, expires at: 1782188904082
[debug] [2026-06-23T03:57:19.213Z] Checked if tokens are valid: true, expires at: 1782188904082
[debug] [2026-06-23T03:57:19.213Z] >>> [apiv2][query] POST https://upload-firebasehosting.googleapis.com/upload/sites/abdominalgym-kudus-gym/versions/76351787d5059d4e/files/8851292990bca1067429631a38294fa4f77cba19b1b620811a90d7d8d69020eb [none]
[debug] [2026-06-23T03:57:19.213Z] >>> [apiv2][body] POST https://upload-firebasehosting.googleapis.com/upload/sites/abdominalgym-kudus-gym/versions/76351787d5059d4e/files/8851292990bca1067429631a38294fa4f77cba19b1b620811a90d7d8d69020eb [stream]
[info] i  hosting: uploading new files [10/24] (41%) 
[info] i  hosting: uploading new files [10/24] (41%) 
[debug] [2026-06-23T03:57:24.092Z] <<< [apiv2][status] POST https://upload-firebasehosting.googleapis.com/upload/sites/abdominalgym-kudus-gym/versions/76351787d5059d4e/files/5eaad130f6219787be437a0443caa1a69d0873455741f08608950f4b580b389d 200
[debug] [2026-06-23T03:57:24.092Z] <<< [apiv2][body] POST https://upload-firebasehosting.googleapis.com/upload/sites/abdominalgym-kudus-gym/versions/76351787d5059d4e/files/5eaad130f6219787be437a0443caa1a69d0873455741f08608950f4b580b389d [stream]
[info] i  hosting: uploading new files [11/24] (45%) 
[info] i  hosting: uploading new files [11/24] (45%) 
[info] i  hosting: uploading new files [11/24] (45%) 
[debug] [2026-06-23T03:57:30.146Z] <<< [apiv2][status] POST https://upload-firebasehosting.googleapis.com/upload/sites/abdominalgym-kudus-gym/versions/76351787d5059d4e/files/9475af5e39a5f5310b7c27336f849dd0a29802c52e7d1fa4ca467e3dc04a1769 200
[debug] [2026-06-23T03:57:30.147Z] <<< [apiv2][body] POST https://upload-firebasehosting.googleapis.com/upload/sites/abdominalgym-kudus-gym/versions/76351787d5059d4e/files/9475af5e39a5f5310b7c27336f849dd0a29802c52e7d1fa4ca467e3dc04a1769 [stream]
[info] i  hosting: uploading new files [12/24] (50%) 
[debug] [2026-06-23T03:57:31.692Z] [uploadQueue] Retrying task ec5f6992264357f3f447072228c0a1e8e93eae7701e7c80a2e2f80fd4e9308b9
[debug] [2026-06-23T03:57:31.693Z] Checked if tokens are valid: true, expires at: 1782188904082
[debug] [2026-06-23T03:57:31.693Z] Checked if tokens are valid: true, expires at: 1782188904082
[debug] [2026-06-23T03:57:31.693Z] >>> [apiv2][query] POST https://upload-firebasehosting.googleapis.com/upload/sites/abdominalgym-kudus-gym/versions/76351787d5059d4e/files/ec5f6992264357f3f447072228c0a1e8e93eae7701e7c80a2e2f80fd4e9308b9 [none]
[debug] [2026-06-23T03:57:31.693Z] >>> [apiv2][body] POST https://upload-firebasehosting.googleapis.com/upload/sites/abdominalgym-kudus-gym/versions/76351787d5059d4e/files/ec5f6992264357f3f447072228c0a1e8e93eae7701e7c80a2e2f80fd4e9308b9 [stream]
[info] i  hosting: uploading new files [12/24] (50%) 
[info] i  hosting: uploading new files [12/24] (50%) 
[debug] [2026-06-23T03:57:34.503Z] <<< [apiv2][status] POST https://upload-firebasehosting.googleapis.com/upload/sites/abdominalgym-kudus-gym/versions/76351787d5059d4e/files/98f96eca8a691ebb1da749e9ad88dcae4b387737b8520a3e2f733443ab962109 200
[debug] [2026-06-23T03:57:34.504Z] <<< [apiv2][body] POST https://upload-firebasehosting.googleapis.com/upload/sites/abdominalgym-kudus-gym/versions/76351787d5059d4e/files/98f96eca8a691ebb1da749e9ad88dcae4b387737b8520a3e2f733443ab962109 [stream]
[info] i  hosting: uploading new files [13/24] (54%) 
[debug] [2026-06-23T03:57:36.399Z] <<< [apiv2][status] POST https://upload-firebasehosting.googleapis.com/upload/sites/abdominalgym-kudus-gym/versions/76351787d5059d4e/files/a05e499a6e05f130ec3a57578dcadb99afdb5cd827eb71a701539e553d0591eb 200
[debug] [2026-06-23T03:57:36.399Z] <<< [apiv2][body] POST https://upload-firebasehosting.googleapis.com/upload/sites/abdominalgym-kudus-gym/versions/76351787d5059d4e/files/a05e499a6e05f130ec3a57578dcadb99afdb5cd827eb71a701539e553d0591eb [stream]
[info] i  hosting: uploading new files [14/24] (58%) 
[info] i  hosting: uploading new files [14/24] (58%) 
[info] i  hosting: uploading new files [14/24] (58%) 
[debug] [2026-06-23T03:57:43.049Z] [uploadQueue] Retrying task 6affdc28c9ad14f56505c34b9e1d52481fd30a9062674b162ba748e1bfa6cbac
[debug] [2026-06-23T03:57:43.049Z] Checked if tokens are valid: true, expires at: 1782188904082
[debug] [2026-06-23T03:57:43.050Z] Checked if tokens are valid: true, expires at: 1782188904082
[debug] [2026-06-23T03:57:43.050Z] >>> [apiv2][query] POST https://upload-firebasehosting.googleapis.com/upload/sites/abdominalgym-kudus-gym/versions/76351787d5059d4e/files/6affdc28c9ad14f56505c34b9e1d52481fd30a9062674b162ba748e1bfa6cbac [none]
[debug] [2026-06-23T03:57:43.050Z] >>> [apiv2][body] POST https://upload-firebasehosting.googleapis.com/upload/sites/abdominalgym-kudus-gym/versions/76351787d5059d4e/files/6affdc28c9ad14f56505c34b9e1d52481fd30a9062674b162ba748e1bfa6cbac [stream]
[debug] [2026-06-23T03:57:43.643Z] <<< [apiv2][status] POST https://upload-firebasehosting.googleapis.com/upload/sites/abdominalgym-kudus-gym/versions/76351787d5059d4e/files/284a56e45c38a4b5a993231a454082668783703d121128d1e7dc44314f04f818 200
[debug] [2026-06-23T03:57:43.643Z] <<< [apiv2][body] POST https://upload-firebasehosting.googleapis.com/upload/sites/abdominalgym-kudus-gym/versions/76351787d5059d4e/files/284a56e45c38a4b5a993231a454082668783703d121128d1e7dc44314f04f818 [stream]
[info] i  hosting: uploading new files [15/24] (62%) 
[info] i  hosting: uploading new files [15/24] (62%) 
[debug] [2026-06-23T03:57:46.285Z] <<< [apiv2][status] POST https://upload-firebasehosting.googleapis.com/upload/sites/abdominalgym-kudus-gym/versions/76351787d5059d4e/files/06781417b22f9c1a46be600625c39d5192f67709c479929f013338dcc42bc32c 200
[debug] [2026-06-23T03:57:46.285Z] <<< [apiv2][body] POST https://upload-firebasehosting.googleapis.com/upload/sites/abdominalgym-kudus-gym/versions/76351787d5059d4e/files/06781417b22f9c1a46be600625c39d5192f67709c479929f013338dcc42bc32c [stream]
[info] i  hosting: uploading new files [16/24] (66%) 
[info] i  hosting: uploading new files [16/24] (66%) 
[debug] [2026-06-23T03:57:51.637Z] [uploadQueue] Retrying task b612ab29deea1a7a2209921a8f5188a77f996aa2088cdf89bfd0cd4b26d1f916
[debug] [2026-06-23T03:57:51.638Z] Checked if tokens are valid: true, expires at: 1782188904082
[debug] [2026-06-23T03:57:51.638Z] Checked if tokens are valid: true, expires at: 1782188904082
[debug] [2026-06-23T03:57:51.638Z] >>> [apiv2][query] POST https://upload-firebasehosting.googleapis.com/upload/sites/abdominalgym-kudus-gym/versions/76351787d5059d4e/files/b612ab29deea1a7a2209921a8f5188a77f996aa2088cdf89bfd0cd4b26d1f916 [none]
[debug] [2026-06-23T03:57:51.638Z] >>> [apiv2][body] POST https://upload-firebasehosting.googleapis.com/upload/sites/abdominalgym-kudus-gym/versions/76351787d5059d4e/files/b612ab29deea1a7a2209921a8f5188a77f996aa2088cdf89bfd0cd4b26d1f916 [stream]
[info] i  hosting: uploading new files [16/24] (66%) 
[debug] [2026-06-23T03:57:52.957Z] <<< [apiv2][status] POST https://upload-firebasehosting.googleapis.com/upload/sites/abdominalgym-kudus-gym/versions/76351787d5059d4e/files/bac394ab350b24de85590acd9cf1fbac4faf771357b011905e11efdad0bd12df 200
[debug] [2026-06-23T03:57:52.957Z] <<< [apiv2][body] POST https://upload-firebasehosting.googleapis.com/upload/sites/abdominalgym-kudus-gym/versions/76351787d5059d4e/files/bac394ab350b24de85590acd9cf1fbac4faf771357b011905e11efdad0bd12df [stream]
[info] i  hosting: uploading new files [17/24] (70%) 
[info] i  hosting: uploading new files [17/24] (70%) 
[info] i  hosting: uploading new files [17/24] (70%) 
[info] i  hosting: uploading new files [17/24] (70%) 
[debug] [2026-06-23T03:58:01.574Z] <<< [apiv2][status] POST https://upload-firebasehosting.googleapis.com/upload/sites/abdominalgym-kudus-gym/versions/76351787d5059d4e/files/79d793e4d22a374810db05418b5135b1e4047959add669a7e2ef05bbd483c810 200
[debug] [2026-06-23T03:58:01.574Z] <<< [apiv2][body] POST https://upload-firebasehosting.googleapis.com/upload/sites/abdominalgym-kudus-gym/versions/76351787d5059d4e/files/79d793e4d22a374810db05418b5135b1e4047959add669a7e2ef05bbd483c810 [stream]
[info] i  hosting: uploading new files [18/24] (75%) 
[debug] [2026-06-23T03:58:03.472Z] <<< [apiv2][status] POST https://upload-firebasehosting.googleapis.com/upload/sites/abdominalgym-kudus-gym/versions/76351787d5059d4e/files/42276209c0b88b4ae552be93d2a697fa81928d35d062ce26b33130209c1e1ff3 200
[debug] [2026-06-23T03:58:03.472Z] <<< [apiv2][body] POST https://upload-firebasehosting.googleapis.com/upload/sites/abdominalgym-kudus-gym/versions/76351787d5059d4e/files/42276209c0b88b4ae552be93d2a697fa81928d35d062ce26b33130209c1e1ff3 [stream]
[debug] [2026-06-23T03:58:04.275Z] [uploadQueue] Retrying task ecc3c87513dcea536cdfc96a69710e25e0554f435d90da4d92ed842e93702a40
[debug] [2026-06-23T03:58:04.276Z] Checked if tokens are valid: true, expires at: 1782188904082
[debug] [2026-06-23T03:58:04.276Z] Checked if tokens are valid: true, expires at: 1782188904082
[debug] [2026-06-23T03:58:04.276Z] >>> [apiv2][query] POST https://upload-firebasehosting.googleapis.com/upload/sites/abdominalgym-kudus-gym/versions/76351787d5059d4e/files/ecc3c87513dcea536cdfc96a69710e25e0554f435d90da4d92ed842e93702a40 [none]
[debug] [2026-06-23T03:58:04.276Z] >>> [apiv2][body] POST https://upload-firebasehosting.googleapis.com/upload/sites/abdominalgym-kudus-gym/versions/76351787d5059d4e/files/ecc3c87513dcea536cdfc96a69710e25e0554f435d90da4d92ed842e93702a40 [stream]
[info] i  hosting: uploading new files [19/24] (79%) 
[info] i  hosting: uploading new files [19/24] (79%) 
[info] i  hosting: uploading new files [19/24] (79%) 
[info] i  hosting: uploading new files [19/24] (79%) 
[info] i  hosting: uploading new files [19/24] (79%) 
[info] i  hosting: uploading new files [19/24] (79%) 
[debug] [2026-06-23T03:58:14.823Z] <<< [apiv2][status] POST https://upload-firebasehosting.googleapis.com/upload/sites/abdominalgym-kudus-gym/versions/76351787d5059d4e/files/ec5f6992264357f3f447072228c0a1e8e93eae7701e7c80a2e2f80fd4e9308b9 200
[debug] [2026-06-23T03:58:14.823Z] <<< [apiv2][body] POST https://upload-firebasehosting.googleapis.com/upload/sites/abdominalgym-kudus-gym/versions/76351787d5059d4e/files/ec5f6992264357f3f447072228c0a1e8e93eae7701e7c80a2e2f80fd4e9308b9 [stream]
[debug] [2026-06-23T03:58:15.296Z] <<< [apiv2][status] POST https://upload-firebasehosting.googleapis.com/upload/sites/abdominalgym-kudus-gym/versions/76351787d5059d4e/files/6affdc28c9ad14f56505c34b9e1d52481fd30a9062674b162ba748e1bfa6cbac 200
[debug] [2026-06-23T03:58:15.296Z] <<< [apiv2][body] POST https://upload-firebasehosting.googleapis.com/upload/sites/abdominalgym-kudus-gym/versions/76351787d5059d4e/files/6affdc28c9ad14f56505c34b9e1d52481fd30a9062674b162ba748e1bfa6cbac [stream]
[info] i  hosting: uploading new files [21/24] (87%) 
[debug] [2026-06-23T03:58:16.817Z] <<< [apiv2][status] POST https://upload-firebasehosting.googleapis.com/upload/sites/abdominalgym-kudus-gym/versions/76351787d5059d4e/files/8851292990bca1067429631a38294fa4f77cba19b1b620811a90d7d8d69020eb 200
[debug] [2026-06-23T03:58:16.818Z] <<< [apiv2][body] POST https://upload-firebasehosting.googleapis.com/upload/sites/abdominalgym-kudus-gym/versions/76351787d5059d4e/files/8851292990bca1067429631a38294fa4f77cba19b1b620811a90d7d8d69020eb [stream]
[info] i  hosting: uploading new files [22/24] (91%) 
[debug] [2026-06-23T03:58:19.298Z] <<< [apiv2][status] POST https://upload-firebasehosting.googleapis.com/upload/sites/abdominalgym-kudus-gym/versions/76351787d5059d4e/files/b612ab29deea1a7a2209921a8f5188a77f996aa2088cdf89bfd0cd4b26d1f916 200
[debug] [2026-06-23T03:58:19.299Z] <<< [apiv2][body] POST https://upload-firebasehosting.googleapis.com/upload/sites/abdominalgym-kudus-gym/versions/76351787d5059d4e/files/b612ab29deea1a7a2209921a8f5188a77f996aa2088cdf89bfd0cd4b26d1f916 [stream]
[info] i  hosting: uploading new files [23/24] (95%) 
[debug] [2026-06-23T03:58:21.932Z] <<< [apiv2][status] POST https://upload-firebasehosting.googleapis.com/upload/sites/abdominalgym-kudus-gym/versions/76351787d5059d4e/files/ecc3c87513dcea536cdfc96a69710e25e0554f435d90da4d92ed842e93702a40 200
[debug] [2026-06-23T03:58:21.933Z] <<< [apiv2][body] POST https://upload-firebasehosting.googleapis.com/upload/sites/abdominalgym-kudus-gym/versions/76351787d5059d4e/files/ecc3c87513dcea536cdfc96a69710e25e0554f435d90da4d92ed842e93702a40 [stream]
[debug] [2026-06-23T03:58:21.933Z] [hosting][upload queue][FINAL] {"max":86246,"min":17658,"avg":52347.75,"active":0,"complete":24,"success":24,"errored":0,"retried":82,"total":24,"elapsed":363894}
[info] i  hosting: upload complete 
[info] +  hosting[abdominalgym-kudus-gym]: file upload complete 
[debug] [2026-06-23T03:58:21.945Z] [hosting] deploy completed after 364900ms
[debug] [2026-06-23T03:58:21.945Z] [
  {
    "config": {
      "target": "main",
      "public": "dist",
      "ignore": [
        "firebase.json",
        "**/.*",
        "**/node_modules/**"
      ],
      "rewrites": [
        {
          "source": "**",
          "destination": "/index.html"
        }
      ],
      "site": "abdominalgym-kudus-gym"
    },
    "version": "projects/776059583001/sites/abdominalgym-kudus-gym/versions/76351787d5059d4e"
  }
]
[info] i  hosting[abdominalgym-kudus-gym]: finalizing version... 
[debug] [2026-06-23T03:58:21.948Z] Checked if tokens are valid: true, expires at: 1782188904082
[debug] [2026-06-23T03:58:21.948Z] Checked if tokens are valid: true, expires at: 1782188904082
[debug] [2026-06-23T03:58:21.950Z] >>> [apiv2][query] PATCH https://firebasehosting.googleapis.com/v1beta1/projects/-/sites/abdominalgym-kudus-gym/versions/76351787d5059d4e updateMask=status%2Cconfig
[debug] [2026-06-23T03:58:21.950Z] >>> [apiv2][body] PATCH https://firebasehosting.googleapis.com/v1beta1/projects/-/sites/abdominalgym-kudus-gym/versions/76351787d5059d4e {"status":"FINALIZED","config":{"rewrites":[{"glob":"**","path":"/index.html"}]}}
[debug] [2026-06-23T03:58:23.127Z] <<< [apiv2][status] PATCH https://firebasehosting.googleapis.com/v1beta1/projects/-/sites/abdominalgym-kudus-gym/versions/76351787d5059d4e 200
[debug] [2026-06-23T03:58:23.128Z] <<< [apiv2][body] PATCH https://firebasehosting.googleapis.com/v1beta1/projects/-/sites/abdominalgym-kudus-gym/versions/76351787d5059d4e {"name":"projects/776059583001/sites/abdominalgym-kudus-gym/versions/76351787d5059d4e","status":"FINALIZED","config":{"rewrites":[{"glob":"**","path":"/index.html"}]},"labels":{"deployment-tool":"cli-firebase"},"createTime":"2026-06-23T03:52:17.065452Z","createUser":{"email":"birgitacleosa2410@gmail.com"},"finalizeTime":"2026-06-23T03:58:23.669412Z","finalizeUser":{"email":"birgitacleosa2410@gmail.com"}}
[debug] [2026-06-23T03:58:23.128Z] [hosting] finalized version for abdominalgym-kudus-gym:[object Object]
[info] +  hosting[abdominalgym-kudus-gym]: version finalized 
[info] i  hosting[abdominalgym-kudus-gym]: releasing new version... 
[debug] [2026-06-23T03:58:23.128Z] Checked if tokens are valid: true, expires at: 1782188904082
[debug] [2026-06-23T03:58:23.128Z] Checked if tokens are valid: true, expires at: 1782188904082
[debug] [2026-06-23T03:58:23.128Z] >>> [apiv2][query] POST https://firebasehosting.googleapis.com/v1beta1/projects/-/sites/abdominalgym-kudus-gym/channels/live/releases versionName=projects%2F776059583001%2Fsites%2Fabdominalgym-kudus-gym%2Fversions%2F76351787d5059d4e
[debug] [2026-06-23T03:58:23.128Z] >>> [apiv2][body] POST https://firebasehosting.googleapis.com/v1beta1/projects/-/sites/abdominalgym-kudus-gym/channels/live/releases {}
[debug] [2026-06-23T03:58:23.882Z] <<< [apiv2][status] POST https://firebasehosting.googleapis.com/v1beta1/projects/-/sites/abdominalgym-kudus-gym/channels/live/releases 200
[debug] [2026-06-23T04:29:27.499Z] ----------------------------------------------------------------------
[debug] [2026-06-23T04:29:27.515Z] Command:       C:\Program Files\nodejs\node.exe C:\Users\OSA\AppData\Roaming\npm\node_modules\firebase-tools\lib\bin\firebase.js deploy --only hosting --debug
[debug] [2026-06-23T04:29:27.516Z] CLI Version:   15.22.1
[debug] [2026-06-23T04:29:27.516Z] Platform:      win32
[debug] [2026-06-23T04:29:27.516Z] Node Version:  v24.14.0
[debug] [2026-06-23T04:29:27.516Z] Detected Agent: unknown
[debug] [2026-06-23T04:29:27.516Z] Time:          Tue Jun 23 2026 11:29:27 GMT+0700 (Western Indonesia Time)
[debug] [2026-06-23T04:29:27.516Z] ----------------------------------------------------------------------
[debug] 
[debug] [2026-06-23T04:29:33.432Z] > command requires scopes: ["email","openid","https://www.googleapis.com/auth/cloudplatformprojects.readonly","https://www.googleapis.com/auth/firebase","https://www.googleapis.com/auth/cloud-platform"]
[debug] [2026-06-23T04:29:33.436Z] > authorizing via signed-in user (birgitacleosa2410@gmail.com)
[debug] [2026-06-23T04:29:33.437Z] [iam] checking project abdominalgym-ec32f for permissions ["firebase.projects.get","firebasehosting.sites.update"]
[debug] [2026-06-23T04:29:33.440Z] Checked if tokens are valid: false, expires at: 1782188904082
[debug] [2026-06-23T04:29:33.441Z] Checked if tokens are valid: false, expires at: 1782188904082
[debug] [2026-06-23T04:29:33.441Z] > refreshing access token with scopes: []
[debug] [2026-06-23T04:29:33.450Z] >>> [apiv2][query] POST https://www.googleapis.com/oauth2/v3/token [none]
[debug] [2026-06-23T04:29:33.451Z] >>> [apiv2][body] POST https://www.googleapis.com/oauth2/v3/token [omitted]
[debug] [2026-06-23T04:29:33.847Z] <<< [apiv2][status] POST https://www.googleapis.com/oauth2/v3/token 200
[debug] [2026-06-23T04:29:33.848Z] <<< [apiv2][body] POST https://www.googleapis.com/oauth2/v3/token [omitted]
[debug] [2026-06-23T04:29:33.870Z] >>> [apiv2][query] POST https://cloudresourcemanager.googleapis.com/v1/projects/abdominalgym-ec32f:testIamPermissions [none]
[debug] [2026-06-23T04:29:33.871Z] >>> [apiv2][(partial)header] POST https://cloudresourcemanager.googleapis.com/v1/projects/abdominalgym-ec32f:testIamPermissions  x-goog-user-project=abdominalgym-ec32f
[debug] [2026-06-23T04:29:33.871Z] >>> [apiv2][body] POST https://cloudresourcemanager.googleapis.com/v1/projects/abdominalgym-ec32f:testIamPermissions {"permissions":["firebase.projects.get","firebasehosting.sites.update"]}
[debug] [2026-06-23T04:29:34.227Z] <<< [apiv2][status] POST https://cloudresourcemanager.googleapis.com/v1/projects/abdominalgym-ec32f:testIamPermissions 200
[debug] [2026-06-23T04:29:34.227Z] <<< [apiv2][body] POST https://cloudresourcemanager.googleapis.com/v1/projects/abdominalgym-ec32f:testIamPermissions {"permissions":["firebase.projects.get","firebasehosting.sites.update"]}
[debug] [2026-06-23T04:29:34.228Z] Checked if tokens are valid: true, expires at: 1782192572848
[debug] [2026-06-23T04:29:34.229Z] Checked if tokens are valid: true, expires at: 1782192572848
[debug] [2026-06-23T04:29:34.229Z] >>> [apiv2][query] GET https://firebase.googleapis.com/v1beta1/projects/abdominalgym-ec32f [none]
[debug] [2026-06-23T04:29:34.895Z] <<< [apiv2][status] GET https://firebase.googleapis.com/v1beta1/projects/abdominalgym-ec32f 200
[debug] [2026-06-23T04:29:34.895Z] <<< [apiv2][body] GET https://firebase.googleapis.com/v1beta1/projects/abdominalgym-ec32f {"projectId":"abdominalgym-ec32f","projectNumber":"776059583001","displayName":"abdominalgym","name":"projects/abdominalgym-ec32f","resources":{"hostingSite":"abdominalgym-ec32f"},"state":"ACTIVE","etag":"1_d6734deb-f7fc-488c-bba3-0671f06e31e3"}
[info] 
[info] === Deploying to 'abdominalgym-ec32f'...
[info] 
[info] i  deploying hosting 
[debug] [2026-06-23T04:29:34.906Z] Checked if tokens are valid: true, expires at: 1782192572848
[debug] [2026-06-23T04:29:34.906Z] Checked if tokens are valid: true, expires at: 1782192572848
[debug] [2026-06-23T04:29:34.908Z] >>> [apiv2][query] GET https://firebasehosting.googleapis.com/v1beta1/projects/abdominalgym-ec32f/sites/abdominalgym-kudus-gym [none]
[debug] [2026-06-23T04:29:36.110Z] <<< [apiv2][status] GET https://firebasehosting.googleapis.com/v1beta1/projects/abdominalgym-ec32f/sites/abdominalgym-kudus-gym 200
[debug] [2026-06-23T04:29:36.111Z] <<< [apiv2][body] GET https://firebasehosting.googleapis.com/v1beta1/projects/abdominalgym-ec32f/sites/abdominalgym-kudus-gym {"name":"projects/abdominalgym-ec32f/sites/abdominalgym-kudus-gym","defaultUrl":"https://abdominalgym-kudus-gym.web.app","type":"USER_SITE"}
[debug] [2026-06-23T04:29:36.113Z] Checked if tokens are valid: true, expires at: 1782192572848
[debug] [2026-06-23T04:29:36.113Z] Checked if tokens are valid: true, expires at: 1782192572848
[debug] [2026-06-23T04:29:36.114Z] >>> [apiv2][query] POST https://firebasehosting.googleapis.com/v1beta1/projects/-/sites/abdominalgym-kudus-gym/versions [none]
[debug] [2026-06-23T04:29:36.114Z] >>> [apiv2][body] POST https://firebasehosting.googleapis.com/v1beta1/projects/-/sites/abdominalgym-kudus-gym/versions {"status":"CREATED","labels":{"deployment-tool":"cli-firebase"}}
[debug] [2026-06-23T04:29:37.275Z] <<< [apiv2][status] POST https://firebasehosting.googleapis.com/v1beta1/projects/-/sites/abdominalgym-kudus-gym/versions 200
[debug] [2026-06-23T04:29:37.275Z] <<< [apiv2][body] POST https://firebasehosting.googleapis.com/v1beta1/projects/-/sites/abdominalgym-kudus-gym/versions {"name":"projects/776059583001/sites/abdominalgym-kudus-gym/versions/f42eba628b1af74e","status":"CREATED","config":{},"labels":{"deployment-tool":"cli-firebase"}}
[info] i  hosting[abdominalgym-kudus-gym]: beginning deploy... 
[info] i  hosting[abdominalgym-kudus-gym]: found 32 files in dist 
[debug] [2026-06-23T04:29:37.313Z] [hosting] uploading with 200 concurrency
[debug] [2026-06-23T04:29:37.395Z] Checked if tokens are valid: true, expires at: 1782192572848
[debug] [2026-06-23T04:29:37.396Z] Checked if tokens are valid: true, expires at: 1782192572848
[debug] [2026-06-23T04:29:37.399Z] [hosting] hash cache [ZGlzdA] stored for 32 files
[debug] [2026-06-23T04:29:37.399Z] [hosting][hash queue][FINAL] {"max":68,"min":1,"avg":3.71875,"active":0,"complete":32,"success":32,"errored":0,"retried":0,"total":32,"elapsed":81}
[debug] [2026-06-23T04:29:37.400Z] >>> [apiv2][query] POST https://firebasehosting.googleapis.com/v1beta1/projects/776059583001/sites/abdominalgym-kudus-gym/versions/f42eba628b1af74e:populateFiles [none]
[debug] [2026-06-23T04:29:37.400Z] >>> [apiv2][body] POST https://firebasehosting.googleapis.com/v1beta1/projects/776059583001/sites/abdominalgym-kudus-gym/versions/f42eba628b1af74e:populateFiles {"files":{"/qris.jpg":"631ea99257965aed43bd85914e120f9c5555d10abdfc6737df92882af809f42c","/logogym.png":"c85c19c20d90280b4475e44bd02e10280c1de4bc1c07c0867921d7a60569d397","/gym7.jpg":"42276209c0b88b4ae552be93d2a697fa81928d35d062ce26b33130209c1e1ff3","/gym6.jpg":"fcb810e97de55afb76eefa4cde7b03d09ac68a688c78f7f84dd49da977609e48","/gym5.jpg":"7067416c934cc31e25a462a6e57e34672bc93ca3f99b52ab116b6af738ae0b37","/gym4.jpg":"a30210f988be80c1ce0d06b77cc5876681b55504140e8264b71ff8ba23650ca6","/gym3.jpg":"cd823841744c5237a745c9ef4bb848f33b5acfe4538e8b586f75bd3303c87378","/gym2.jpg":"341c109aa895156b791bb8201cce1459ec7af82a87a8827104c5471846b98b07","/gym1.jpg":"6576d8e3165cb75b7e188dcab075e61c32016ab24c437d91b161a76b47cb0885","/gym.png":"5700d88a1fce790fe5fcbb5c390a23d7d03161ce8117e507472d4caf773ba14c","/gallery/lt3-5.jpg":"9475af5e39a5f5310b7c27336f849dd0a29802c52e7d1fa4ca467e3dc04a1769","/gallery/lt3-4.jpg":"5eaad130f6219787be437a0443caa1a69d0873455741f08608950f4b580b389d","/gallery/lt3-3.jpg":"ecc3c87513dcea536cdfc96a69710e25e0554f435d90da4d92ed842e93702a40","/gallery/lt3-2.jpg":"3411da01c4b5dcd8d9de3b4847a8f7c1faff3fac7226bd57ca64fd92f7226390","/gallery/lt3-1.jpg":"8851292990bca1067429631a38294fa4f77cba19b1b620811a90d7d8d69020eb","/gallery/lt2-9.jpg":"6affdc28c9ad14f56505c34b9e1d52481fd30a9062674b162ba748e1bfa6cbac","/gallery/lt2-8.jpg":"a05e499a6e05f130ec3a57578dcadb99afdb5cd827eb71a701539e553d0591eb","/gallery/lt2-7.jpg":"284a56e45c38a4b5a993231a454082668783703d121128d1e7dc44314f04f818","/gallery/lt2-6.jpg":"3995d0884196221bd0378ca3e230c1047b7ea1fe101b20af8e310ab5a1635db6","/gallery/lt2-5.jpg":"9d9f5273d5be74ecbf10dd7baacf972b3e7979bb55626b00552d141bec1dfb49","/gallery/lt2-4.jpg":"06781417b22f9c1a46be600625c39d5192f67709c479929f013338dcc42bc32c","/gallery/lt2-3.jpg":"98f96eca8a691ebb1da749e9ad88dcae4b387737b8520a3e2f733443ab962109","/gallery/lt2-2.jpg":"79d793e4d22a374810db05418b5135b1e4047959add669a7e2ef05bbd483c810","/gallery/lt2-1.jpg":"ec5f6992264357f3f447072228c0a1e8e93eae7701e7c80a2e2f80fd4e9308b9","/gallery/lt1-5.jpg":"d38a16bc5580d7df7887db6845a0c90aa78c60305977c3df93b3101601421bad","/gallery/lt1-4.jpg":"bac394ab350b24de85590acd9cf1fbac4faf771357b011905e11efdad0bd12df","/gallery/lt1-3.jpg":"4e0760e627ea2688ba45eef7069d55118092d553d1dff2e241b8d1f98d3286d7","/gallery/lt1-2.jpg":"b612ab29deea1a7a2209921a8f5188a77f996aa2088cdf89bfd0cd4b26d1f916","/gallery/lt1-1.jpg":"d5a5098a897f5e5ee6a3d98b20c4d2e82f762a3d8cca902ba5a52bc912ed611c","/assets/index-BaIFvRX-.css":"f614af7fc281e46f695299dfcae6aa5fe58fedbd9635288b39c7b0679321009e","/index.html":"0d99180d0b4d38e15b7ffe555bd55c1cf468a9053bfbf37954270fe35c4a6497","/assets/index-DkJof3id.js":"14886564b7ee46cb5c916855f5e37177c346f06d62fe925d61e25593e4df2d83"}}
[debug] [2026-06-23T04:29:38.206Z] <<< [apiv2][status] POST https://firebasehosting.googleapis.com/v1beta1/projects/776059583001/sites/abdominalgym-kudus-gym/versions/f42eba628b1af74e:populateFiles 200
[debug] [2026-06-23T04:29:38.206Z] <<< [apiv2][body] POST https://firebasehosting.googleapis.com/v1beta1/projects/776059583001/sites/abdominalgym-kudus-gym/versions/f42eba628b1af74e:populateFiles {"uploadUrl":"https://upload-firebasehosting.googleapis.com/upload/sites/abdominalgym-kudus-gym/versions/f42eba628b1af74e/files"}
[debug] [2026-06-23T04:29:38.207Z] [hosting][populate queue][FINAL] {"max":812,"min":812,"avg":812,"active":0,"complete":1,"success":1,"errored":0,"retried":0,"total":1,"elapsed":812}
[debug] [2026-06-23T04:29:38.207Z] [hosting] uploads queued: 0
[debug] [2026-06-23T04:29:38.208Z] [hosting][upload queue][FINAL] {"max":0,"min":9999999999,"avg":0,"active":0,"complete":0,"success":0,"errored":0,"retried":0,"total":0,"elapsed":1782188978208}
[info] i  hosting: upload complete 
[info] +  hosting[abdominalgym-kudus-gym]: file upload complete 
[debug] [2026-06-23T04:29:38.209Z] [hosting] deploy completed after 928ms
[debug] [2026-06-23T04:29:38.210Z] [
  {
    "config": {
      "target": "main",
      "public": "dist",
      "ignore": [
        "firebase.json",
        "**/.*",
        "**/node_modules/**"
      ],
      "rewrites": [
        {
          "source": "**",
          "destination": "/index.html"
        }
      ],
      "site": "abdominalgym-kudus-gym"
    },
    "version": "projects/776059583001/sites/abdominalgym-kudus-gym/versions/f42eba628b1af74e"
  }
]
[info] i  hosting[abdominalgym-kudus-gym]: finalizing version... 
[debug] [2026-06-23T04:29:38.212Z] Checked if tokens are valid: true, expires at: 1782192572848
[debug] [2026-06-23T04:29:38.212Z] Checked if tokens are valid: true, expires at: 1782192572848
[debug] [2026-06-23T04:29:38.213Z] >>> [apiv2][query] PATCH https://firebasehosting.googleapis.com/v1beta1/projects/-/sites/abdominalgym-kudus-gym/versions/f42eba628b1af74e updateMask=status%2Cconfig
[debug] [2026-06-23T04:29:38.213Z] >>> [apiv2][body] PATCH https://firebasehosting.googleapis.com/v1beta1/projects/-/sites/abdominalgym-kudus-gym/versions/f42eba628b1af74e {"status":"FINALIZED","config":{"rewrites":[{"glob":"**","path":"/index.html"}]}}
[debug] [2026-06-23T04:29:39.051Z] <<< [apiv2][status] PATCH https://firebasehosting.googleapis.com/v1beta1/projects/-/sites/abdominalgym-kudus-gym/versions/f42eba628b1af74e 200
[debug] [2026-06-23T04:29:39.052Z] <<< [apiv2][body] PATCH https://firebasehosting.googleapis.com/v1beta1/projects/-/sites/abdominalgym-kudus-gym/versions/f42eba628b1af74e {"name":"projects/776059583001/sites/abdominalgym-kudus-gym/versions/f42eba628b1af74e","status":"FINALIZED","config":{"rewrites":[{"glob":"**","path":"/index.html"}]},"labels":{"deployment-tool":"cli-firebase"},"createTime":"2026-06-23T04:29:37.268519Z","createUser":{"email":"birgitacleosa2410@gmail.com"},"finalizeTime":"2026-06-23T04:29:39.625654Z","finalizeUser":{"email":"birgitacleosa2410@gmail.com"}}
[debug] [2026-06-23T04:29:39.052Z] [hosting] finalized version for abdominalgym-kudus-gym:[object Object]
[info] +  hosting[abdominalgym-kudus-gym]: version finalized 
[info] i  hosting[abdominalgym-kudus-gym]: releasing new version... 
[debug] [2026-06-23T04:29:39.053Z] Checked if tokens are valid: true, expires at: 1782192572848
[debug] [2026-06-23T04:29:39.053Z] Checked if tokens are valid: true, expires at: 1782192572848
[debug] [2026-06-23T04:29:39.054Z] >>> [apiv2][query] POST https://firebasehosting.googleapis.com/v1beta1/projects/-/sites/abdominalgym-kudus-gym/channels/live/releases versionName=projects%2F776059583001%2Fsites%2Fabdominalgym-kudus-gym%2Fversions%2Ff42eba628b1af74e
[debug] [2026-06-23T04:29:39.054Z] >>> [apiv2][body] POST https://firebasehosting.googleapis.com/v1beta1/projects/-/sites/abdominalgym-kudus-gym/channels/live/releases {}
[debug] [2026-06-23T04:29:40.013Z] <<< [apiv2][status] POST https://firebasehosting.googleapis.com/v1beta1/projects/-/sites/abdominalgym-kudus-gym/channels/live/releases 200
[debug] [2026-06-23T06:20:04.883Z] ----------------------------------------------------------------------
[debug] [2026-06-23T06:20:04.885Z] Command:       C:\Program Files\nodejs\node.exe C:\Users\OSA\AppData\Roaming\npm\node_modules\firebase-tools\lib\bin\firebase.js deploy --only hosting --debug
[debug] [2026-06-23T06:20:04.885Z] CLI Version:   15.22.1
[debug] [2026-06-23T06:20:04.885Z] Platform:      win32
[debug] [2026-06-23T06:20:04.885Z] Node Version:  v24.14.0
[debug] [2026-06-23T06:20:04.885Z] Detected Agent: unknown
[debug] [2026-06-23T06:20:04.885Z] Time:          Tue Jun 23 2026 13:20:04 GMT+0700 (Western Indonesia Time)
[debug] [2026-06-23T06:20:04.885Z] ----------------------------------------------------------------------
[debug] 
[debug] [2026-06-23T06:20:07.678Z] > command requires scopes: ["email","openid","https://www.googleapis.com/auth/cloudplatformprojects.readonly","https://www.googleapis.com/auth/firebase","https://www.googleapis.com/auth/cloud-platform"]
[debug] [2026-06-23T06:20:07.679Z] > authorizing via signed-in user (birgitacleosa2410@gmail.com)
[debug] [2026-06-23T06:20:07.679Z] [iam] checking project abdominalgym-ec32f for permissions ["firebase.projects.get","firebasehosting.sites.update"]
[debug] [2026-06-23T06:20:07.680Z] Checked if tokens are valid: false, expires at: 1782192572848
[debug] [2026-06-23T06:20:07.681Z] Checked if tokens are valid: false, expires at: 1782192572848
[debug] [2026-06-23T06:20:07.681Z] > refreshing access token with scopes: []
[debug] [2026-06-23T06:20:07.683Z] >>> [apiv2][query] POST https://www.googleapis.com/oauth2/v3/token [none]
[debug] [2026-06-23T06:20:07.683Z] >>> [apiv2][body] POST https://www.googleapis.com/oauth2/v3/token [omitted]
[debug] [2026-06-23T06:20:08.134Z] <<< [apiv2][status] POST https://www.googleapis.com/oauth2/v3/token 200
[debug] [2026-06-23T06:20:08.135Z] <<< [apiv2][body] POST https://www.googleapis.com/oauth2/v3/token [omitted]
[debug] [2026-06-23T06:20:08.145Z] >>> [apiv2][query] POST https://cloudresourcemanager.googleapis.com/v1/projects/abdominalgym-ec32f:testIamPermissions [none]
[debug] [2026-06-23T06:20:08.146Z] >>> [apiv2][(partial)header] POST https://cloudresourcemanager.googleapis.com/v1/projects/abdominalgym-ec32f:testIamPermissions  x-goog-user-project=abdominalgym-ec32f
[debug] [2026-06-23T06:20:08.146Z] >>> [apiv2][body] POST https://cloudresourcemanager.googleapis.com/v1/projects/abdominalgym-ec32f:testIamPermissions {"permissions":["firebase.projects.get","firebasehosting.sites.update"]}
[debug] [2026-06-23T06:20:08.773Z] <<< [apiv2][status] POST https://cloudresourcemanager.googleapis.com/v1/projects/abdominalgym-ec32f:testIamPermissions 200
[debug] [2026-06-23T06:20:08.773Z] <<< [apiv2][body] POST https://cloudresourcemanager.googleapis.com/v1/projects/abdominalgym-ec32f:testIamPermissions {"permissions":["firebase.projects.get","firebasehosting.sites.update"]}
[debug] [2026-06-23T06:20:08.774Z] Checked if tokens are valid: true, expires at: 1782199207135
[debug] [2026-06-23T06:20:08.774Z] Checked if tokens are valid: true, expires at: 1782199207135
[debug] [2026-06-23T06:20:08.774Z] >>> [apiv2][query] GET https://firebase.googleapis.com/v1beta1/projects/abdominalgym-ec32f [none]
[debug] [2026-06-23T06:20:10.317Z] <<< [apiv2][status] GET https://firebase.googleapis.com/v1beta1/projects/abdominalgym-ec32f 200
[debug] [2026-06-23T06:20:10.317Z] <<< [apiv2][body] GET https://firebase.googleapis.com/v1beta1/projects/abdominalgym-ec32f {"projectId":"abdominalgym-ec32f","projectNumber":"776059583001","displayName":"abdominalgym","name":"projects/abdominalgym-ec32f","resources":{"hostingSite":"abdominalgym-ec32f"},"state":"ACTIVE","etag":"1_d6734deb-f7fc-488c-bba3-0671f06e31e3"}
[info] 
[info] === Deploying to 'abdominalgym-ec32f'...
[info] 
[info] i  deploying hosting 
[debug] [2026-06-23T06:20:10.320Z] Checked if tokens are valid: true, expires at: 1782199207135
[debug] [2026-06-23T06:20:10.320Z] Checked if tokens are valid: true, expires at: 1782199207135
[debug] [2026-06-23T06:20:10.320Z] >>> [apiv2][query] GET https://firebasehosting.googleapis.com/v1beta1/projects/abdominalgym-ec32f/sites/abdominalgym-kudus-gym [none]
[debug] [2026-06-23T06:20:11.489Z] <<< [apiv2][status] GET https://firebasehosting.googleapis.com/v1beta1/projects/abdominalgym-ec32f/sites/abdominalgym-kudus-gym 200
[debug] [2026-06-23T06:20:11.490Z] <<< [apiv2][body] GET https://firebasehosting.googleapis.com/v1beta1/projects/abdominalgym-ec32f/sites/abdominalgym-kudus-gym {"name":"projects/abdominalgym-ec32f/sites/abdominalgym-kudus-gym","defaultUrl":"https://abdominalgym-kudus-gym.web.app","type":"USER_SITE"}
[debug] [2026-06-23T06:20:11.493Z] Checked if tokens are valid: true, expires at: 1782199207135
[debug] [2026-06-23T06:20:11.494Z] Checked if tokens are valid: true, expires at: 1782199207135
[debug] [2026-06-23T06:20:11.494Z] >>> [apiv2][query] POST https://firebasehosting.googleapis.com/v1beta1/projects/-/sites/abdominalgym-kudus-gym/versions [none]
[debug] [2026-06-23T06:20:11.495Z] >>> [apiv2][body] POST https://firebasehosting.googleapis.com/v1beta1/projects/-/sites/abdominalgym-kudus-gym/versions {"status":"CREATED","labels":{"deployment-tool":"cli-firebase"}}
[debug] [2026-06-23T06:20:12.769Z] <<< [apiv2][status] POST https://firebasehosting.googleapis.com/v1beta1/projects/-/sites/abdominalgym-kudus-gym/versions 200
[debug] [2026-06-23T06:20:12.770Z] <<< [apiv2][body] POST https://firebasehosting.googleapis.com/v1beta1/projects/-/sites/abdominalgym-kudus-gym/versions {"name":"projects/776059583001/sites/abdominalgym-kudus-gym/versions/43ab2136fed9a1ac","status":"CREATED","config":{},"labels":{"deployment-tool":"cli-firebase"}}
[info] i  hosting[abdominalgym-kudus-gym]: beginning deploy... 
[info] i  hosting[abdominalgym-kudus-gym]: found 32 files in dist 
[debug] [2026-06-23T06:20:12.790Z] [hosting] uploading with 200 concurrency
[debug] [2026-06-23T06:20:12.830Z] Checked if tokens are valid: true, expires at: 1782199207135
[debug] [2026-06-23T06:20:12.830Z] Checked if tokens are valid: true, expires at: 1782199207135
[debug] [2026-06-23T06:20:12.832Z] [hosting] hash cache [ZGlzdA] stored for 32 files
[debug] [2026-06-23T06:20:12.832Z] [hosting][hash queue][FINAL] {"max":34,"min":1,"avg":2.25,"active":0,"complete":32,"success":32,"errored":0,"retried":0,"total":32,"elapsed":39}
[debug] [2026-06-23T06:20:12.833Z] >>> [apiv2][query] POST https://firebasehosting.googleapis.com/v1beta1/projects/776059583001/sites/abdominalgym-kudus-gym/versions/43ab2136fed9a1ac:populateFiles [none]
[debug] [2026-06-23T06:20:12.833Z] >>> [apiv2][body] POST https://firebasehosting.googleapis.com/v1beta1/projects/776059583001/sites/abdominalgym-kudus-gym/versions/43ab2136fed9a1ac:populateFiles {"files":{"/qris.jpg":"631ea99257965aed43bd85914e120f9c5555d10abdfc6737df92882af809f42c","/logogym.png":"c85c19c20d90280b4475e44bd02e10280c1de4bc1c07c0867921d7a60569d397","/gym7.jpg":"42276209c0b88b4ae552be93d2a697fa81928d35d062ce26b33130209c1e1ff3","/gym6.jpg":"fcb810e97de55afb76eefa4cde7b03d09ac68a688c78f7f84dd49da977609e48","/gym5.jpg":"7067416c934cc31e25a462a6e57e34672bc93ca3f99b52ab116b6af738ae0b37","/gym4.jpg":"a30210f988be80c1ce0d06b77cc5876681b55504140e8264b71ff8ba23650ca6","/gym3.jpg":"cd823841744c5237a745c9ef4bb848f33b5acfe4538e8b586f75bd3303c87378","/gym2.jpg":"341c109aa895156b791bb8201cce1459ec7af82a87a8827104c5471846b98b07","/gym1.jpg":"6576d8e3165cb75b7e188dcab075e61c32016ab24c437d91b161a76b47cb0885","/gym.png":"5700d88a1fce790fe5fcbb5c390a23d7d03161ce8117e507472d4caf773ba14c","/gallery/lt3-5.jpg":"9475af5e39a5f5310b7c27336f849dd0a29802c52e7d1fa4ca467e3dc04a1769","/gallery/lt3-4.jpg":"5eaad130f6219787be437a0443caa1a69d0873455741f08608950f4b580b389d","/gallery/lt3-3.jpg":"ecc3c87513dcea536cdfc96a69710e25e0554f435d90da4d92ed842e93702a40","/gallery/lt3-2.jpg":"3411da01c4b5dcd8d9de3b4847a8f7c1faff3fac7226bd57ca64fd92f7226390","/gallery/lt3-1.jpg":"8851292990bca1067429631a38294fa4f77cba19b1b620811a90d7d8d69020eb","/gallery/lt2-9.jpg":"6affdc28c9ad14f56505c34b9e1d52481fd30a9062674b162ba748e1bfa6cbac","/gallery/lt2-8.jpg":"a05e499a6e05f130ec3a57578dcadb99afdb5cd827eb71a701539e553d0591eb","/gallery/lt2-7.jpg":"284a56e45c38a4b5a993231a454082668783703d121128d1e7dc44314f04f818","/gallery/lt2-6.jpg":"3995d0884196221bd0378ca3e230c1047b7ea1fe101b20af8e310ab5a1635db6","/gallery/lt2-5.jpg":"9d9f5273d5be74ecbf10dd7baacf972b3e7979bb55626b00552d141bec1dfb49","/gallery/lt2-4.jpg":"06781417b22f9c1a46be600625c39d5192f67709c479929f013338dcc42bc32c","/gallery/lt2-3.jpg":"98f96eca8a691ebb1da749e9ad88dcae4b387737b8520a3e2f733443ab962109","/gallery/lt2-2.jpg":"79d793e4d22a374810db05418b5135b1e4047959add669a7e2ef05bbd483c810","/gallery/lt2-1.jpg":"ec5f6992264357f3f447072228c0a1e8e93eae7701e7c80a2e2f80fd4e9308b9","/gallery/lt1-5.jpg":"d38a16bc5580d7df7887db6845a0c90aa78c60305977c3df93b3101601421bad","/gallery/lt1-4.jpg":"bac394ab350b24de85590acd9cf1fbac4faf771357b011905e11efdad0bd12df","/gallery/lt1-3.jpg":"4e0760e627ea2688ba45eef7069d55118092d553d1dff2e241b8d1f98d3286d7","/gallery/lt1-2.jpg":"b612ab29deea1a7a2209921a8f5188a77f996aa2088cdf89bfd0cd4b26d1f916","/gallery/lt1-1.jpg":"d5a5098a897f5e5ee6a3d98b20c4d2e82f762a3d8cca902ba5a52bc912ed611c","/assets/index-BaIFvRX-.css":"f614af7fc281e46f695299dfcae6aa5fe58fedbd9635288b39c7b0679321009e","/index.html":"aa67968fa61a72ede6fdf38684f42f5282d175c53ca086e327e77a81f0227bca","/assets/index-DB2KTnwY.js":"2acca040538cdb20347100e7aa3e96bd153d6f040b58d23da13eb0c10889359f"}}
[debug] [2026-06-23T06:20:13.747Z] <<< [apiv2][status] POST https://firebasehosting.googleapis.com/v1beta1/projects/776059583001/sites/abdominalgym-kudus-gym/versions/43ab2136fed9a1ac:populateFiles 200
[debug] [2026-06-23T06:20:13.748Z] <<< [apiv2][body] POST https://firebasehosting.googleapis.com/v1beta1/projects/776059583001/sites/abdominalgym-kudus-gym/versions/43ab2136fed9a1ac:populateFiles {"uploadRequiredHashes":["aa67968fa61a72ede6fdf38684f42f5282d175c53ca086e327e77a81f0227bca","2acca040538cdb20347100e7aa3e96bd153d6f040b58d23da13eb0c10889359f"],"uploadUrl":"https://upload-firebasehosting.googleapis.com/upload/sites/abdominalgym-kudus-gym/versions/43ab2136fed9a1ac/files"}
[debug] [2026-06-23T06:20:13.749Z] Checked if tokens are valid: true, expires at: 1782199207135
[debug] [2026-06-23T06:20:13.749Z] Checked if tokens are valid: true, expires at: 1782199207135
[debug] [2026-06-23T06:20:13.750Z] Checked if tokens are valid: true, expires at: 1782199207135
[debug] [2026-06-23T06:20:13.750Z] Checked if tokens are valid: true, expires at: 1782199207135
[debug] [2026-06-23T06:20:13.750Z] >>> [apiv2][query] POST https://upload-firebasehosting.googleapis.com/upload/sites/abdominalgym-kudus-gym/versions/43ab2136fed9a1ac/files/aa67968fa61a72ede6fdf38684f42f5282d175c53ca086e327e77a81f0227bca [none]
[debug] [2026-06-23T06:20:13.750Z] >>> [apiv2][body] POST https://upload-firebasehosting.googleapis.com/upload/sites/abdominalgym-kudus-gym/versions/43ab2136fed9a1ac/files/aa67968fa61a72ede6fdf38684f42f5282d175c53ca086e327e77a81f0227bca [stream]
[debug] [2026-06-23T06:20:13.751Z] >>> [apiv2][query] POST https://upload-firebasehosting.googleapis.com/upload/sites/abdominalgym-kudus-gym/versions/43ab2136fed9a1ac/files/2acca040538cdb20347100e7aa3e96bd153d6f040b58d23da13eb0c10889359f [none]
[debug] [2026-06-23T06:20:13.751Z] >>> [apiv2][body] POST https://upload-firebasehosting.googleapis.com/upload/sites/abdominalgym-kudus-gym/versions/43ab2136fed9a1ac/files/2acca040538cdb20347100e7aa3e96bd153d6f040b58d23da13eb0c10889359f [stream]
[debug] [2026-06-23T06:20:13.753Z] [hosting][populate queue][FINAL] {"max":920,"min":920,"avg":920,"active":0,"complete":1,"success":1,"errored":0,"retried":0,"total":1,"elapsed":923}
[debug] [2026-06-23T06:20:13.753Z] [hosting] uploads queued: 2
[info] i  hosting: uploading new files [0/2] (0%) 
[debug] [2026-06-23T06:20:15.938Z] <<< [apiv2][status] POST https://upload-firebasehosting.googleapis.com/upload/sites/abdominalgym-kudus-gym/versions/43ab2136fed9a1ac/files/aa67968fa61a72ede6fdf38684f42f5282d175c53ca086e327e77a81f0227bca 200
[debug] [2026-06-23T06:20:15.939Z] <<< [apiv2][body] POST https://upload-firebasehosting.googleapis.com/upload/sites/abdominalgym-kudus-gym/versions/43ab2136fed9a1ac/files/aa67968fa61a72ede6fdf38684f42f5282d175c53ca086e327e77a81f0227bca [stream]
[info] i  hosting: uploading new files [1/2] (50%) 
[debug] [2026-06-23T06:20:18.049Z] <<< [apiv2][status] POST https://upload-firebasehosting.googleapis.com/upload/sites/abdominalgym-kudus-gym/versions/43ab2136fed9a1ac/files/2acca040538cdb20347100e7aa3e96bd153d6f040b58d23da13eb0c10889359f 200
[debug] [2026-06-23T06:20:18.049Z] <<< [apiv2][body] POST https://upload-firebasehosting.googleapis.com/upload/sites/abdominalgym-kudus-gym/versions/43ab2136fed9a1ac/files/2acca040538cdb20347100e7aa3e96bd153d6f040b58d23da13eb0c10889359f [stream]
[debug] [2026-06-23T06:20:18.050Z] [hosting][upload queue][FINAL] {"max":4301,"min":2191,"avg":3246,"active":0,"complete":2,"success":2,"errored":0,"retried":0,"total":2,"elapsed":4302}
[info] i  hosting: upload complete 
[info] +  hosting[abdominalgym-kudus-gym]: file upload complete 
[debug] [2026-06-23T06:20:18.050Z] [hosting] deploy completed after 5276ms
[debug] [2026-06-23T06:20:18.050Z] [
  {
    "config": {
      "target": "main",
      "public": "dist",
      "ignore": [
        "firebase.json",
        "**/.*",
        "**/node_modules/**"
      ],
      "rewrites": [
        {
          "source": "**",
          "destination": "/index.html"
        }
      ],
      "site": "abdominalgym-kudus-gym"
    },
    "version": "projects/776059583001/sites/abdominalgym-kudus-gym/versions/43ab2136fed9a1ac"
  }
]
[info] i  hosting[abdominalgym-kudus-gym]: finalizing version... 
[debug] [2026-06-23T06:20:18.052Z] Checked if tokens are valid: true, expires at: 1782199207135
[debug] [2026-06-23T06:20:18.053Z] Checked if tokens are valid: true, expires at: 1782199207135
[debug] [2026-06-23T06:20:18.054Z] >>> [apiv2][query] PATCH https://firebasehosting.googleapis.com/v1beta1/projects/-/sites/abdominalgym-kudus-gym/versions/43ab2136fed9a1ac updateMask=status%2Cconfig
[debug] [2026-06-23T06:20:18.054Z] >>> [apiv2][body] PATCH https://firebasehosting.googleapis.com/v1beta1/projects/-/sites/abdominalgym-kudus-gym/versions/43ab2136fed9a1ac {"status":"FINALIZED","config":{"rewrites":[{"glob":"**","path":"/index.html"}]}}
[debug] [2026-06-23T06:20:18.822Z] <<< [apiv2][status] PATCH https://firebasehosting.googleapis.com/v1beta1/projects/-/sites/abdominalgym-kudus-gym/versions/43ab2136fed9a1ac 200
[debug] [2026-06-23T06:20:18.822Z] <<< [apiv2][body] PATCH https://firebasehosting.googleapis.com/v1beta1/projects/-/sites/abdominalgym-kudus-gym/versions/43ab2136fed9a1ac {"name":"projects/776059583001/sites/abdominalgym-kudus-gym/versions/43ab2136fed9a1ac","status":"FINALIZED","config":{"rewrites":[{"glob":"**","path":"/index.html"}]},"labels":{"deployment-tool":"cli-firebase"},"createTime":"2026-06-23T06:20:12.761610Z","createUser":{"email":"birgitacleosa2410@gmail.com"},"finalizeTime":"2026-06-23T06:20:19.464243Z","finalizeUser":{"email":"birgitacleosa2410@gmail.com"}}
[debug] [2026-06-23T06:20:18.823Z] [hosting] finalized version for abdominalgym-kudus-gym:[object Object]
[info] +  hosting[abdominalgym-kudus-gym]: version finalized 
[info] i  hosting[abdominalgym-kudus-gym]: releasing new version... 
[debug] [2026-06-23T06:20:18.825Z] Checked if tokens are valid: true, expires at: 1782199207135
[debug] [2026-06-23T06:20:18.825Z] Checked if tokens are valid: true, expires at: 1782199207135
[debug] [2026-06-23T06:20:18.826Z] >>> [apiv2][query] POST https://firebasehosting.googleapis.com/v1beta1/projects/-/sites/abdominalgym-kudus-gym/channels/live/releases versionName=projects%2F776059583001%2Fsites%2Fabdominalgym-kudus-gym%2Fversions%2F43ab2136fed9a1ac
[debug] [2026-06-23T06:20:18.826Z] >>> [apiv2][body] POST https://firebasehosting.googleapis.com/v1beta1/projects/-/sites/abdominalgym-kudus-gym/channels/live/releases {}
[debug] [2026-06-23T06:20:19.664Z] <<< [apiv2][status] POST https://firebasehosting.googleapis.com/v1beta1/projects/-/sites/abdominalgym-kudus-gym/channels/live/releases 200
[debug] [2026-06-23T12:39:17.715Z] ----------------------------------------------------------------------
[debug] [2026-06-23T12:39:17.726Z] Command:       C:\Program Files\nodejs\node.exe C:\Users\OSA\AppData\Roaming\npm\node_modules\firebase-tools\lib\bin\firebase.js deploy --only hosting --debug
[debug] [2026-06-23T12:39:17.726Z] CLI Version:   15.22.1
[debug] [2026-06-23T12:39:17.726Z] Platform:      win32
[debug] [2026-06-23T12:39:17.726Z] Node Version:  v24.14.0
[debug] [2026-06-23T12:39:17.726Z] Detected Agent: unknown
[debug] [2026-06-23T12:39:17.727Z] Time:          Tue Jun 23 2026 19:39:17 GMT+0700 (Western Indonesia Time)
[debug] [2026-06-23T12:39:17.727Z] ----------------------------------------------------------------------
[debug] 
[debug] [2026-06-23T12:39:22.577Z] > command requires scopes: ["email","openid","https://www.googleapis.com/auth/cloudplatformprojects.readonly","https://www.googleapis.com/auth/firebase","https://www.googleapis.com/auth/cloud-platform"]
[debug] [2026-06-23T12:39:22.579Z] > authorizing via signed-in user (birgitacleosa2410@gmail.com)
[debug] [2026-06-23T12:39:22.579Z] [iam] checking project abdominalgym-ec32f for permissions ["firebase.projects.get","firebasehosting.sites.update"]
[debug] [2026-06-23T12:39:22.581Z] Checked if tokens are valid: false, expires at: 1782199207135
[debug] [2026-06-23T12:39:22.581Z] Checked if tokens are valid: false, expires at: 1782199207135
[debug] [2026-06-23T12:39:22.582Z] > refreshing access token with scopes: []
[debug] [2026-06-23T12:39:22.584Z] >>> [apiv2][query] POST https://www.googleapis.com/oauth2/v3/token [none]
[debug] [2026-06-23T12:39:22.584Z] >>> [apiv2][body] POST https://www.googleapis.com/oauth2/v3/token [omitted]
[debug] [2026-06-23T12:39:22.981Z] <<< [apiv2][status] POST https://www.googleapis.com/oauth2/v3/token 200
[debug] [2026-06-23T12:39:22.981Z] <<< [apiv2][body] POST https://www.googleapis.com/oauth2/v3/token [omitted]
[debug] [2026-06-23T12:39:22.993Z] >>> [apiv2][query] POST https://cloudresourcemanager.googleapis.com/v1/projects/abdominalgym-ec32f:testIamPermissions [none]
[debug] [2026-06-23T12:39:22.998Z] >>> [apiv2][(partial)header] POST https://cloudresourcemanager.googleapis.com/v1/projects/abdominalgym-ec32f:testIamPermissions  x-goog-user-project=abdominalgym-ec32f
[debug] [2026-06-23T12:39:23.000Z] >>> [apiv2][body] POST https://cloudresourcemanager.googleapis.com/v1/projects/abdominalgym-ec32f:testIamPermissions {"permissions":["firebase.projects.get","firebasehosting.sites.update"]}
[debug] [2026-06-23T12:39:23.570Z] <<< [apiv2][status] POST https://cloudresourcemanager.googleapis.com/v1/projects/abdominalgym-ec32f:testIamPermissions 200
[debug] [2026-06-23T12:39:23.571Z] <<< [apiv2][body] POST https://cloudresourcemanager.googleapis.com/v1/projects/abdominalgym-ec32f:testIamPermissions {"permissions":["firebase.projects.get","firebasehosting.sites.update"]}
[debug] [2026-06-23T12:39:23.572Z] Checked if tokens are valid: true, expires at: 1782221961981
[debug] [2026-06-23T12:39:23.572Z] Checked if tokens are valid: true, expires at: 1782221961981
[debug] [2026-06-23T12:39:23.573Z] >>> [apiv2][query] GET https://firebase.googleapis.com/v1beta1/projects/abdominalgym-ec32f [none]
[debug] [2026-06-23T12:39:24.360Z] <<< [apiv2][status] GET https://firebase.googleapis.com/v1beta1/projects/abdominalgym-ec32f 200
[debug] [2026-06-23T12:39:24.361Z] <<< [apiv2][body] GET https://firebase.googleapis.com/v1beta1/projects/abdominalgym-ec32f {"projectId":"abdominalgym-ec32f","projectNumber":"776059583001","displayName":"abdominalgym","name":"projects/abdominalgym-ec32f","resources":{"hostingSite":"abdominalgym-ec32f"},"state":"ACTIVE","etag":"1_d6734deb-f7fc-488c-bba3-0671f06e31e3"}
[info] 
[info] === Deploying to 'abdominalgym-ec32f'...
[info] 
[info] i  deploying hosting 
[debug] [2026-06-23T12:39:24.364Z] Checked if tokens are valid: true, expires at: 1782221961981
[debug] [2026-06-23T12:39:24.364Z] Checked if tokens are valid: true, expires at: 1782221961981
[debug] [2026-06-23T12:39:24.364Z] >>> [apiv2][query] GET https://firebasehosting.googleapis.com/v1beta1/projects/abdominalgym-ec32f/sites/abdominalgym-kudus-gym [none]
[debug] [2026-06-23T12:39:25.438Z] <<< [apiv2][status] GET https://firebasehosting.googleapis.com/v1beta1/projects/abdominalgym-ec32f/sites/abdominalgym-kudus-gym 200
[debug] [2026-06-23T12:39:25.438Z] <<< [apiv2][body] GET https://firebasehosting.googleapis.com/v1beta1/projects/abdominalgym-ec32f/sites/abdominalgym-kudus-gym {"name":"projects/abdominalgym-ec32f/sites/abdominalgym-kudus-gym","defaultUrl":"https://abdominalgym-kudus-gym.web.app","type":"USER_SITE"}
[debug] [2026-06-23T12:39:25.440Z] Checked if tokens are valid: true, expires at: 1782221961981
[debug] [2026-06-23T12:39:25.440Z] Checked if tokens are valid: true, expires at: 1782221961981
[debug] [2026-06-23T12:39:25.440Z] >>> [apiv2][query] POST https://firebasehosting.googleapis.com/v1beta1/projects/-/sites/abdominalgym-kudus-gym/versions [none]
[debug] [2026-06-23T12:39:25.440Z] >>> [apiv2][body] POST https://firebasehosting.googleapis.com/v1beta1/projects/-/sites/abdominalgym-kudus-gym/versions {"status":"CREATED","labels":{"deployment-tool":"cli-firebase"}}
[debug] [2026-06-23T12:39:26.745Z] <<< [apiv2][status] POST https://firebasehosting.googleapis.com/v1beta1/projects/-/sites/abdominalgym-kudus-gym/versions 200
[debug] [2026-06-23T12:39:26.745Z] <<< [apiv2][body] POST https://firebasehosting.googleapis.com/v1beta1/projects/-/sites/abdominalgym-kudus-gym/versions {"name":"projects/776059583001/sites/abdominalgym-kudus-gym/versions/5f07e823930e9b27","status":"CREATED","config":{},"labels":{"deployment-tool":"cli-firebase"}}
[info] i  hosting[abdominalgym-kudus-gym]: beginning deploy... 
[info] i  hosting[abdominalgym-kudus-gym]: found 32 files in dist 
[debug] [2026-06-23T12:39:26.765Z] [hosting] uploading with 200 concurrency
[debug] [2026-06-23T12:39:26.820Z] Checked if tokens are valid: true, expires at: 1782221961981
[debug] [2026-06-23T12:39:26.820Z] Checked if tokens are valid: true, expires at: 1782221961981
[debug] [2026-06-23T12:39:26.822Z] [hosting] hash cache [ZGlzdA] stored for 32 files
[debug] [2026-06-23T12:39:26.824Z] [hosting][hash queue][FINAL] {"max":40,"min":1,"avg":2.75,"active":0,"complete":32,"success":32,"errored":0,"retried":0,"total":32,"elapsed":54}
[debug] [2026-06-23T12:39:26.824Z] >>> [apiv2][query] POST https://firebasehosting.googleapis.com/v1beta1/projects/776059583001/sites/abdominalgym-kudus-gym/versions/5f07e823930e9b27:populateFiles [none]
[debug] [2026-06-23T12:39:26.824Z] >>> [apiv2][body] POST https://firebasehosting.googleapis.com/v1beta1/projects/776059583001/sites/abdominalgym-kudus-gym/versions/5f07e823930e9b27:populateFiles {"files":{"/qris.jpg":"631ea99257965aed43bd85914e120f9c5555d10abdfc6737df92882af809f42c","/logogym.png":"c85c19c20d90280b4475e44bd02e10280c1de4bc1c07c0867921d7a60569d397","/gym7.jpg":"42276209c0b88b4ae552be93d2a697fa81928d35d062ce26b33130209c1e1ff3","/gym6.jpg":"fcb810e97de55afb76eefa4cde7b03d09ac68a688c78f7f84dd49da977609e48","/gym5.jpg":"7067416c934cc31e25a462a6e57e34672bc93ca3f99b52ab116b6af738ae0b37","/gym4.jpg":"a30210f988be80c1ce0d06b77cc5876681b55504140e8264b71ff8ba23650ca6","/gym3.jpg":"cd823841744c5237a745c9ef4bb848f33b5acfe4538e8b586f75bd3303c87378","/gym2.jpg":"341c109aa895156b791bb8201cce1459ec7af82a87a8827104c5471846b98b07","/gym1.jpg":"6576d8e3165cb75b7e188dcab075e61c32016ab24c437d91b161a76b47cb0885","/gym.png":"5700d88a1fce790fe5fcbb5c390a23d7d03161ce8117e507472d4caf773ba14c","/gallery/lt3-5.jpg":"9475af5e39a5f5310b7c27336f849dd0a29802c52e7d1fa4ca467e3dc04a1769","/gallery/lt3-4.jpg":"5eaad130f6219787be437a0443caa1a69d0873455741f08608950f4b580b389d","/gallery/lt3-3.jpg":"ecc3c87513dcea536cdfc96a69710e25e0554f435d90da4d92ed842e93702a40","/gallery/lt3-2.jpg":"3411da01c4b5dcd8d9de3b4847a8f7c1faff3fac7226bd57ca64fd92f7226390","/gallery/lt3-1.jpg":"8851292990bca1067429631a38294fa4f77cba19b1b620811a90d7d8d69020eb","/gallery/lt2-9.jpg":"6affdc28c9ad14f56505c34b9e1d52481fd30a9062674b162ba748e1bfa6cbac","/gallery/lt2-8.jpg":"a05e499a6e05f130ec3a57578dcadb99afdb5cd827eb71a701539e553d0591eb","/gallery/lt2-7.jpg":"284a56e45c38a4b5a993231a454082668783703d121128d1e7dc44314f04f818","/gallery/lt2-6.jpg":"3995d0884196221bd0378ca3e230c1047b7ea1fe101b20af8e310ab5a1635db6","/gallery/lt2-5.jpg":"9d9f5273d5be74ecbf10dd7baacf972b3e7979bb55626b00552d141bec1dfb49","/gallery/lt2-4.jpg":"06781417b22f9c1a46be600625c39d5192f67709c479929f013338dcc42bc32c","/gallery/lt2-3.jpg":"98f96eca8a691ebb1da749e9ad88dcae4b387737b8520a3e2f733443ab962109","/gallery/lt2-2.jpg":"79d793e4d22a374810db05418b5135b1e4047959add669a7e2ef05bbd483c810","/gallery/lt2-1.jpg":"ec5f6992264357f3f447072228c0a1e8e93eae7701e7c80a2e2f80fd4e9308b9","/gallery/lt1-5.jpg":"d38a16bc5580d7df7887db6845a0c90aa78c60305977c3df93b3101601421bad","/gallery/lt1-4.jpg":"bac394ab350b24de85590acd9cf1fbac4faf771357b011905e11efdad0bd12df","/gallery/lt1-3.jpg":"4e0760e627ea2688ba45eef7069d55118092d553d1dff2e241b8d1f98d3286d7","/gallery/lt1-2.jpg":"b612ab29deea1a7a2209921a8f5188a77f996aa2088cdf89bfd0cd4b26d1f916","/gallery/lt1-1.jpg":"d5a5098a897f5e5ee6a3d98b20c4d2e82f762a3d8cca902ba5a52bc912ed611c","/index.html":"0d99180d0b4d38e15b7ffe555bd55c1cf468a9053bfbf37954270fe35c4a6497","/assets/index-BaIFvRX-.css":"f614af7fc281e46f695299dfcae6aa5fe58fedbd9635288b39c7b0679321009e","/assets/index-DkJof3id.js":"14886564b7ee46cb5c916855f5e37177c346f06d62fe925d61e25593e4df2d83"}}
[debug] [2026-06-23T12:39:27.571Z] <<< [apiv2][status] POST https://firebasehosting.googleapis.com/v1beta1/projects/776059583001/sites/abdominalgym-kudus-gym/versions/5f07e823930e9b27:populateFiles 200
[debug] [2026-06-23T12:39:27.572Z] <<< [apiv2][body] POST https://firebasehosting.googleapis.com/v1beta1/projects/776059583001/sites/abdominalgym-kudus-gym/versions/5f07e823930e9b27:populateFiles {"uploadUrl":"https://upload-firebasehosting.googleapis.com/upload/sites/abdominalgym-kudus-gym/versions/5f07e823930e9b27/files"}
[debug] [2026-06-23T12:39:27.572Z] [hosting][populate queue][FINAL] {"max":752,"min":752,"avg":752,"active":0,"complete":1,"success":1,"errored":0,"retried":0,"total":1,"elapsed":752}
[debug] [2026-06-23T12:39:27.573Z] [hosting] uploads queued: 0
[debug] [2026-06-23T12:39:27.573Z] [hosting][upload queue][FINAL] {"max":0,"min":9999999999,"avg":0,"active":0,"complete":0,"success":0,"errored":0,"retried":0,"total":0,"elapsed":1782218367573}
[info] i  hosting: upload complete 
[info] +  hosting[abdominalgym-kudus-gym]: file upload complete 
[debug] [2026-06-23T12:39:27.573Z] [hosting] deploy completed after 826ms
[debug] [2026-06-23T12:39:27.574Z] [
  {
    "config": {
      "target": "main",
      "public": "dist",
      "ignore": [
        "firebase.json",
        "**/.*",
        "**/node_modules/**"
      ],
      "rewrites": [
        {
          "source": "**",
          "destination": "/index.html"
        }
      ],
      "site": "abdominalgym-kudus-gym"
    },
    "version": "projects/776059583001/sites/abdominalgym-kudus-gym/versions/5f07e823930e9b27"
  }
]
[info] i  hosting[abdominalgym-kudus-gym]: finalizing version... 
[debug] [2026-06-23T12:39:27.575Z] Checked if tokens are valid: true, expires at: 1782221961981
[debug] [2026-06-23T12:39:27.575Z] Checked if tokens are valid: true, expires at: 1782221961981
[debug] [2026-06-23T12:39:27.576Z] >>> [apiv2][query] PATCH https://firebasehosting.googleapis.com/v1beta1/projects/-/sites/abdominalgym-kudus-gym/versions/5f07e823930e9b27 updateMask=status%2Cconfig
[debug] [2026-06-23T12:39:27.576Z] >>> [apiv2][body] PATCH https://firebasehosting.googleapis.com/v1beta1/projects/-/sites/abdominalgym-kudus-gym/versions/5f07e823930e9b27 {"status":"FINALIZED","config":{"rewrites":[{"glob":"**","path":"/index.html"}]}}
[debug] [2026-06-23T12:39:28.330Z] <<< [apiv2][status] PATCH https://firebasehosting.googleapis.com/v1beta1/projects/-/sites/abdominalgym-kudus-gym/versions/5f07e823930e9b27 200
[debug] [2026-06-23T12:39:28.330Z] <<< [apiv2][body] PATCH https://firebasehosting.googleapis.com/v1beta1/projects/-/sites/abdominalgym-kudus-gym/versions/5f07e823930e9b27 {"name":"projects/776059583001/sites/abdominalgym-kudus-gym/versions/5f07e823930e9b27","status":"FINALIZED","config":{"rewrites":[{"glob":"**","path":"/index.html"}]},"labels":{"deployment-tool":"cli-firebase"},"createTime":"2026-06-23T12:39:26.969477Z","createUser":{"email":"birgitacleosa2410@gmail.com"},"finalizeTime":"2026-06-23T12:39:29.130113Z","finalizeUser":{"email":"birgitacleosa2410@gmail.com"}}
[debug] [2026-06-23T12:39:28.330Z] [hosting] finalized version for abdominalgym-kudus-gym:[object Object]
[info] +  hosting[abdominalgym-kudus-gym]: version finalized 
[info] i  hosting[abdominalgym-kudus-gym]: releasing new version... 
[debug] [2026-06-23T12:39:28.331Z] Checked if tokens are valid: true, expires at: 1782221961981
[debug] [2026-06-23T12:39:28.331Z] Checked if tokens are valid: true, expires at: 1782221961981
[debug] [2026-06-23T12:39:28.331Z] >>> [apiv2][query] POST https://firebasehosting.googleapis.com/v1beta1/projects/-/sites/abdominalgym-kudus-gym/channels/live/releases versionName=projects%2F776059583001%2Fsites%2Fabdominalgym-kudus-gym%2Fversions%2F5f07e823930e9b27
[debug] [2026-06-23T12:39:28.332Z] >>> [apiv2][body] POST https://firebasehosting.googleapis.com/v1beta1/projects/-/sites/abdominalgym-kudus-gym/channels/live/releases {}
[debug] [2026-06-23T12:39:29.188Z] <<< [apiv2][status] POST https://firebasehosting.googleapis.com/v1beta1/projects/-/sites/abdominalgym-kudus-gym/channels/live/releases 200
[debug] [2026-06-23T12:45:08.176Z] ----------------------------------------------------------------------
[debug] [2026-06-23T12:45:08.179Z] Command:       C:\Program Files\nodejs\node.exe C:\Users\OSA\AppData\Roaming\npm\node_modules\firebase-tools\lib\bin\firebase.js deploy --only hosting --debug
[debug] [2026-06-23T12:45:08.179Z] CLI Version:   15.22.1
[debug] [2026-06-23T12:45:08.180Z] Platform:      win32
[debug] [2026-06-23T12:45:08.180Z] Node Version:  v24.14.0
[debug] [2026-06-23T12:45:08.180Z] Detected Agent: unknown
[debug] [2026-06-23T12:45:08.180Z] Time:          Tue Jun 23 2026 19:45:08 GMT+0700 (Western Indonesia Time)
[debug] [2026-06-23T12:45:08.180Z] ----------------------------------------------------------------------
[debug] 
[debug] [2026-06-23T12:45:14.399Z] > command requires scopes: ["email","openid","https://www.googleapis.com/auth/cloudplatformprojects.readonly","https://www.googleapis.com/auth/firebase","https://www.googleapis.com/auth/cloud-platform"]
[debug] [2026-06-23T12:45:14.400Z] > authorizing via signed-in user (birgitacleosa2410@gmail.com)
[debug] [2026-06-23T12:45:14.401Z] [iam] checking project abdominalgym-ec32f for permissions ["firebase.projects.get","firebasehosting.sites.update"]
[debug] [2026-06-23T12:45:14.402Z] Checked if tokens are valid: true, expires at: 1782221961981
[debug] [2026-06-23T12:45:14.402Z] Checked if tokens are valid: true, expires at: 1782221961981
[debug] [2026-06-23T12:45:14.403Z] >>> [apiv2][query] POST https://cloudresourcemanager.googleapis.com/v1/projects/abdominalgym-ec32f:testIamPermissions [none]
[debug] [2026-06-23T12:45:14.403Z] >>> [apiv2][(partial)header] POST https://cloudresourcemanager.googleapis.com/v1/projects/abdominalgym-ec32f:testIamPermissions  x-goog-user-project=abdominalgym-ec32f
[debug] [2026-06-23T12:45:14.404Z] >>> [apiv2][body] POST https://cloudresourcemanager.googleapis.com/v1/projects/abdominalgym-ec32f:testIamPermissions {"permissions":["firebase.projects.get","firebasehosting.sites.update"]}
[debug] [2026-06-23T12:45:15.206Z] <<< [apiv2][status] POST https://cloudresourcemanager.googleapis.com/v1/projects/abdominalgym-ec32f:testIamPermissions 200
[debug] [2026-06-23T12:45:15.207Z] <<< [apiv2][body] POST https://cloudresourcemanager.googleapis.com/v1/projects/abdominalgym-ec32f:testIamPermissions {"permissions":["firebase.projects.get","firebasehosting.sites.update"]}
[debug] [2026-06-23T12:45:15.208Z] Checked if tokens are valid: true, expires at: 1782221961981
[debug] [2026-06-23T12:45:15.210Z] Checked if tokens are valid: true, expires at: 1782221961981
[debug] [2026-06-23T12:45:15.211Z] >>> [apiv2][query] GET https://firebase.googleapis.com/v1beta1/projects/abdominalgym-ec32f [none]
[debug] [2026-06-23T12:45:15.814Z] <<< [apiv2][status] GET https://firebase.googleapis.com/v1beta1/projects/abdominalgym-ec32f 200
[debug] [2026-06-23T12:45:15.815Z] <<< [apiv2][body] GET https://firebase.googleapis.com/v1beta1/projects/abdominalgym-ec32f {"projectId":"abdominalgym-ec32f","projectNumber":"776059583001","displayName":"abdominalgym","name":"projects/abdominalgym-ec32f","resources":{"hostingSite":"abdominalgym-ec32f"},"state":"ACTIVE","etag":"1_d6734deb-f7fc-488c-bba3-0671f06e31e3"}
[info] 
[info] === Deploying to 'abdominalgym-ec32f'...
[info] 
[info] i  deploying hosting 
[debug] [2026-06-23T12:45:15.818Z] Checked if tokens are valid: true, expires at: 1782221961981
[debug] [2026-06-23T12:45:15.819Z] Checked if tokens are valid: true, expires at: 1782221961981
[debug] [2026-06-23T12:45:15.819Z] >>> [apiv2][query] GET https://firebasehosting.googleapis.com/v1beta1/projects/abdominalgym-ec32f/sites/abdominalgym-kudus-gym [none]
[debug] [2026-06-23T12:45:16.956Z] <<< [apiv2][status] GET https://firebasehosting.googleapis.com/v1beta1/projects/abdominalgym-ec32f/sites/abdominalgym-kudus-gym 200
[debug] [2026-06-23T12:45:16.957Z] <<< [apiv2][body] GET https://firebasehosting.googleapis.com/v1beta1/projects/abdominalgym-ec32f/sites/abdominalgym-kudus-gym {"name":"projects/abdominalgym-ec32f/sites/abdominalgym-kudus-gym","defaultUrl":"https://abdominalgym-kudus-gym.web.app","type":"USER_SITE"}
[debug] [2026-06-23T12:45:16.959Z] Checked if tokens are valid: true, expires at: 1782221961981
[debug] [2026-06-23T12:45:16.960Z] Checked if tokens are valid: true, expires at: 1782221961981
[debug] [2026-06-23T12:45:16.960Z] >>> [apiv2][query] POST https://firebasehosting.googleapis.com/v1beta1/projects/-/sites/abdominalgym-kudus-gym/versions [none]
[debug] [2026-06-23T12:45:16.960Z] >>> [apiv2][body] POST https://firebasehosting.googleapis.com/v1beta1/projects/-/sites/abdominalgym-kudus-gym/versions {"status":"CREATED","labels":{"deployment-tool":"cli-firebase"}}
[debug] [2026-06-23T12:45:17.922Z] <<< [apiv2][status] POST https://firebasehosting.googleapis.com/v1beta1/projects/-/sites/abdominalgym-kudus-gym/versions 200
[debug] [2026-06-23T12:45:17.923Z] <<< [apiv2][body] POST https://firebasehosting.googleapis.com/v1beta1/projects/-/sites/abdominalgym-kudus-gym/versions {"name":"projects/776059583001/sites/abdominalgym-kudus-gym/versions/12043d67ec15c69a","status":"CREATED","config":{},"labels":{"deployment-tool":"cli-firebase"}}
[info] i  hosting[abdominalgym-kudus-gym]: beginning deploy... 
[info] i  hosting[abdominalgym-kudus-gym]: found 32 files in dist 
[debug] [2026-06-23T12:45:17.944Z] [hosting] uploading with 200 concurrency
[debug] [2026-06-23T12:45:18.002Z] Checked if tokens are valid: true, expires at: 1782221961981
[debug] [2026-06-23T12:45:18.002Z] Checked if tokens are valid: true, expires at: 1782221961981
[debug] [2026-06-23T12:45:18.005Z] [hosting] hash cache [ZGlzdA] stored for 32 files
[debug] [2026-06-23T12:45:18.006Z] [hosting][hash queue][FINAL] {"max":44,"min":2,"avg":3.875,"active":0,"complete":32,"success":32,"errored":0,"retried":0,"total":32,"elapsed":57}
[debug] [2026-06-23T12:45:18.007Z] >>> [apiv2][query] POST https://firebasehosting.googleapis.com/v1beta1/projects/776059583001/sites/abdominalgym-kudus-gym/versions/12043d67ec15c69a:populateFiles [none]
[debug] [2026-06-23T12:45:18.008Z] >>> [apiv2][body] POST https://firebasehosting.googleapis.com/v1beta1/projects/776059583001/sites/abdominalgym-kudus-gym/versions/12043d67ec15c69a:populateFiles {"files":{"/qris.jpg":"631ea99257965aed43bd85914e120f9c5555d10abdfc6737df92882af809f42c","/logogym.png":"c85c19c20d90280b4475e44bd02e10280c1de4bc1c07c0867921d7a60569d397","/gym7.jpg":"42276209c0b88b4ae552be93d2a697fa81928d35d062ce26b33130209c1e1ff3","/gym6.jpg":"fcb810e97de55afb76eefa4cde7b03d09ac68a688c78f7f84dd49da977609e48","/gym5.jpg":"7067416c934cc31e25a462a6e57e34672bc93ca3f99b52ab116b6af738ae0b37","/gym4.jpg":"a30210f988be80c1ce0d06b77cc5876681b55504140e8264b71ff8ba23650ca6","/gym3.jpg":"cd823841744c5237a745c9ef4bb848f33b5acfe4538e8b586f75bd3303c87378","/gym2.jpg":"341c109aa895156b791bb8201cce1459ec7af82a87a8827104c5471846b98b07","/gym1.jpg":"6576d8e3165cb75b7e188dcab075e61c32016ab24c437d91b161a76b47cb0885","/gym.png":"5700d88a1fce790fe5fcbb5c390a23d7d03161ce8117e507472d4caf773ba14c","/gallery/lt3-5.jpg":"9475af5e39a5f5310b7c27336f849dd0a29802c52e7d1fa4ca467e3dc04a1769","/gallery/lt3-4.jpg":"5eaad130f6219787be437a0443caa1a69d0873455741f08608950f4b580b389d","/gallery/lt3-3.jpg":"ecc3c87513dcea536cdfc96a69710e25e0554f435d90da4d92ed842e93702a40","/gallery/lt3-2.jpg":"3411da01c4b5dcd8d9de3b4847a8f7c1faff3fac7226bd57ca64fd92f7226390","/gallery/lt3-1.jpg":"8851292990bca1067429631a38294fa4f77cba19b1b620811a90d7d8d69020eb","/gallery/lt2-9.jpg":"6affdc28c9ad14f56505c34b9e1d52481fd30a9062674b162ba748e1bfa6cbac","/gallery/lt2-8.jpg":"a05e499a6e05f130ec3a57578dcadb99afdb5cd827eb71a701539e553d0591eb","/gallery/lt2-7.jpg":"284a56e45c38a4b5a993231a454082668783703d121128d1e7dc44314f04f818","/gallery/lt2-6.jpg":"3995d0884196221bd0378ca3e230c1047b7ea1fe101b20af8e310ab5a1635db6","/gallery/lt2-5.jpg":"9d9f5273d5be74ecbf10dd7baacf972b3e7979bb55626b00552d141bec1dfb49","/gallery/lt2-4.jpg":"06781417b22f9c1a46be600625c39d5192f67709c479929f013338dcc42bc32c","/gallery/lt2-3.jpg":"98f96eca8a691ebb1da749e9ad88dcae4b387737b8520a3e2f733443ab962109","/gallery/lt2-2.jpg":"79d793e4d22a374810db05418b5135b1e4047959add669a7e2ef05bbd483c810","/gallery/lt2-1.jpg":"ec5f6992264357f3f447072228c0a1e8e93eae7701e7c80a2e2f80fd4e9308b9","/gallery/lt1-5.jpg":"d38a16bc5580d7df7887db6845a0c90aa78c60305977c3df93b3101601421bad","/gallery/lt1-4.jpg":"bac394ab350b24de85590acd9cf1fbac4faf771357b011905e11efdad0bd12df","/gallery/lt1-3.jpg":"4e0760e627ea2688ba45eef7069d55118092d553d1dff2e241b8d1f98d3286d7","/gallery/lt1-2.jpg":"b612ab29deea1a7a2209921a8f5188a77f996aa2088cdf89bfd0cd4b26d1f916","/gallery/lt1-1.jpg":"d5a5098a897f5e5ee6a3d98b20c4d2e82f762a3d8cca902ba5a52bc912ed611c","/index.html":"0d99180d0b4d38e15b7ffe555bd55c1cf468a9053bfbf37954270fe35c4a6497","/assets/index-BaIFvRX-.css":"f614af7fc281e46f695299dfcae6aa5fe58fedbd9635288b39c7b0679321009e","/assets/index-DkJof3id.js":"14886564b7ee46cb5c916855f5e37177c346f06d62fe925d61e25593e4df2d83"}}
[debug] [2026-06-23T12:45:18.872Z] <<< [apiv2][status] POST https://firebasehosting.googleapis.com/v1beta1/projects/776059583001/sites/abdominalgym-kudus-gym/versions/12043d67ec15c69a:populateFiles 200
[debug] [2026-06-23T12:45:18.873Z] <<< [apiv2][body] POST https://firebasehosting.googleapis.com/v1beta1/projects/776059583001/sites/abdominalgym-kudus-gym/versions/12043d67ec15c69a:populateFiles {"uploadUrl":"https://upload-firebasehosting.googleapis.com/upload/sites/abdominalgym-kudus-gym/versions/12043d67ec15c69a/files"}
[debug] [2026-06-23T12:45:18.874Z] [hosting][populate queue][FINAL] {"max":872,"min":872,"avg":872,"active":0,"complete":1,"success":1,"errored":0,"retried":0,"total":1,"elapsed":872}
[debug] [2026-06-23T12:45:18.874Z] [hosting] uploads queued: 0
[debug] [2026-06-23T12:45:18.874Z] [hosting][upload queue][FINAL] {"max":0,"min":9999999999,"avg":0,"active":0,"complete":0,"success":0,"errored":0,"retried":0,"total":0,"elapsed":1782218718874}
[info] i  hosting: upload complete 
[info] +  hosting[abdominalgym-kudus-gym]: file upload complete 
[debug] [2026-06-23T12:45:18.875Z] [hosting] deploy completed after 950ms
[debug] [2026-06-23T12:45:18.875Z] [
  {
    "config": {
      "target": "main",
      "public": "dist",
      "ignore": [
        "firebase.json",
        "**/.*",
        "**/node_modules/**"
      ],
      "rewrites": [
        {
          "source": "**",
          "destination": "/index.html"
        }
      ],
      "site": "abdominalgym-kudus-gym"
    },
    "version": "projects/776059583001/sites/abdominalgym-kudus-gym/versions/12043d67ec15c69a"
  }
]
[info] i  hosting[abdominalgym-kudus-gym]: finalizing version... 
[debug] [2026-06-23T12:45:18.877Z] Checked if tokens are valid: true, expires at: 1782221961981
[debug] [2026-06-23T12:45:18.877Z] Checked if tokens are valid: true, expires at: 1782221961981
[debug] [2026-06-23T12:45:18.878Z] >>> [apiv2][query] PATCH https://firebasehosting.googleapis.com/v1beta1/projects/-/sites/abdominalgym-kudus-gym/versions/12043d67ec15c69a updateMask=status%2Cconfig
[debug] [2026-06-23T12:45:18.879Z] >>> [apiv2][body] PATCH https://firebasehosting.googleapis.com/v1beta1/projects/-/sites/abdominalgym-kudus-gym/versions/12043d67ec15c69a {"status":"FINALIZED","config":{"rewrites":[{"glob":"**","path":"/index.html"}]}}
[debug] [2026-06-23T12:45:19.644Z] <<< [apiv2][status] PATCH https://firebasehosting.googleapis.com/v1beta1/projects/-/sites/abdominalgym-kudus-gym/versions/12043d67ec15c69a 200
[debug] [2026-06-23T12:45:19.644Z] <<< [apiv2][body] PATCH https://firebasehosting.googleapis.com/v1beta1/projects/-/sites/abdominalgym-kudus-gym/versions/12043d67ec15c69a {"name":"projects/776059583001/sites/abdominalgym-kudus-gym/versions/12043d67ec15c69a","status":"FINALIZED","config":{"rewrites":[{"glob":"**","path":"/index.html"}]},"labels":{"deployment-tool":"cli-firebase"},"createTime":"2026-06-23T12:45:18.269255Z","createUser":{"email":"birgitacleosa2410@gmail.com"},"finalizeTime":"2026-06-23T12:45:20.437872Z","finalizeUser":{"email":"birgitacleosa2410@gmail.com"}}
[debug] [2026-06-23T12:45:19.645Z] [hosting] finalized version for abdominalgym-kudus-gym:[object Object]
[info] +  hosting[abdominalgym-kudus-gym]: version finalized 
[info] i  hosting[abdominalgym-kudus-gym]: releasing new version... 
[debug] [2026-06-23T12:45:19.645Z] Checked if tokens are valid: true, expires at: 1782221961981
[debug] [2026-06-23T12:45:19.646Z] Checked if tokens are valid: true, expires at: 1782221961981
[debug] [2026-06-23T12:45:19.646Z] >>> [apiv2][query] POST https://firebasehosting.googleapis.com/v1beta1/projects/-/sites/abdominalgym-kudus-gym/channels/live/releases versionName=projects%2F776059583001%2Fsites%2Fabdominalgym-kudus-gym%2Fversions%2F12043d67ec15c69a
[debug] [2026-06-23T12:45:19.646Z] >>> [apiv2][body] POST https://firebasehosting.googleapis.com/v1beta1/projects/-/sites/abdominalgym-kudus-gym/channels/live/releases {}
[debug] [2026-06-23T12:45:20.762Z] <<< [apiv2][status] POST https://firebasehosting.googleapis.com/v1beta1/projects/-/sites/abdominalgym-kudus-gym/channels/live/releases 200
[debug] [2026-06-23T12:51:59.702Z] ----------------------------------------------------------------------
[debug] [2026-06-23T12:51:59.705Z] Command:       C:\Program Files\nodejs\node.exe C:\Users\OSA\AppData\Roaming\npm\node_modules\firebase-tools\lib\bin\firebase.js deploy --only hosting --debug
[debug] [2026-06-23T12:51:59.706Z] CLI Version:   15.22.1
[debug] [2026-06-23T12:51:59.706Z] Platform:      win32
[debug] [2026-06-23T12:51:59.706Z] Node Version:  v24.14.0
[debug] [2026-06-23T12:51:59.706Z] Detected Agent: unknown
[debug] [2026-06-23T12:51:59.706Z] Time:          Tue Jun 23 2026 19:51:59 GMT+0700 (Western Indonesia Time)
[debug] [2026-06-23T12:51:59.706Z] ----------------------------------------------------------------------
[debug] 
[debug] [2026-06-23T12:52:03.862Z] > command requires scopes: ["email","openid","https://www.googleapis.com/auth/cloudplatformprojects.readonly","https://www.googleapis.com/auth/firebase","https://www.googleapis.com/auth/cloud-platform"]
[debug] [2026-06-23T12:52:03.864Z] > authorizing via signed-in user (birgitacleosa2410@gmail.com)
[debug] [2026-06-23T12:52:03.864Z] [iam] checking project abdominalgym-ec32f for permissions ["firebase.projects.get","firebasehosting.sites.update"]
[debug] [2026-06-23T12:52:03.866Z] Checked if tokens are valid: true, expires at: 1782221961981
[debug] [2026-06-23T12:52:03.866Z] Checked if tokens are valid: true, expires at: 1782221961981
[debug] [2026-06-23T12:52:03.868Z] >>> [apiv2][query] POST https://cloudresourcemanager.googleapis.com/v1/projects/abdominalgym-ec32f:testIamPermissions [none]
[debug] [2026-06-23T12:52:03.868Z] >>> [apiv2][(partial)header] POST https://cloudresourcemanager.googleapis.com/v1/projects/abdominalgym-ec32f:testIamPermissions  x-goog-user-project=abdominalgym-ec32f
[debug] [2026-06-23T12:52:03.868Z] >>> [apiv2][body] POST https://cloudresourcemanager.googleapis.com/v1/projects/abdominalgym-ec32f:testIamPermissions {"permissions":["firebase.projects.get","firebasehosting.sites.update"]}
[debug] [2026-06-23T12:52:04.756Z] <<< [apiv2][status] POST https://cloudresourcemanager.googleapis.com/v1/projects/abdominalgym-ec32f:testIamPermissions 200
[debug] [2026-06-23T12:52:04.757Z] <<< [apiv2][body] POST https://cloudresourcemanager.googleapis.com/v1/projects/abdominalgym-ec32f:testIamPermissions {"permissions":["firebase.projects.get","firebasehosting.sites.update"]}
[debug] [2026-06-23T12:52:04.759Z] Checked if tokens are valid: true, expires at: 1782221961981
[debug] [2026-06-23T12:52:04.759Z] Checked if tokens are valid: true, expires at: 1782221961981
[debug] [2026-06-23T12:52:04.760Z] >>> [apiv2][query] GET https://firebase.googleapis.com/v1beta1/projects/abdominalgym-ec32f [none]
[debug] [2026-06-23T12:52:05.494Z] <<< [apiv2][status] GET https://firebase.googleapis.com/v1beta1/projects/abdominalgym-ec32f 200
[debug] [2026-06-23T12:52:05.495Z] <<< [apiv2][body] GET https://firebase.googleapis.com/v1beta1/projects/abdominalgym-ec32f {"projectId":"abdominalgym-ec32f","projectNumber":"776059583001","displayName":"abdominalgym","name":"projects/abdominalgym-ec32f","resources":{"hostingSite":"abdominalgym-ec32f"},"state":"ACTIVE","etag":"1_d6734deb-f7fc-488c-bba3-0671f06e31e3"}
[info] 
[info] === Deploying to 'abdominalgym-ec32f'...
[info] 
[info] i  deploying hosting 
[debug] [2026-06-23T12:52:05.505Z] Checked if tokens are valid: true, expires at: 1782221961981
[debug] [2026-06-23T12:52:05.506Z] Checked if tokens are valid: true, expires at: 1782221961981
[debug] [2026-06-23T12:52:05.506Z] >>> [apiv2][query] GET https://firebasehosting.googleapis.com/v1beta1/projects/abdominalgym-ec32f/sites/abdominalgym-kudus-gym [none]
[debug] [2026-06-23T12:52:06.609Z] <<< [apiv2][status] GET https://firebasehosting.googleapis.com/v1beta1/projects/abdominalgym-ec32f/sites/abdominalgym-kudus-gym 200
[debug] [2026-06-23T12:52:06.612Z] <<< [apiv2][body] GET https://firebasehosting.googleapis.com/v1beta1/projects/abdominalgym-ec32f/sites/abdominalgym-kudus-gym {"name":"projects/abdominalgym-ec32f/sites/abdominalgym-kudus-gym","defaultUrl":"https://abdominalgym-kudus-gym.web.app","type":"USER_SITE"}
[debug] [2026-06-23T12:52:06.615Z] Checked if tokens are valid: true, expires at: 1782221961981
[debug] [2026-06-23T12:52:06.615Z] Checked if tokens are valid: true, expires at: 1782221961981
[debug] [2026-06-23T12:52:06.616Z] >>> [apiv2][query] POST https://firebasehosting.googleapis.com/v1beta1/projects/-/sites/abdominalgym-kudus-gym/versions [none]
[debug] [2026-06-23T12:52:06.616Z] >>> [apiv2][body] POST https://firebasehosting.googleapis.com/v1beta1/projects/-/sites/abdominalgym-kudus-gym/versions {"status":"CREATED","labels":{"deployment-tool":"cli-firebase"}}
[debug] [2026-06-23T12:52:07.885Z] <<< [apiv2][status] POST https://firebasehosting.googleapis.com/v1beta1/projects/-/sites/abdominalgym-kudus-gym/versions 200
[debug] [2026-06-23T12:52:07.886Z] <<< [apiv2][body] POST https://firebasehosting.googleapis.com/v1beta1/projects/-/sites/abdominalgym-kudus-gym/versions {"name":"projects/776059583001/sites/abdominalgym-kudus-gym/versions/916f74190edcdd8e","status":"CREATED","config":{},"labels":{"deployment-tool":"cli-firebase"}}
[info] i  hosting[abdominalgym-kudus-gym]: beginning deploy... 
[info] i  hosting[abdominalgym-kudus-gym]: found 32 files in dist 
[debug] [2026-06-23T12:52:07.927Z] [hosting] uploading with 200 concurrency
[debug] [2026-06-23T12:52:07.994Z] Checked if tokens are valid: true, expires at: 1782221961981
[debug] [2026-06-23T12:52:07.994Z] Checked if tokens are valid: true, expires at: 1782221961981
[debug] [2026-06-23T12:52:07.996Z] [hosting] hash cache [ZGlzdA] stored for 32 files
[debug] [2026-06-23T12:52:07.996Z] [hosting][hash queue][FINAL] {"max":56,"min":1,"avg":3.34375,"active":0,"complete":32,"success":32,"errored":0,"retried":0,"total":32,"elapsed":64}
[debug] [2026-06-23T12:52:07.997Z] >>> [apiv2][query] POST https://firebasehosting.googleapis.com/v1beta1/projects/776059583001/sites/abdominalgym-kudus-gym/versions/916f74190edcdd8e:populateFiles [none]
[debug] [2026-06-23T12:52:07.997Z] >>> [apiv2][body] POST https://firebasehosting.googleapis.com/v1beta1/projects/776059583001/sites/abdominalgym-kudus-gym/versions/916f74190edcdd8e:populateFiles {"files":{"/qris.jpg":"631ea99257965aed43bd85914e120f9c5555d10abdfc6737df92882af809f42c","/logogym.png":"c85c19c20d90280b4475e44bd02e10280c1de4bc1c07c0867921d7a60569d397","/gym7.jpg":"42276209c0b88b4ae552be93d2a697fa81928d35d062ce26b33130209c1e1ff3","/gym6.jpg":"fcb810e97de55afb76eefa4cde7b03d09ac68a688c78f7f84dd49da977609e48","/gym5.jpg":"7067416c934cc31e25a462a6e57e34672bc93ca3f99b52ab116b6af738ae0b37","/gym4.jpg":"a30210f988be80c1ce0d06b77cc5876681b55504140e8264b71ff8ba23650ca6","/gym3.jpg":"cd823841744c5237a745c9ef4bb848f33b5acfe4538e8b586f75bd3303c87378","/gym2.jpg":"341c109aa895156b791bb8201cce1459ec7af82a87a8827104c5471846b98b07","/gym1.jpg":"6576d8e3165cb75b7e188dcab075e61c32016ab24c437d91b161a76b47cb0885","/gym.png":"5700d88a1fce790fe5fcbb5c390a23d7d03161ce8117e507472d4caf773ba14c","/gallery/lt3-5.jpg":"9475af5e39a5f5310b7c27336f849dd0a29802c52e7d1fa4ca467e3dc04a1769","/gallery/lt3-4.jpg":"5eaad130f6219787be437a0443caa1a69d0873455741f08608950f4b580b389d","/gallery/lt3-3.jpg":"ecc3c87513dcea536cdfc96a69710e25e0554f435d90da4d92ed842e93702a40","/gallery/lt3-2.jpg":"3411da01c4b5dcd8d9de3b4847a8f7c1faff3fac7226bd57ca64fd92f7226390","/gallery/lt3-1.jpg":"8851292990bca1067429631a38294fa4f77cba19b1b620811a90d7d8d69020eb","/gallery/lt2-9.jpg":"6affdc28c9ad14f56505c34b9e1d52481fd30a9062674b162ba748e1bfa6cbac","/gallery/lt2-8.jpg":"a05e499a6e05f130ec3a57578dcadb99afdb5cd827eb71a701539e553d0591eb","/gallery/lt2-7.jpg":"284a56e45c38a4b5a993231a454082668783703d121128d1e7dc44314f04f818","/gallery/lt2-6.jpg":"3995d0884196221bd0378ca3e230c1047b7ea1fe101b20af8e310ab5a1635db6","/gallery/lt2-5.jpg":"9d9f5273d5be74ecbf10dd7baacf972b3e7979bb55626b00552d141bec1dfb49","/gallery/lt2-4.jpg":"06781417b22f9c1a46be600625c39d5192f67709c479929f013338dcc42bc32c","/gallery/lt2-3.jpg":"98f96eca8a691ebb1da749e9ad88dcae4b387737b8520a3e2f733443ab962109","/gallery/lt2-2.jpg":"79d793e4d22a374810db05418b5135b1e4047959add669a7e2ef05bbd483c810","/gallery/lt2-1.jpg":"ec5f6992264357f3f447072228c0a1e8e93eae7701e7c80a2e2f80fd4e9308b9","/gallery/lt1-5.jpg":"d38a16bc5580d7df7887db6845a0c90aa78c60305977c3df93b3101601421bad","/gallery/lt1-4.jpg":"bac394ab350b24de85590acd9cf1fbac4faf771357b011905e11efdad0bd12df","/gallery/lt1-3.jpg":"4e0760e627ea2688ba45eef7069d55118092d553d1dff2e241b8d1f98d3286d7","/gallery/lt1-2.jpg":"b612ab29deea1a7a2209921a8f5188a77f996aa2088cdf89bfd0cd4b26d1f916","/gallery/lt1-1.jpg":"d5a5098a897f5e5ee6a3d98b20c4d2e82f762a3d8cca902ba5a52bc912ed611c","/assets/index-BaIFvRX-.css":"f614af7fc281e46f695299dfcae6aa5fe58fedbd9635288b39c7b0679321009e","/index.html":"0d99180d0b4d38e15b7ffe555bd55c1cf468a9053bfbf37954270fe35c4a6497","/assets/index-DkJof3id.js":"14886564b7ee46cb5c916855f5e37177c346f06d62fe925d61e25593e4df2d83"}}
[debug] [2026-06-23T12:52:08.766Z] <<< [apiv2][status] POST https://firebasehosting.googleapis.com/v1beta1/projects/776059583001/sites/abdominalgym-kudus-gym/versions/916f74190edcdd8e:populateFiles 200
[debug] [2026-06-23T12:52:08.767Z] <<< [apiv2][body] POST https://firebasehosting.googleapis.com/v1beta1/projects/776059583001/sites/abdominalgym-kudus-gym/versions/916f74190edcdd8e:populateFiles {"uploadUrl":"https://upload-firebasehosting.googleapis.com/upload/sites/abdominalgym-kudus-gym/versions/916f74190edcdd8e/files"}
[debug] [2026-06-23T12:52:08.768Z] [hosting][populate queue][FINAL] {"max":775,"min":775,"avg":775,"active":0,"complete":1,"success":1,"errored":0,"retried":0,"total":1,"elapsed":775}
[debug] [2026-06-23T12:52:08.769Z] [hosting] uploads queued: 0
[debug] [2026-06-23T12:52:08.770Z] [hosting][upload queue][FINAL] {"max":0,"min":9999999999,"avg":0,"active":0,"complete":0,"success":0,"errored":0,"retried":0,"total":0,"elapsed":1782219128770}
[info] i  hosting: upload complete 
[info] +  hosting[abdominalgym-kudus-gym]: file upload complete 
[debug] [2026-06-23T12:52:08.771Z] [hosting] deploy completed after 879ms
[debug] [2026-06-23T12:52:08.772Z] [
  {
    "config": {
      "target": "main",
      "public": "dist",
      "ignore": [
        "firebase.json",
        "**/.*",
        "**/node_modules/**"
      ],
      "rewrites": [
        {
          "source": "**",
          "destination": "/index.html"
        }
      ],
      "site": "abdominalgym-kudus-gym"
    },
    "version": "projects/776059583001/sites/abdominalgym-kudus-gym/versions/916f74190edcdd8e"
  }
]
[info] i  hosting[abdominalgym-kudus-gym]: finalizing version... 
[debug] [2026-06-23T12:52:08.777Z] Checked if tokens are valid: true, expires at: 1782221961981
[debug] [2026-06-23T12:52:08.777Z] Checked if tokens are valid: true, expires at: 1782221961981
[debug] [2026-06-23T12:52:08.778Z] >>> [apiv2][query] PATCH https://firebasehosting.googleapis.com/v1beta1/projects/-/sites/abdominalgym-kudus-gym/versions/916f74190edcdd8e updateMask=status%2Cconfig
[debug] [2026-06-23T12:52:08.780Z] >>> [apiv2][body] PATCH https://firebasehosting.googleapis.com/v1beta1/projects/-/sites/abdominalgym-kudus-gym/versions/916f74190edcdd8e {"status":"FINALIZED","config":{"rewrites":[{"glob":"**","path":"/index.html"}]}}
[debug] [2026-06-23T12:52:09.612Z] <<< [apiv2][status] PATCH https://firebasehosting.googleapis.com/v1beta1/projects/-/sites/abdominalgym-kudus-gym/versions/916f74190edcdd8e 200
[debug] [2026-06-23T12:52:09.612Z] <<< [apiv2][body] PATCH https://firebasehosting.googleapis.com/v1beta1/projects/-/sites/abdominalgym-kudus-gym/versions/916f74190edcdd8e {"name":"projects/776059583001/sites/abdominalgym-kudus-gym/versions/916f74190edcdd8e","status":"FINALIZED","config":{"rewrites":[{"glob":"**","path":"/index.html"}]},"labels":{"deployment-tool":"cli-firebase"},"createTime":"2026-06-23T12:52:08.220276Z","createUser":{"email":"birgitacleosa2410@gmail.com"},"finalizeTime":"2026-06-23T12:52:10.391719Z","finalizeUser":{"email":"birgitacleosa2410@gmail.com"}}
[debug] [2026-06-23T12:52:09.612Z] [hosting] finalized version for abdominalgym-kudus-gym:[object Object]
[info] +  hosting[abdominalgym-kudus-gym]: version finalized 
[info] i  hosting[abdominalgym-kudus-gym]: releasing new version... 
[debug] [2026-06-23T12:52:09.613Z] Checked if tokens are valid: true, expires at: 1782221961981
[debug] [2026-06-23T12:52:09.614Z] Checked if tokens are valid: true, expires at: 1782221961981
[debug] [2026-06-23T12:52:09.615Z] >>> [apiv2][query] POST https://firebasehosting.googleapis.com/v1beta1/projects/-/sites/abdominalgym-kudus-gym/channels/live/releases versionName=projects%2F776059583001%2Fsites%2Fabdominalgym-kudus-gym%2Fversions%2F916f74190edcdd8e
[debug] [2026-06-23T12:52:09.615Z] >>> [apiv2][body] POST https://firebasehosting.googleapis.com/v1beta1/projects/-/sites/abdominalgym-kudus-gym/channels/live/releases {}
[debug] [2026-06-23T12:52:10.506Z] <<< [apiv2][status] POST https://firebasehosting.googleapis.com/v1beta1/projects/-/sites/abdominalgym-kudus-gym/channels/live/releases 200
[debug] [2026-06-25T12:32:54.976Z] ----------------------------------------------------------------------
[debug] [2026-06-25T12:32:54.979Z] Command:       C:\Program Files\nodejs\node.exe C:\Users\OSA\AppData\Roaming\npm\node_modules\firebase-tools\lib\bin\firebase.js deploy --only hosting --debug
[debug] [2026-06-25T12:32:54.979Z] CLI Version:   15.22.1
[debug] [2026-06-25T12:32:54.979Z] Platform:      win32
[debug] [2026-06-25T12:32:54.979Z] Node Version:  v24.14.0
[debug] [2026-06-25T12:32:54.979Z] Detected Agent: unknown
[debug] [2026-06-25T12:32:54.980Z] Time:          Thu Jun 25 2026 19:32:54 GMT+0700 (Western Indonesia Time)
[debug] [2026-06-25T12:32:54.980Z] ----------------------------------------------------------------------
[debug] 
[debug] [2026-06-25T12:32:54.982Z] >>> [apiv2][query] GET https://firebase-public.firebaseio.com/cli.json [none]
[debug] [2026-06-25T12:33:01.033Z] > command requires scopes: ["email","openid","https://www.googleapis.com/auth/cloudplatformprojects.readonly","https://www.googleapis.com/auth/firebase","https://www.googleapis.com/auth/cloud-platform"]
[debug] [2026-06-25T12:33:01.035Z] > authorizing via signed-in user (birgitacleosa2410@gmail.com)
[debug] [2026-06-25T12:33:01.035Z] [iam] checking project abdominalgym-ec32f for permissions ["firebase.projects.get","firebasehosting.sites.update"]
[debug] [2026-06-25T12:33:01.037Z] Checked if tokens are valid: false, expires at: 1782221961981
[debug] [2026-06-25T12:33:01.038Z] Checked if tokens are valid: false, expires at: 1782221961981
[debug] [2026-06-25T12:33:01.038Z] > refreshing access token with scopes: []
[debug] [2026-06-25T12:33:01.040Z] >>> [apiv2][query] POST https://www.googleapis.com/oauth2/v3/token [none]
[debug] [2026-06-25T12:33:01.041Z] >>> [apiv2][body] POST https://www.googleapis.com/oauth2/v3/token [omitted]
[debug] [2026-06-25T12:33:05.223Z] <<< [apiv2][status] POST https://www.googleapis.com/oauth2/v3/token 200
[debug] [2026-06-25T12:33:05.224Z] <<< [apiv2][body] POST https://www.googleapis.com/oauth2/v3/token [omitted]
[debug] [2026-06-25T12:33:05.235Z] >>> [apiv2][query] POST https://cloudresourcemanager.googleapis.com/v1/projects/abdominalgym-ec32f:testIamPermissions [none]
[debug] [2026-06-25T12:33:05.236Z] >>> [apiv2][(partial)header] POST https://cloudresourcemanager.googleapis.com/v1/projects/abdominalgym-ec32f:testIamPermissions  x-goog-user-project=abdominalgym-ec32f
[debug] [2026-06-25T12:33:05.236Z] >>> [apiv2][body] POST https://cloudresourcemanager.googleapis.com/v1/projects/abdominalgym-ec32f:testIamPermissions {"permissions":["firebase.projects.get","firebasehosting.sites.update"]}
[debug] [2026-06-25T12:33:05.846Z] <<< [apiv2][status] GET https://firebase-public.firebaseio.com/cli.json 200
[debug] [2026-06-25T12:33:05.846Z] <<< [apiv2][body] GET https://firebase-public.firebaseio.com/cli.json {"cloudBuildErrorAfter":1594252800000,"cloudBuildWarnAfter":1590019200000,"defaultNode10After":1594252800000,"minVersion":"3.0.5","node8DeploysDisabledAfter":1613390400000,"node8RuntimeDisabledAfter":1615809600000,"node8WarnAfter":1600128000000}
[debug] [2026-06-25T12:33:18.262Z] <<< [apiv2][status] POST https://cloudresourcemanager.googleapis.com/v1/projects/abdominalgym-ec32f:testIamPermissions 200
[debug] [2026-06-25T12:33:18.263Z] <<< [apiv2][body] POST https://cloudresourcemanager.googleapis.com/v1/projects/abdominalgym-ec32f:testIamPermissions {"permissions":["firebase.projects.get","firebasehosting.sites.update"]}
[debug] [2026-06-25T12:33:18.264Z] Checked if tokens are valid: true, expires at: 1782394384224
[debug] [2026-06-25T12:33:18.265Z] Checked if tokens are valid: true, expires at: 1782394384224
[debug] [2026-06-25T12:33:18.266Z] >>> [apiv2][query] GET https://firebase.googleapis.com/v1beta1/projects/abdominalgym-ec32f [none]
[debug] [2026-06-25T12:33:20.118Z] <<< [apiv2][status] GET https://firebase.googleapis.com/v1beta1/projects/abdominalgym-ec32f 200
[debug] [2026-06-25T12:33:20.119Z] <<< [apiv2][body] GET https://firebase.googleapis.com/v1beta1/projects/abdominalgym-ec32f {"projectId":"abdominalgym-ec32f","projectNumber":"776059583001","displayName":"abdominalgym","name":"projects/abdominalgym-ec32f","resources":{"hostingSite":"abdominalgym-ec32f"},"state":"ACTIVE","etag":"1_d6734deb-f7fc-488c-bba3-0671f06e31e3"}
[info] 
[info] === Deploying to 'abdominalgym-ec32f'...
[info] 
[info] i  deploying hosting 
[debug] [2026-06-25T12:33:20.124Z] Checked if tokens are valid: true, expires at: 1782394384224
[debug] [2026-06-25T12:33:20.124Z] Checked if tokens are valid: true, expires at: 1782394384224
[debug] [2026-06-25T12:33:20.124Z] >>> [apiv2][query] GET https://firebasehosting.googleapis.com/v1beta1/projects/abdominalgym-ec32f/sites/abdominalgym-kudus-gym [none]
[debug] [2026-06-25T12:33:27.441Z] <<< [apiv2][status] GET https://firebasehosting.googleapis.com/v1beta1/projects/abdominalgym-ec32f/sites/abdominalgym-kudus-gym 200
[debug] [2026-06-25T12:33:27.444Z] <<< [apiv2][body] GET https://firebasehosting.googleapis.com/v1beta1/projects/abdominalgym-ec32f/sites/abdominalgym-kudus-gym {"name":"projects/abdominalgym-ec32f/sites/abdominalgym-kudus-gym","defaultUrl":"https://abdominalgym-kudus-gym.web.app","type":"USER_SITE"}
[debug] [2026-06-25T12:33:27.446Z] Checked if tokens are valid: true, expires at: 1782394384224
[debug] [2026-06-25T12:33:27.447Z] Checked if tokens are valid: true, expires at: 1782394384224
[debug] [2026-06-25T12:33:27.447Z] >>> [apiv2][query] POST https://firebasehosting.googleapis.com/v1beta1/projects/-/sites/abdominalgym-kudus-gym/versions [none]
[debug] [2026-06-25T12:33:27.447Z] >>> [apiv2][body] POST https://firebasehosting.googleapis.com/v1beta1/projects/-/sites/abdominalgym-kudus-gym/versions {"status":"CREATED","labels":{"deployment-tool":"cli-firebase"}}
[debug] [2026-06-25T12:33:28.863Z] <<< [apiv2][status] POST https://firebasehosting.googleapis.com/v1beta1/projects/-/sites/abdominalgym-kudus-gym/versions 200
[debug] [2026-06-25T12:33:28.884Z] <<< [apiv2][body] POST https://firebasehosting.googleapis.com/v1beta1/projects/-/sites/abdominalgym-kudus-gym/versions {"name":"projects/776059583001/sites/abdominalgym-kudus-gym/versions/25a717a571426cca","status":"CREATED","config":{},"labels":{"deployment-tool":"cli-firebase"}}
[info] i  hosting[abdominalgym-kudus-gym]: beginning deploy... 
[info] i  hosting[abdominalgym-kudus-gym]: found 32 files in dist 
[debug] [2026-06-25T12:33:28.907Z] [hosting] uploading with 200 concurrency
[debug] [2026-06-25T12:33:28.959Z] Checked if tokens are valid: true, expires at: 1782394384224
[debug] [2026-06-25T12:33:28.960Z] Checked if tokens are valid: true, expires at: 1782394384224
[debug] [2026-06-25T12:33:28.961Z] [hosting] hash cache [ZGlzdA] stored for 32 files
[debug] [2026-06-25T12:33:28.963Z] [hosting][hash queue][FINAL] {"max":43,"min":1,"avg":3.09375,"active":0,"complete":32,"success":32,"errored":0,"retried":0,"total":32,"elapsed":51}
[debug] [2026-06-25T12:33:28.963Z] >>> [apiv2][query] POST https://firebasehosting.googleapis.com/v1beta1/projects/776059583001/sites/abdominalgym-kudus-gym/versions/25a717a571426cca:populateFiles [none]
[debug] [2026-06-25T12:33:28.966Z] >>> [apiv2][body] POST https://firebasehosting.googleapis.com/v1beta1/projects/776059583001/sites/abdominalgym-kudus-gym/versions/25a717a571426cca:populateFiles {"files":{"/qris.jpg":"631ea99257965aed43bd85914e120f9c5555d10abdfc6737df92882af809f42c","/logogym.png":"c85c19c20d90280b4475e44bd02e10280c1de4bc1c07c0867921d7a60569d397","/gym7.jpg":"42276209c0b88b4ae552be93d2a697fa81928d35d062ce26b33130209c1e1ff3","/gym6.jpg":"fcb810e97de55afb76eefa4cde7b03d09ac68a688c78f7f84dd49da977609e48","/gym5.jpg":"7067416c934cc31e25a462a6e57e34672bc93ca3f99b52ab116b6af738ae0b37","/gym4.jpg":"a30210f988be80c1ce0d06b77cc5876681b55504140e8264b71ff8ba23650ca6","/gym3.jpg":"cd823841744c5237a745c9ef4bb848f33b5acfe4538e8b586f75bd3303c87378","/gym2.jpg":"341c109aa895156b791bb8201cce1459ec7af82a87a8827104c5471846b98b07","/gym1.jpg":"6576d8e3165cb75b7e188dcab075e61c32016ab24c437d91b161a76b47cb0885","/gym.png":"5700d88a1fce790fe5fcbb5c390a23d7d03161ce8117e507472d4caf773ba14c","/gallery/lt3-5.jpg":"9475af5e39a5f5310b7c27336f849dd0a29802c52e7d1fa4ca467e3dc04a1769","/gallery/lt3-4.jpg":"5eaad130f6219787be437a0443caa1a69d0873455741f08608950f4b580b389d","/gallery/lt3-3.jpg":"ecc3c87513dcea536cdfc96a69710e25e0554f435d90da4d92ed842e93702a40","/gallery/lt3-2.jpg":"3411da01c4b5dcd8d9de3b4847a8f7c1faff3fac7226bd57ca64fd92f7226390","/gallery/lt3-1.jpg":"8851292990bca1067429631a38294fa4f77cba19b1b620811a90d7d8d69020eb","/gallery/lt2-9.jpg":"6affdc28c9ad14f56505c34b9e1d52481fd30a9062674b162ba748e1bfa6cbac","/gallery/lt2-8.jpg":"a05e499a6e05f130ec3a57578dcadb99afdb5cd827eb71a701539e553d0591eb","/gallery/lt2-7.jpg":"284a56e45c38a4b5a993231a454082668783703d121128d1e7dc44314f04f818","/gallery/lt2-6.jpg":"3995d0884196221bd0378ca3e230c1047b7ea1fe101b20af8e310ab5a1635db6","/gallery/lt2-5.jpg":"9d9f5273d5be74ecbf10dd7baacf972b3e7979bb55626b00552d141bec1dfb49","/gallery/lt2-4.jpg":"06781417b22f9c1a46be600625c39d5192f67709c479929f013338dcc42bc32c","/gallery/lt2-3.jpg":"98f96eca8a691ebb1da749e9ad88dcae4b387737b8520a3e2f733443ab962109","/gallery/lt2-2.jpg":"79d793e4d22a374810db05418b5135b1e4047959add669a7e2ef05bbd483c810","/gallery/lt2-1.jpg":"ec5f6992264357f3f447072228c0a1e8e93eae7701e7c80a2e2f80fd4e9308b9","/gallery/lt1-5.jpg":"d38a16bc5580d7df7887db6845a0c90aa78c60305977c3df93b3101601421bad","/gallery/lt1-4.jpg":"bac394ab350b24de85590acd9cf1fbac4faf771357b011905e11efdad0bd12df","/gallery/lt1-3.jpg":"4e0760e627ea2688ba45eef7069d55118092d553d1dff2e241b8d1f98d3286d7","/gallery/lt1-2.jpg":"b612ab29deea1a7a2209921a8f5188a77f996aa2088cdf89bfd0cd4b26d1f916","/gallery/lt1-1.jpg":"d5a5098a897f5e5ee6a3d98b20c4d2e82f762a3d8cca902ba5a52bc912ed611c","/index.html":"5d891733d9c4ca68c10088e14177f72e8bbac6f6241f5fb2411e1be9c140492d","/assets/index-BaIFvRX-.css":"f614af7fc281e46f695299dfcae6aa5fe58fedbd9635288b39c7b0679321009e","/assets/index-BsAq27qW.js":"12f3738a689384f98d0c34c065bfe071b38d59540426bc837c97f90a86c22aab"}}
[debug] [2026-06-25T12:33:29.804Z] <<< [apiv2][status] POST https://firebasehosting.googleapis.com/v1beta1/projects/776059583001/sites/abdominalgym-kudus-gym/versions/25a717a571426cca:populateFiles 200
[debug] [2026-06-25T12:33:29.805Z] <<< [apiv2][body] POST https://firebasehosting.googleapis.com/v1beta1/projects/776059583001/sites/abdominalgym-kudus-gym/versions/25a717a571426cca:populateFiles {"uploadRequiredHashes":["5d891733d9c4ca68c10088e14177f72e8bbac6f6241f5fb2411e1be9c140492d","12f3738a689384f98d0c34c065bfe071b38d59540426bc837c97f90a86c22aab"],"uploadUrl":"https://upload-firebasehosting.googleapis.com/upload/sites/abdominalgym-kudus-gym/versions/25a717a571426cca/files"}
[debug] [2026-06-25T12:33:29.805Z] Checked if tokens are valid: true, expires at: 1782394384224
[debug] [2026-06-25T12:33:29.805Z] Checked if tokens are valid: true, expires at: 1782394384224
[debug] [2026-06-25T12:33:29.806Z] Checked if tokens are valid: true, expires at: 1782394384224
[debug] [2026-06-25T12:33:29.806Z] Checked if tokens are valid: true, expires at: 1782394384224
[debug] [2026-06-25T12:33:29.806Z] >>> [apiv2][query] POST https://upload-firebasehosting.googleapis.com/upload/sites/abdominalgym-kudus-gym/versions/25a717a571426cca/files/5d891733d9c4ca68c10088e14177f72e8bbac6f6241f5fb2411e1be9c140492d [none]
[debug] [2026-06-25T12:33:29.806Z] >>> [apiv2][body] POST https://upload-firebasehosting.googleapis.com/upload/sites/abdominalgym-kudus-gym/versions/25a717a571426cca/files/5d891733d9c4ca68c10088e14177f72e8bbac6f6241f5fb2411e1be9c140492d [stream]
[debug] [2026-06-25T12:33:29.807Z] >>> [apiv2][query] POST https://upload-firebasehosting.googleapis.com/upload/sites/abdominalgym-kudus-gym/versions/25a717a571426cca/files/12f3738a689384f98d0c34c065bfe071b38d59540426bc837c97f90a86c22aab [none]
[debug] [2026-06-25T12:33:29.808Z] >>> [apiv2][body] POST https://upload-firebasehosting.googleapis.com/upload/sites/abdominalgym-kudus-gym/versions/25a717a571426cca/files/12f3738a689384f98d0c34c065bfe071b38d59540426bc837c97f90a86c22aab [stream]
[debug] [2026-06-25T12:33:29.809Z] [hosting][populate queue][FINAL] {"max":847,"min":847,"avg":847,"active":0,"complete":1,"success":1,"errored":0,"retried":0,"total":1,"elapsed":850}
[debug] [2026-06-25T12:33:29.809Z] [hosting] uploads queued: 2
[info] i  hosting: uploading new files [0/2] (0%) 
[info] i  hosting: uploading new files [0/2] (0%) 
[info] i  hosting: uploading new files [0/2] (0%) 
[info] i  hosting: uploading new files [0/2] (0%) 
[info] i  hosting: uploading new files [0/2] (0%) 
[debug] [2026-06-25T12:33:40.406Z] <<< [apiv2][status] POST https://upload-firebasehosting.googleapis.com/upload/sites/abdominalgym-kudus-gym/versions/25a717a571426cca/files/5d891733d9c4ca68c10088e14177f72e8bbac6f6241f5fb2411e1be9c140492d 200
[debug] [2026-06-25T12:33:40.407Z] <<< [apiv2][body] POST https://upload-firebasehosting.googleapis.com/upload/sites/abdominalgym-kudus-gym/versions/25a717a571426cca/files/5d891733d9c4ca68c10088e14177f72e8bbac6f6241f5fb2411e1be9c140492d [stream]
[info] i  hosting: uploading new files [1/2] (50%) 
[info] i  hosting: uploading new files [1/2] (50%) 
[info] i  hosting: uploading new files [1/2] (50%) 
[info] i  hosting: uploading new files [1/2] (50%) 
[info] i  hosting: uploading new files [1/2] (50%) 
[info] i  hosting: uploading new files [1/2] (50%) 
[info] i  hosting: uploading new files [1/2] (50%) 
[info] i  hosting: uploading new files [1/2] (50%) 
[info] i  hosting: uploading new files [1/2] (50%) 
[info] i  hosting: uploading new files [1/2] (50%) 
[debug] [2026-06-25T12:34:00.244Z] [uploadQueue] Retrying task 12f3738a689384f98d0c34c065bfe071b38d59540426bc837c97f90a86c22aab
[debug] [2026-06-25T12:34:00.245Z] Checked if tokens are valid: true, expires at: 1782394384224
[debug] [2026-06-25T12:34:00.245Z] Checked if tokens are valid: true, expires at: 1782394384224
[debug] [2026-06-25T12:34:00.247Z] >>> [apiv2][query] POST https://upload-firebasehosting.googleapis.com/upload/sites/abdominalgym-kudus-gym/versions/25a717a571426cca/files/12f3738a689384f98d0c34c065bfe071b38d59540426bc837c97f90a86c22aab [none]
[debug] [2026-06-25T12:34:00.248Z] >>> [apiv2][body] POST https://upload-firebasehosting.googleapis.com/upload/sites/abdominalgym-kudus-gym/versions/25a717a571426cca/files/12f3738a689384f98d0c34c065bfe071b38d59540426bc837c97f90a86c22aab [stream]
[info] i  hosting: uploading new files [1/2] (50%) 
[info] i  hosting: uploading new files [1/2] (50%) 
[info] i  hosting: uploading new files [1/2] (50%) 
[info] i  hosting: uploading new files [1/2] (50%) 
[info] i  hosting: uploading new files [1/2] (50%) 
[debug] [2026-06-25T12:34:10.217Z] <<< [apiv2][status] POST https://upload-firebasehosting.googleapis.com/upload/sites/abdominalgym-kudus-gym/versions/25a717a571426cca/files/12f3738a689384f98d0c34c065bfe071b38d59540426bc837c97f90a86c22aab 200
[debug] [2026-06-25T12:34:10.218Z] <<< [apiv2][body] POST https://upload-firebasehosting.googleapis.com/upload/sites/abdominalgym-kudus-gym/versions/25a717a571426cca/files/12f3738a689384f98d0c34c065bfe071b38d59540426bc837c97f90a86c22aab [stream]
[debug] [2026-06-25T12:34:10.219Z] [hosting][upload queue][FINAL] {"max":10602,"min":9975,"avg":10288.5,"active":0,"complete":2,"success":2,"errored":0,"retried":1,"total":2,"elapsed":40414}
[info] i  hosting: upload complete 
[info] +  hosting[abdominalgym-kudus-gym]: file upload complete 
[debug] [2026-06-25T12:34:10.220Z] [hosting] deploy completed after 41334ms
[debug] [2026-06-25T12:34:10.220Z] [
  {
    "config": {
      "target": "main",
      "public": "dist",
      "ignore": [
        "firebase.json",
        "**/.*",
        "**/node_modules/**"
      ],
      "rewrites": [
        {
          "source": "**",
          "destination": "/index.html"
        }
      ],
      "site": "abdominalgym-kudus-gym"
    },
    "version": "projects/776059583001/sites/abdominalgym-kudus-gym/versions/25a717a571426cca"
  }
]
[info] i  hosting[abdominalgym-kudus-gym]: finalizing version... 
[debug] [2026-06-25T12:34:10.224Z] Checked if tokens are valid: true, expires at: 1782394384224
[debug] [2026-06-25T12:34:10.224Z] Checked if tokens are valid: true, expires at: 1782394384224
[debug] [2026-06-25T12:34:10.227Z] >>> [apiv2][query] PATCH https://firebasehosting.googleapis.com/v1beta1/projects/-/sites/abdominalgym-kudus-gym/versions/25a717a571426cca updateMask=status%2Cconfig
[debug] [2026-06-25T12:34:10.227Z] >>> [apiv2][body] PATCH https://firebasehosting.googleapis.com/v1beta1/projects/-/sites/abdominalgym-kudus-gym/versions/25a717a571426cca {"status":"FINALIZED","config":{"rewrites":[{"glob":"**","path":"/index.html"}]}}
[debug] [2026-06-25T12:34:11.483Z] <<< [apiv2][status] PATCH https://firebasehosting.googleapis.com/v1beta1/projects/-/sites/abdominalgym-kudus-gym/versions/25a717a571426cca 200
[debug] [2026-06-25T12:34:11.483Z] <<< [apiv2][body] PATCH https://firebasehosting.googleapis.com/v1beta1/projects/-/sites/abdominalgym-kudus-gym/versions/25a717a571426cca {"name":"projects/776059583001/sites/abdominalgym-kudus-gym/versions/25a717a571426cca","status":"FINALIZED","config":{"rewrites":[{"glob":"**","path":"/index.html"}]},"labels":{"deployment-tool":"cli-firebase"},"createTime":"2026-06-25T12:33:28.742343Z","createUser":{"email":"birgitacleosa2410@gmail.com"},"finalizeTime":"2026-06-25T12:34:12.140222Z","finalizeUser":{"email":"birgitacleosa2410@gmail.com"}}
[debug] [2026-06-25T12:34:11.484Z] [hosting] finalized version for abdominalgym-kudus-gym:[object Object]
[info] +  hosting[abdominalgym-kudus-gym]: version finalized 
[info] i  hosting[abdominalgym-kudus-gym]: releasing new version... 
[debug] [2026-06-25T12:34:11.486Z] Checked if tokens are valid: true, expires at: 1782394384224
[debug] [2026-06-25T12:34:11.486Z] Checked if tokens are valid: true, expires at: 1782394384224
[debug] [2026-06-25T12:34:11.487Z] >>> [apiv2][query] POST https://firebasehosting.googleapis.com/v1beta1/projects/-/sites/abdominalgym-kudus-gym/channels/live/releases versionName=projects%2F776059583001%2Fsites%2Fabdominalgym-kudus-gym%2Fversions%2F25a717a571426cca
[debug] [2026-06-25T12:34:11.487Z] >>> [apiv2][body] POST https://firebasehosting.googleapis.com/v1beta1/projects/-/sites/abdominalgym-kudus-gym/channels/live/releases {}
[debug] [2026-06-25T12:34:14.019Z] <<< [apiv2][status] POST https://firebasehosting.googleapis.com/v1beta1/projects/-/sites/abdominalgym-kudus-gym/channels/live/releases 200
